fma_id,fj_id,bp_id,name,system,method,vertices,faces,path,data_version
FMA45097,FJ1228,BP23488,Sesamoid bone of right foot,bone,name,73,80,internal_meshes/bone/FJ1228_BP23488_FMA45097_Sesamoid bone of right foot.obj,4.3
FMA45097,FJ1232,BP23488,Sesamoid bone of right foot,bone,name,104,158,internal_meshes/bone/FJ1232_BP23488_FMA45097_Sesamoid bone of right foot.obj,4.3
FMA23725,FJ1245,BP23964,Right trapezoid,bone,name,269,360,internal_meshes/bone/FJ1245_BP23964_FMA23725_Right trapezoid.obj,4.3
FMA59763,FJ1252,BP21475,Maxillary gingiva,organ,name,1115,1848,internal_meshes/organ/FJ1252_BP21475_FMA59763_Maxillary gingiva.obj,4.3
FMA59764,FJ1253,BP22022,Mandibular gingiva,organ,name,1029,1918,internal_meshes/organ/FJ1253_BP22022_FMA59764_Mandibular gingiva.obj,4.3
FMA55704,FJ1254,BP20238,Left first lower molar tooth,organ,name,885,1762,internal_meshes/organ/FJ1254_BP20238_FMA55704_Left first lower molar tooth.obj,4.3
FMA55693,FJ1255,BP23586,Left first lower premolar tooth,organ,name,592,1176,internal_meshes/organ/FJ1255_BP23586_FMA55693_Left first lower premolar tooth.obj,4.3
FMA55703,FJ1256,BP23842,Left second lower molar tooth,organ,name,823,1616,internal_meshes/organ/FJ1256_BP23842_FMA55703_Left second lower molar tooth.obj,4.3
FMA55692,FJ1257,BP23362,Left second lower premolar tooth,organ,name,566,1122,internal_meshes/organ/FJ1257_BP23362_FMA55692_Left second lower premolar tooth.obj,4.3
FMA57143,FJ1258,BP20208,Left lower central incisor tooth,organ,name,461,918,internal_meshes/organ/FJ1258_BP20208_FMA57143_Left lower central incisor tooth.obj,4.3
FMA57141,FJ1259,BP20093,Left lower lateral incisor tooth,organ,name,483,960,internal_meshes/organ/FJ1259_BP20093_FMA57141_Left lower lateral incisor tooth.obj,4.3
FMA55687,FJ1260,BP23457,Left lower canine tooth,organ,name,592,1180,internal_meshes/organ/FJ1260_BP23457_FMA55687_Left lower canine tooth.obj,4.3
FMA55699,FJ1261,BP20252,Left first upper molar tooth,organ,name,1084,2156,internal_meshes/organ/FJ1261_BP20252_FMA55699_Left first upper molar tooth.obj,4.3
FMA55690,FJ1262,BP23649,Left first upper premolar tooth,organ,name,818,1610,internal_meshes/organ/FJ1262_BP23649_FMA55690_Left first upper premolar tooth.obj,4.3
FMA55700,FJ1263,BP21638,Left second upper molar tooth,organ,name,949,1848,internal_meshes/organ/FJ1263_BP21638_FMA55700_Left second upper molar tooth.obj,4.3
FMA55691,FJ1264,BP23393,Left second upper premolar tooth,organ,name,748,1466,internal_meshes/organ/FJ1264_BP23393_FMA55691_Left second upper premolar tooth.obj,4.3
FMA55682,FJ1265,BP21643,Left upper central incisor tooth,organ,name,646,1288,internal_meshes/organ/FJ1265_BP21643_FMA55682_Left upper central incisor tooth.obj,4.3
FMA55683,FJ1266,BP20094,Left upper lateral incisor tooth,organ,name,691,1378,internal_meshes/organ/FJ1266_BP20094_FMA55683_Left upper lateral incisor tooth.obj,4.3
FMA55799,FJ1267,BP23596,Left upper canine tooth,organ,name,698,1392,internal_meshes/organ/FJ1267_BP23596_FMA55799_Left upper canine tooth.obj,4.3
FMA55705,FJ1268,BP20173,Right first lower molar tooth,organ,name,889,1762,internal_meshes/organ/FJ1268_BP20173_FMA55705_Right first lower molar tooth.obj,4.3
FMA55694,FJ1269,BP23752,Right first lower premolar tooth,organ,name,592,1180,internal_meshes/organ/FJ1269_BP23752_FMA55694_Right first lower premolar tooth.obj,4.3
FMA55706,FJ1270,BP23827,Right second lower molar tooth,organ,name,818,1620,internal_meshes/organ/FJ1270_BP23827_FMA55706_Right second lower molar tooth.obj,4.3
FMA55695,FJ1271,BP23728,Right second lower premolar tooth,organ,name,567,1124,internal_meshes/organ/FJ1271_BP23728_FMA55695_Right second lower premolar tooth.obj,4.3
FMA57142,FJ1272,BP20165,Right lower central incisor tooth,organ,name,463,920,internal_meshes/organ/FJ1272_BP20165_FMA57142_Right lower central incisor tooth.obj,4.3
FMA57140,FJ1273,BP23835,Right lower lateral incisor tooth,organ,name,486,958,internal_meshes/organ/FJ1273_BP23835_FMA57140_Right lower lateral incisor tooth.obj,4.3
FMA55686,FJ1274,BP23629,Right lower canine tooth,organ,name,591,1178,internal_meshes/organ/FJ1274_BP23629_FMA55686_Right lower canine tooth.obj,4.3
FMA55697,FJ1275,BP19601,Right second upper molar tooth,organ,name,961,1850,internal_meshes/organ/FJ1275_BP19601_FMA55697_Right second upper molar tooth.obj,4.3
FMA55698,FJ1276,BP20230,Right first upper molar tooth,organ,name,1099,2156,internal_meshes/organ/FJ1276_BP20230_FMA55698_Right first upper molar tooth.obj,4.3
FMA55689,FJ1277,BP23473,Right first upper premolar tooth,organ,name,816,1610,internal_meshes/organ/FJ1277_BP23473_FMA55689_Right first upper premolar tooth.obj,4.3
FMA55688,FJ1278,BP23721,Right second upper premolar tooth,organ,name,748,1466,internal_meshes/organ/FJ1278_BP23721_FMA55688_Right second upper premolar tooth.obj,4.3
FMA55681,FJ1279,BP22758,Right upper central incisor tooth,organ,name,647,1288,internal_meshes/organ/FJ1279_BP22758_FMA55681_Right upper central incisor tooth.obj,4.3
FMA55680,FJ1280,BP23883,Right upper lateral incisor tooth,organ,name,686,1368,internal_meshes/organ/FJ1280_BP23883_FMA55680_Right upper lateral incisor tooth.obj,4.3
FMA55798,FJ1281,BP23581,Right upper canine tooth,organ,name,698,1392,internal_meshes/organ/FJ1281_BP23581_FMA55798_Right upper canine tooth.obj,4.3
FMA58082,FJ1282,BP22809,Anterior chamber of left eyeball,organ,name,1535,3064,internal_meshes/organ/FJ1282_BP22809_FMA58082_Anterior chamber of left eyeball.obj,4.3
FMA52677,FJ1283,BP21112,Left anterior ethmoidal nerve,nerve,name,169,290,internal_meshes/nerve/FJ1283_BP21112_FMA52677_Left anterior ethmoidal nerve.obj,4.3
FMA49145,FJ1284,BP21339,Check ligament of left lateral rectus,ligament_tendon,name,1406,2774,internal_meshes/ligament_tendon/FJ1284_BP21339_FMA49145_Check ligament of left lateral rectus.obj,4.3
FMA58300,FJ1285,BP21432,Left choroid,organ,name,15355,28918,internal_meshes/organ/FJ1285_BP21432_FMA58300_Left choroid.obj,4.3
FMA58300,FJ1286,BP21432,Left choroid,organ,name,3865,6704,internal_meshes/organ/FJ1286_BP21432_FMA58300_Left choroid.obj,4.3
FMA58484,FJ1287,BP21878,Left corona ciliaris,organ,name,17414,17858,internal_meshes/organ/FJ1287_BP21878_FMA58484_Left corona ciliaris.obj,4.3
FMA53550,FJ1288,BP21701,Left ciliary ganglion,nerve,name,94,180,internal_meshes/nerve/FJ1288_BP21701_FMA53550_Left ciliary ganglion.obj,4.3
FMA58240,FJ1289,BP23245,Left cornea,organ,name,2824,4602,internal_meshes/organ/FJ1289_BP23245_FMA58240_Left cornea.obj,4.3
FMA52640,FJ1290,BP20367,Left frontal nerve,nerve,name,631,1258,internal_meshes/nerve/FJ1290_BP20367_FMA52640_Left frontal nerve.obj,4.3
FMA49073,FJ1291,BP22562,Left common tendinous ring,ligament_tendon,name,410,738,internal_meshes/ligament_tendon/FJ1291_BP22562_FMA49073_Left common tendinous ring.obj,4.3
FMA49148,FJ1292,BP21474,Check ligament of left medial rectus,ligament_tendon,name,1574,3090,internal_meshes/ligament_tendon/FJ1292_BP21474_FMA49148_Check ligament of left medial rectus.obj,4.3
FMA52577,FJ1293,BP20304,Inferior branch of left oculomotor nerve,nerve,name,1286,1654,internal_meshes/nerve/FJ1293_BP20304_FMA52577_Inferior branch of left oculomotor nerve.obj,4.3
FMA49051,FJ1294,BP23795,Left inferior oblique,muscle,name,1217,2360,internal_meshes/muscle/FJ1294_BP23795_FMA49051_Left inferior oblique.obj,4.3
FMA49047,FJ1295,BP23920,Left inferior rectus,muscle,name,1858,3560,internal_meshes/muscle/FJ1295_BP23920_FMA49047_Left inferior rectus.obj,4.3
FMA52699,FJ1296,BP22715,Left infratrochlear nerve,nerve,name,138,250,internal_meshes/nerve/FJ1296_BP22715_FMA52699_Left infratrochlear nerve.obj,4.3
FMA58237,FJ1297,BP21342,Left iris,organ,name,1716,3286,internal_meshes/organ/FJ1297_BP21342_FMA58237_Left iris.obj,4.3
FMA59583,FJ1298,BP23016,Left lacrimal canaliculus,organ,name,371,634,internal_meshes/organ/FJ1298_BP23016_FMA59583_Left lacrimal canaliculus.obj,4.3
FMA59103,FJ1299,BP23784,Left lacrimal gland,gland,name,903,1768,internal_meshes/gland/FJ1299_BP23784_FMA59103_Left lacrimal gland.obj,4.3
FMA52630,FJ1300,BP20380,Left lacrimal nerve,nerve,name,1014,1944,internal_meshes/nerve/FJ1300_BP20380_FMA52630_Left lacrimal nerve.obj,4.3
FMA59542,FJ1301,BP23073,Left lacrimal lake,organ,name,126,248,internal_meshes/organ/FJ1301_BP23073_FMA59542_Left lacrimal lake.obj,4.3
FMA59556,FJ1302,BP22866,Left nasolacrimal duct,organ,name,227,444,internal_meshes/organ/FJ1302_BP22866_FMA59556_Left nasolacrimal duct.obj,4.3
FMA49055,FJ1304,BP20317,Left lateral rectus,muscle,name,1745,3316,internal_meshes/muscle/FJ1304_BP20317_FMA49055_Left lateral rectus.obj,4.3
FMA58243,FJ1305,BP22355,Left lens,organ,name,805,1606,internal_meshes/organ/FJ1305_BP22355_FMA58243_Left lens.obj,4.3
FMA49049,FJ1306,BP20561,Left levator palpebrae superioris,muscle,name,2353,4360,internal_meshes/muscle/FJ1306_BP20561_FMA49049_Left levator palpebrae superioris.obj,4.3
FMA49057,FJ1308,BP20046,Left medial rectus,muscle,name,1353,2576,internal_meshes/muscle/FJ1308_BP20046_FMA49057_Left medial rectus.obj,4.3
FMA59546,FJ1309,BP23015,Left lacrimal sac,organ,name,193,382,internal_meshes/organ/FJ1309_BP23015_FMA59546_Left lacrimal sac.obj,4.3
FMA52670,FJ1310,BP20818,Left nasociliary nerve,nerve,name,503,834,internal_meshes/nerve/FJ1310_BP20818_FMA52670_Left nasociliary nerve.obj,4.3
FMA52674,FJ1311,BP21151,Communicating branch of left nasociliary nerve with left ciliary ganglion,nerve,name,164,230,internal_meshes/nerve/FJ1311_BP21151_FMA52674_Communicating branch of left nasociliary nerve with left ciliary ganglion.obj,4.3
FMA52716,FJ1315,BP21490,Left posterior ethmoidal nerve,nerve,name,151,222,internal_meshes/nerve/FJ1315_BP21490_FMA52716_Left posterior ethmoidal nerve.obj,4.3
FMA58608,FJ1316,BP21429,Optic part of left retina,muscle,name,11721,23410,internal_meshes/muscle/FJ1316_BP21429_FMA58608_Optic part of left retina.obj,4.3
FMA58272,FJ1317,BP23104,Left sclera,organ,name,20372,39504,internal_meshes/organ/FJ1317_BP23104_FMA58272_Left sclera.obj,4.3
FMA82735,FJ1318,BP22719,Left long ciliary nerve,nerve,name,202,294,internal_meshes/nerve/FJ1318_BP22719_FMA82735_Left long ciliary nerve.obj,4.3
FMA7041,FJ1319,BP21577,Short ciliary nerve,nerve,name,461,602,internal_meshes/nerve/FJ1319_BP21577_FMA7041_Short ciliary nerve.obj,4.3
FMA58840,FJ1320,BP22619,Suspensory ligament of left lens,ligament_tendon,name,6332,7256,internal_meshes/ligament_tendon/FJ1320_BP22619_FMA58840_Suspensory ligament of left lens.obj,4.3
FMA52575,FJ1321,BP20060,Superior branch of left oculomotor nerve,nerve,name,611,810,internal_meshes/nerve/FJ1321_BP20060_FMA52575_Superior branch of left oculomotor nerve.obj,4.3
FMA49053,FJ1322,BP20102,Left superior oblique,muscle,name,1881,3604,internal_meshes/muscle/FJ1322_BP20102_FMA49053_Left superior oblique.obj,4.3
FMA49045,FJ1323,BP20117,Left superior rectus,muscle,name,1527,2836,internal_meshes/muscle/FJ1323_BP20117_FMA49045_Left superior rectus.obj,4.3
FMA59092,FJ1324,BP23204,Tarsal plate of left upper eyelid,bone,name,748,1484,internal_meshes/bone/FJ1324_BP23204_FMA59092_Tarsal plate of left upper eyelid.obj,4.3
FMA52644,FJ1326,BP21030,Left supratrochlear nerve,nerve,name,1222,2358,internal_meshes/nerve/FJ1326_BP21030_FMA52644_Left supratrochlear nerve.obj,4.3
FMA59090,FJ1328,BP23078,Tarsal plate of left lower eyelid,bone,name,525,1034,internal_meshes/bone/FJ1328_BP23078_FMA59090_Tarsal plate of left lower eyelid.obj,4.3
FMA49068,FJ1329,BP23123,Trochlea of left superior oblique,muscle,name,231,422,internal_meshes/muscle/FJ1329_BP23123_FMA49068_Trochlea of left superior oblique.obj,4.3
FMA58829,FJ1331,BP21457,Left vitreous body,organ,name,2764,5448,internal_meshes/organ/FJ1331_BP21457_FMA58829_Left vitreous body.obj,4.3
FMA58081,FJ1332,BP22879,Anterior chamber of right eyeball,organ,name,1509,3014,internal_meshes/organ/FJ1332_BP22879_FMA58081_Anterior chamber of right eyeball.obj,4.3
FMA52676,FJ1333,BP23799,Right anterior ethmoidal nerve,nerve,name,154,236,internal_meshes/nerve/FJ1333_BP23799_FMA52676_Right anterior ethmoidal nerve.obj,4.3
FMA49144,FJ1334,BP20747,Check ligament of right lateral rectus,ligament_tendon,name,1445,2800,internal_meshes/ligament_tendon/FJ1334_BP20747_FMA49144_Check ligament of right lateral rectus.obj,4.3
FMA49147,FJ1335,BP24034,Check ligament of right medial rectus,ligament_tendon,name,1629,3112,internal_meshes/ligament_tendon/FJ1335_BP24034_FMA49147_Check ligament of right medial rectus.obj,4.3
FMA58299,FJ1336,BP21711,Right choroid,organ,name,3915,6714,internal_meshes/organ/FJ1336_BP21711_FMA58299_Right choroid.obj,4.3
FMA58299,FJ1337,BP21711,Right choroid,organ,name,15685,28872,internal_meshes/organ/FJ1337_BP21711_FMA58299_Right choroid.obj,4.3
FMA58483,FJ1338,BP21425,Right corona ciliaris,organ,name,20346,22692,internal_meshes/organ/FJ1338_BP21425_FMA58483_Right corona ciliaris.obj,4.3
FMA53549,FJ1339,BP21634,Right ciliary ganglion,nerve,name,125,246,internal_meshes/nerve/FJ1339_BP21634_FMA53549_Right ciliary ganglion.obj,4.3
FMA58239,FJ1340,BP23300,Right cornea,organ,name,3091,4606,internal_meshes/organ/FJ1340_BP23300_FMA58239_Right cornea.obj,4.3
FMA52639,FJ1341,BP20449,Right frontal nerve,nerve,name,631,1258,internal_meshes/nerve/FJ1341_BP20449_FMA52639_Right frontal nerve.obj,4.3
FMA49072,FJ1342,BP22934,Right common tendinous ring,ligament_tendon,name,422,740,internal_meshes/ligament_tendon/FJ1342_BP22934_FMA49072_Right common tendinous ring.obj,4.3
FMA54159,FJ1343,BP21501,Tendon of right levator palpebrae superioris,ligament_tendon,name,1787,2764,internal_meshes/ligament_tendon/FJ1343_BP21501_FMA54159_Tendon of right levator palpebrae superioris.obj,4.3
FMA52576,FJ1344,BP20231,Inferior branch of right oculomotor nerve,nerve,name,1182,1570,internal_meshes/nerve/FJ1344_BP20231_FMA52576_Inferior branch of right oculomotor nerve.obj,4.3
FMA49050,FJ1345,BP23882,Right inferior oblique,muscle,name,1241,2342,internal_meshes/muscle/FJ1345_BP23882_FMA49050_Right inferior oblique.obj,4.3
FMA49046,FJ1346,BP20293,Right inferior rectus,muscle,name,1851,3542,internal_meshes/muscle/FJ1346_BP20293_FMA49046_Right inferior rectus.obj,4.3
FMA52698,FJ1347,BP21130,Right infratrochlear nerve,nerve,name,166,250,internal_meshes/nerve/FJ1347_BP21130_FMA52698_Right infratrochlear nerve.obj,4.3
FMA58236,FJ1348,BP21327,Right iris,organ,name,1734,3248,internal_meshes/organ/FJ1348_BP21327_FMA58236_Right iris.obj,4.3
FMA59582,FJ1349,BP22981,Right lacrimal canaliculus,organ,name,336,526,internal_meshes/organ/FJ1349_BP22981_FMA59582_Right lacrimal canaliculus.obj,4.3
FMA59102,FJ1350,BP22884,Right lacrimal gland,gland,name,920,1812,internal_meshes/gland/FJ1350_BP22884_FMA59102_Right lacrimal gland.obj,4.3
FMA52629,FJ1351,BP20357,Right lacrimal nerve,nerve,name,1039,1958,internal_meshes/nerve/FJ1351_BP20357_FMA52629_Right lacrimal nerve.obj,4.3
FMA59541,FJ1352,BP22624,Right lacrimal lake,organ,name,126,248,internal_meshes/organ/FJ1352_BP22624_FMA59541_Right lacrimal lake.obj,4.3
FMA59555,FJ1353,BP23001,Right nasolacrimal duct,organ,name,227,444,internal_meshes/organ/FJ1353_BP23001_FMA59555_Right nasolacrimal duct.obj,4.3
FMA49054,FJ1355,BP23931,Right lateral rectus,muscle,name,1705,3276,internal_meshes/muscle/FJ1355_BP23931_FMA49054_Right lateral rectus.obj,4.3
FMA58242,FJ1356,BP22922,Right lens,organ,name,801,1598,internal_meshes/organ/FJ1356_BP22922_FMA58242_Right lens.obj,4.3
FMA49048,FJ1357,BP21297,Right levator palpebrae superioris,muscle,name,2451,4360,internal_meshes/muscle/FJ1357_BP21297_FMA49048_Right levator palpebrae superioris.obj,4.3
FMA49056,FJ1359,BP23871,Right medial rectus,muscle,name,1357,2548,internal_meshes/muscle/FJ1359_BP23871_FMA49056_Right medial rectus.obj,4.3
FMA59545,FJ1360,BP22832,Right lacrimal sac,organ,name,194,384,internal_meshes/organ/FJ1360_BP22832_FMA59545_Right lacrimal sac.obj,4.3
FMA52669,FJ1361,BP21045,Right nasociliary nerve,nerve,name,507,786,internal_meshes/nerve/FJ1361_BP21045_FMA52669_Right nasociliary nerve.obj,4.3
FMA52673,FJ1362,BP21146,Communicating branch of right nasociliary nerve with right ciliary ganglion,nerve,name,181,240,internal_meshes/nerve/FJ1362_BP21146_FMA52673_Communicating branch of right nasociliary nerve with right ciliary ganglion.obj,4.3
FMA52622,FJ1363,BP20226,Right ophthalmic nerve,nerve,name,890,1776,internal_meshes/nerve/FJ1363_BP20226_FMA52622_Right ophthalmic nerve.obj,4.3
FMA52715,FJ1366,BP21144,Right posterior ethmoidal nerve,nerve,name,142,200,internal_meshes/nerve/FJ1366_BP21144_FMA52715_Right posterior ethmoidal nerve.obj,4.3
FMA58607,FJ1367,BP21424,Optic part of right retina,muscle,name,11737,23394,internal_meshes/muscle/FJ1367_BP21424_FMA58607_Optic part of right retina.obj,4.3
FMA58271,FJ1368,BP23243,Right sclera,organ,name,20582,39524,internal_meshes/organ/FJ1368_BP23243_FMA58271_Right sclera.obj,4.3
FMA82734,FJ1369,BP22010,Right long ciliary nerve,nerve,name,211,332,internal_meshes/nerve/FJ1369_BP22010_FMA82734_Right long ciliary nerve.obj,4.3
FMA7041,FJ1370,BP21577,Short ciliary nerve,nerve,name,476,638,internal_meshes/nerve/FJ1370_BP21577_FMA7041_Short ciliary nerve.obj,4.3
FMA58839,FJ1371,BP23995,Suspensory ligament of right lens,ligament_tendon,name,7285,7376,internal_meshes/ligament_tendon/FJ1371_BP23995_FMA58839_Suspensory ligament of right lens.obj,4.3
FMA52574,FJ1372,BP20049,Superior branch of right oculomotor nerve,nerve,name,593,848,internal_meshes/nerve/FJ1372_BP20049_FMA52574_Superior branch of right oculomotor nerve.obj,4.3
FMA49052,FJ1373,BP21785,Right superior oblique,muscle,name,1870,3546,internal_meshes/muscle/FJ1373_BP21785_FMA49052_Right superior oblique.obj,4.3
FMA49044,FJ1374,BP21762,Right superior rectus,muscle,name,1532,2812,internal_meshes/muscle/FJ1374_BP21762_FMA49044_Right superior rectus.obj,4.3
FMA59091,FJ1375,BP23231,Tarsal plate of right upper eyelid,bone,name,745,1474,internal_meshes/bone/FJ1375_BP23231_FMA59091_Tarsal plate of right upper eyelid.obj,4.3
FMA52656,FJ1376,BP22693,Right supra-orbital nerve,nerve,name,1332,2598,internal_meshes/nerve/FJ1376_BP22693_FMA52656_Right supra-orbital nerve.obj,4.3
FMA52643,FJ1377,BP22708,Right supratrochlear nerve,nerve,name,1225,2358,internal_meshes/nerve/FJ1377_BP22708_FMA52643_Right supratrochlear nerve.obj,4.3
FMA59089,FJ1379,BP23893,Tarsal plate of right lower eyelid,bone,name,523,1026,internal_meshes/bone/FJ1379_BP23893_FMA59089_Tarsal plate of right lower eyelid.obj,4.3
FMA49067,FJ1380,BP23171,Trochlea of right superior oblique,muscle,name,227,398,internal_meshes/muscle/FJ1380_BP23171_FMA49067_Trochlea of right superior oblique.obj,4.3
FMA50881,FJ1381,BP23210,Right trochlear nerve,nerve,name,1405,2758,internal_meshes/nerve/FJ1381_BP23210_FMA50881_Right trochlear nerve.obj,4.3
FMA58828,FJ1382,BP23293,Right vitreous body,organ,name,2775,5436,internal_meshes/organ/FJ1382_BP23293_FMA58828_Right vitreous body.obj,4.3
FMA37718,FJ1383M,BP21117,First lumbrical of left foot,muscle,name,838,646,internal_meshes/muscle/FJ1383M_BP21117_FMA37718_First lumbrical of left foot.obj,4.3
FMA37717,FJ1383,BP21072,First lumbrical of right foot,muscle,name,838,646,internal_meshes/muscle/FJ1383_BP21072_FMA37717_First lumbrical of right foot.obj,4.3
FMA37746,FJ1384M,BP21566,First plantar interosseous of left foot,muscle,name,561,674,internal_meshes/muscle/FJ1384M_BP21566_FMA37746_First plantar interosseous of left foot.obj,4.3
FMA37745,FJ1384,BP21160,First plantar interosseous of right foot,muscle,name,563,674,internal_meshes/muscle/FJ1384_BP21160_FMA37745_First plantar interosseous of right foot.obj,4.3
FMA37720,FJ1385M,BP22721,Second lumbrical of left foot,muscle,name,266,266,internal_meshes/muscle/FJ1385M_BP22721_FMA37720_Second lumbrical of left foot.obj,4.3
FMA37719,FJ1385,BP21063,Second lumbrical of right foot,muscle,name,266,266,internal_meshes/muscle/FJ1385_BP21063_FMA37719_Second lumbrical of right foot.obj,4.3
FMA37744,FJ1386M,BP21170,Second plantar interosseous of left foot,muscle,name,522,632,internal_meshes/muscle/FJ1386M_BP21170_FMA37744_Second plantar interosseous of left foot.obj,4.3
FMA37743,FJ1386,BP21154,Second plantar interosseous of right foot,muscle,name,522,632,internal_meshes/muscle/FJ1386_BP21154_FMA37743_Second plantar interosseous of right foot.obj,4.3
FMA37486,FJ1387M,BP21085,Third lumbrical of left foot,muscle,name,512,368,internal_meshes/muscle/FJ1387M_BP21085_FMA37486_Third lumbrical of left foot.obj,4.3
FMA37485,FJ1387,BP21115,Third lumbrical of right foot,muscle,name,508,368,internal_meshes/muscle/FJ1387_BP21115_FMA37485_Third lumbrical of right foot.obj,4.3
FMA37742,FJ1388M,BP21175,Third plantar interosseous of left foot,muscle,name,905,772,internal_meshes/muscle/FJ1388M_BP21175_FMA37742_Third plantar interosseous of left foot.obj,4.3
FMA37741,FJ1388,BP22728,Third plantar interosseous of right foot,muscle,name,908,772,internal_meshes/muscle/FJ1388_BP22728_FMA37741_Third plantar interosseous of right foot.obj,4.3
FMA37484,FJ1389M,BP21095,Fourth lumbrical of left foot,muscle,name,410,328,internal_meshes/muscle/FJ1389M_BP21095_FMA37484_Fourth lumbrical of left foot.obj,4.3
FMA37483,FJ1389,BP21133,Fourth lumbrical of right foot,muscle,name,410,328,internal_meshes/muscle/FJ1389_BP21133_FMA37483_Fourth lumbrical of right foot.obj,4.3
FMA37464,FJ1390M,BP20950,Abductor digiti minimi of left foot,muscle,name,1492,1276,internal_meshes/muscle/FJ1390M_BP20950_FMA37464_Abductor digiti minimi of left foot.obj,4.3
FMA37463,FJ1390,BP21078,Abductor digiti minimi of right foot,muscle,name,1492,1276,internal_meshes/muscle/FJ1390_BP21078_FMA37463_Abductor digiti minimi of right foot.obj,4.3
FMA37472,FJ1391M,BP20951,Flexor digiti minimi brevis of left foot,muscle,name,821,786,internal_meshes/muscle/FJ1391M_BP20951_FMA37472_Flexor digiti minimi brevis of left foot.obj,4.3
FMA37471,FJ1391,BP20926,Flexor digiti minimi brevis of right foot,muscle,name,820,786,internal_meshes/muscle/FJ1391_BP20926_FMA37471_Flexor digiti minimi brevis of right foot.obj,4.3
FMA35193,FJ1392M,BP23277,Interosseous membrane of left leg,ligament_tendon,name,4157,5640,internal_meshes/ligament_tendon/FJ1392M_BP23277_FMA35193_Interosseous membrane of left leg.obj,4.3
FMA35192,FJ1392,BP23237,Interosseous membrane of right leg,ligament_tendon,name,4157,5640,internal_meshes/ligament_tendon/FJ1392_BP23237_FMA35192_Interosseous membrane of right leg.obj,4.3
FMA45974,FJ1393M,BP23509,Lateral head of left flexor hallucis brevis,muscle,name,2213,1742,internal_meshes/muscle/FJ1393M_BP23509_FMA45974_Lateral head of left flexor hallucis brevis.obj,4.3
FMA45973,FJ1393,BP23736,Lateral head of right flexor hallucis brevis,muscle,name,2213,1742,internal_meshes/muscle/FJ1393_BP23736_FMA45973_Lateral head of right flexor hallucis brevis.obj,4.3
FMA45961,FJ1394M,BP21841,Lateral head of left gastrocnemius,muscle,name,1746,3052,internal_meshes/muscle/FJ1394M_BP21841_FMA45961_Lateral head of left gastrocnemius.obj,4.3
FMA45960,FJ1394,BP23402,Lateral head of right gastrocnemius,muscle,name,1748,3052,internal_meshes/muscle/FJ1394_BP23402_FMA45960_Lateral head of right gastrocnemius.obj,4.3
FMA45889,FJ1395M,BP23514,Long head of left biceps femoris,muscle,name,2837,5110,internal_meshes/muscle/FJ1395M_BP23514_FMA45889_Long head of left biceps femoris.obj,4.3
FMA45888,FJ1395,BP23571,Long head of right biceps femoris,muscle,name,2838,5110,internal_meshes/muscle/FJ1395_BP23571_FMA45888_Long head of right biceps femoris.obj,4.3
FMA45972,FJ1396M,BP23668,Medial head of left flexor hallucis brevis,muscle,name,1201,992,internal_meshes/muscle/FJ1396M_BP23668_FMA45972_Medial head of left flexor hallucis brevis.obj,4.3
FMA45971,FJ1396,BP23439,Medial head of right flexor hallucis brevis,muscle,name,1199,992,internal_meshes/muscle/FJ1396_BP23439_FMA45971_Medial head of right flexor hallucis brevis.obj,4.3
FMA45958,FJ1397M,BP23665,Medial head of left gastrocnemius,muscle,name,2264,3842,internal_meshes/muscle/FJ1397M_BP23665_FMA45958_Medial head of left gastrocnemius.obj,4.3
FMA45957,FJ1397,BP23593,Medial head of right gastrocnemius,muscle,name,2263,3842,internal_meshes/muscle/FJ1397_BP23593_FMA45957_Medial head of right gastrocnemius.obj,4.3
FMA46019,FJ1398M,BP23553,Oblique head of left adductor hallucis,muscle,name,1168,1054,internal_meshes/muscle/FJ1398M_BP23553_FMA46019_Oblique head of left adductor hallucis.obj,4.3
FMA46018,FJ1398,BP23609,Oblique head of right adductor hallucis,muscle,name,1168,1054,internal_meshes/muscle/FJ1398_BP23609_FMA46018_Oblique head of right adductor hallucis.obj,4.3
FMA86035,FJ1399M,BP21010,Opponens digiti minimi of left foot,muscle,name,267,200,internal_meshes/muscle/FJ1399M_BP21010_FMA86035_Opponens digiti minimi of left foot.obj,4.3
FMA86034,FJ1399,BP20811,Opponens digiti minimi of right foot,muscle,name,267,200,internal_meshes/muscle/FJ1399_BP20811_FMA86034_Opponens digiti minimi of right foot.obj,4.3
FMA37460,FJ1400M,BP22702,Left abductor hallucis,muscle,name,972,1068,internal_meshes/muscle/FJ1400M_BP22702_FMA37460_Left abductor hallucis.obj,4.3
FMA37459,FJ1400,BP20985,Right abductor hallucis,muscle,name,974,1068,internal_meshes/muscle/FJ1400_BP20985_FMA37459_Right abductor hallucis.obj,4.3
FMA22454,FJ1401M,BP20483,Left adductor brevis,muscle,name,1089,1464,internal_meshes/muscle/FJ1401M_BP20483_FMA22454_Left adductor brevis.obj,4.3
FMA22452,FJ1401,BP20360,Right adductor brevis,muscle,name,1091,1464,internal_meshes/muscle/FJ1401_BP20360_FMA22452_Right adductor brevis.obj,4.3
FMA22457,FJ1402M,BP22532,Left adductor longus,muscle,name,1536,2616,internal_meshes/muscle/FJ1402M_BP22532_FMA22457_Left adductor longus.obj,4.3
FMA22456,FJ1402,BP20455,Right adductor longus,muscle,name,1536,2616,internal_meshes/muscle/FJ1402_BP20455_FMA22456_Right adductor longus.obj,4.3
FMA22460,FJ1403M,BP22460,Left adductor magnus,muscle,name,4562,5972,internal_meshes/muscle/FJ1403M_BP22460_FMA22460_Left adductor magnus.obj,4.3
FMA22459,FJ1403,BP20442,Right adductor magnus,muscle,name,4560,5972,internal_meshes/muscle/FJ1403_BP20442_FMA22459_Right adductor magnus.obj,4.3
FMA43887,FJ1404M,BP20450,Left adductor minimus,muscle,name,1597,1958,internal_meshes/muscle/FJ1404M_BP20450_FMA43887_Left adductor minimus.obj,4.3
FMA43886,FJ1404,BP22513,Right adductor minimus,muscle,name,1600,1958,internal_meshes/muscle/FJ1404_BP22513_FMA43886_Right adductor minimus.obj,4.3
FMA264844,FJ1405M,BP23161,Left calcaneal tendon,ligament_tendon,name,3661,3882,internal_meshes/ligament_tendon/FJ1405M_BP23161_FMA264844_Left calcaneal tendon.obj,4.3
FMA258847,FJ1405,BP23114,Right calcaneal tendon,ligament_tendon,name,3663,3882,internal_meshes/ligament_tendon/FJ1405_BP23114_FMA258847_Right calcaneal tendon.obj,4.3
FMA22549,FJ1406M,BP21703,Left extensor digitorum longus,muscle,name,3965,4546,internal_meshes/muscle/FJ1406M_BP21703_FMA22549_Left extensor digitorum longus.obj,4.3
FMA22548,FJ1406,BP22264,Right extensor digitorum longus,muscle,name,3964,4546,internal_meshes/muscle/FJ1406_BP22264_FMA22548_Right extensor digitorum longus.obj,4.3
FMA51145,FJ1407M,BP21977,Left extensor hallucis brevis,muscle,name,1257,1230,internal_meshes/muscle/FJ1407M_BP21977_FMA51145_Left extensor hallucis brevis.obj,4.3
FMA51144,FJ1407,BP20931,Right extensor hallucis brevis,muscle,name,1257,1230,internal_meshes/muscle/FJ1407_BP20931_FMA51144_Right extensor hallucis brevis.obj,4.3
FMA22547,FJ1408M,BP22411,Left extensor hallucis longus,muscle,name,1384,1668,internal_meshes/muscle/FJ1408M_BP22411_FMA22547_Left extensor hallucis longus.obj,4.3
FMA22546,FJ1408,BP20374,Right extensor hallucis longus,muscle,name,1388,1668,internal_meshes/muscle/FJ1408_BP20374_FMA22546_Right extensor hallucis longus.obj,4.3
FMA22555,FJ1409M,BP20493,Left fibularis brevis,muscle,name,1605,1766,internal_meshes/muscle/FJ1409M_BP20493_FMA22555_Left fibularis brevis.obj,4.3
FMA22554,FJ1409,BP20513,Right fibularis brevis,muscle,name,1605,1766,internal_meshes/muscle/FJ1409_BP20513_FMA22554_Right fibularis brevis.obj,4.3
FMA22553,FJ1410M,BP22506,Left fibularis longus,muscle,name,2947,3860,internal_meshes/muscle/FJ1410M_BP22506_FMA22553_Left fibularis longus.obj,4.3
FMA22552,FJ1410,BP21307,Right fibularis longus,muscle,name,2946,3860,internal_meshes/muscle/FJ1410_BP21307_FMA22552_Right fibularis longus.obj,4.3
FMA22551,FJ1411M,BP19733,Left fibularis tertius,muscle,name,1486,1416,internal_meshes/muscle/FJ1411M_BP19733_FMA22551_Left fibularis tertius.obj,4.3
FMA22550,FJ1411,BP20546,Right fibularis tertius,muscle,name,1488,1416,internal_meshes/muscle/FJ1411_BP20546_FMA22550_Right fibularis tertius.obj,4.3
FMA37466,FJ1412M,BP20525,Left flexor accessorius,muscle,name,718,842,internal_meshes/muscle/FJ1412M_BP20525_FMA37466_Left flexor accessorius.obj,4.3
FMA37465,FJ1412,BP21535,Right flexor accessorius,muscle,name,718,842,internal_meshes/muscle/FJ1412_BP21535_FMA37465_Right flexor accessorius.obj,4.3
FMA37462,FJ1413M,BP21002,Left flexor digitorum brevis,muscle,name,2479,2436,internal_meshes/muscle/FJ1413M_BP21002_FMA37462_Left flexor digitorum brevis.obj,4.3
FMA37461,FJ1413,BP20833,Right flexor digitorum brevis,muscle,name,2468,2436,internal_meshes/muscle/FJ1413_BP20833_FMA37461_Right flexor digitorum brevis.obj,4.3
FMA65017,FJ1414M,BP20886,Left flexor digitorum longus,muscle,name,3039,4004,internal_meshes/muscle/FJ1414M_BP20886_FMA65017_Left flexor digitorum longus.obj,4.3
FMA65016,FJ1414,BP20907,Right flexor digitorum longus,muscle,name,3037,4004,internal_meshes/muscle/FJ1414_BP20907_FMA65016_Right flexor digitorum longus.obj,4.3
FMA65015,FJ1415M,BP20821,Left flexor hallucis longus,muscle,name,1847,2758,internal_meshes/muscle/FJ1415M_BP20821_FMA65015_Left flexor hallucis longus.obj,4.3
FMA65014,FJ1415,BP20765,Right flexor hallucis longus,muscle,name,1847,2758,internal_meshes/muscle/FJ1415_BP20765_FMA65014_Right flexor hallucis longus.obj,4.3
FMA22337,FJ1416M,BP20398,Left gemellus inferior,muscle,name,503,642,internal_meshes/muscle/FJ1416M_BP20398_FMA22337_Left gemellus inferior.obj,4.3
FMA22336,FJ1416,BP22245,Right gemellus inferior,muscle,name,503,642,internal_meshes/muscle/FJ1416_BP22245_FMA22336_Right gemellus inferior.obj,4.3
FMA22335,FJ1417M,BP22517,Left gemellus superior,muscle,name,527,402,internal_meshes/muscle/FJ1417M_BP22517_FMA22335_Left gemellus superior.obj,4.3
FMA22334,FJ1417,BP20342,Right gemellus superior,muscle,name,525,402,internal_meshes/muscle/FJ1417_BP20342_FMA22334_Right gemellus superior.obj,4.3
FMA22329,FJ1418M,BP23939,Left gluteus maximus,muscle,name,2053,2376,internal_meshes/muscle/FJ1418M_BP23939_FMA22329_Left gluteus maximus.obj,4.3
FMA22328,FJ1418,BP23934,Right gluteus maximus,muscle,name,2053,2376,internal_meshes/muscle/FJ1418_BP23934_FMA22328_Right gluteus maximus.obj,4.3
FMA22331,FJ1419M,BP20696,Left gluteus medius,muscle,name,2308,3356,internal_meshes/muscle/FJ1419M_BP20696_FMA22331_Left gluteus medius.obj,4.3
FMA22330,FJ1419,BP20250,Right gluteus medius,muscle,name,2312,3356,internal_meshes/muscle/FJ1419_BP20250_FMA22330_Right gluteus medius.obj,4.3
FMA22333,FJ1420M,BP20244,Left gluteus minimus,muscle,name,3066,4208,internal_meshes/muscle/FJ1420M_BP20244_FMA22333_Left gluteus minimus.obj,4.3
FMA22332,FJ1420,BP22923,Right gluteus minimus,muscle,name,3066,4208,internal_meshes/muscle/FJ1420_BP22923_FMA22332_Right gluteus minimus.obj,4.3
FMA43884,FJ1421M,BP20606,Left gracilis,muscle,name,2085,3172,internal_meshes/muscle/FJ1421M_BP20606_FMA43884_Left gracilis.obj,4.3
FMA43883,FJ1421,BP21111,Right gracilis,muscle,name,2086,3172,internal_meshes/muscle/FJ1421_BP21111_FMA43883_Right gracilis.obj,4.3
FMA22323,FJ1422M,BP23542,Left iliacus,muscle,name,2452,2862,internal_meshes/muscle/FJ1422M_BP23542_FMA22323_Left iliacus.obj,4.3
FMA22322,FJ1422,BP22931,Right iliacus,muscle,name,2447,2862,internal_meshes/muscle/FJ1422_BP22931_FMA22322_Right iliacus.obj,4.3
FMA58777,FJ1423M,BP22008,Left iliotibial tract,ligament_tendon,name,9425,17172,internal_meshes/ligament_tendon/FJ1423M_BP22008_FMA58777_Left iliotibial tract.obj,4.3
FMA58776,FJ1423,BP22027,Right iliotibial tract,ligament_tendon,name,9425,17172,internal_meshes/ligament_tendon/FJ1423_BP22027_FMA58776_Right iliotibial tract.obj,4.3
FMA44250,FJ1424M,BP23763,Left long plantar ligament,ligament_tendon,name,2450,2722,internal_meshes/ligament_tendon/FJ1424M_BP23763_FMA44250_Left long plantar ligament.obj,4.3
FMA44249,FJ1424,BP20809,Right long plantar ligament,ligament_tendon,name,2445,2722,internal_meshes/ligament_tendon/FJ1424_BP20809_FMA44249_Right long plantar ligament.obj,4.3
FMA22327,FJ1425M,BP22489,Left obturator externus,muscle,name,715,784,internal_meshes/muscle/FJ1425M_BP22489_FMA22327_Left obturator externus.obj,4.3
FMA22326,FJ1425,BP22154,Right obturator externus,muscle,name,715,784,internal_meshes/muscle/FJ1425_BP22154_FMA22326_Right obturator externus.obj,4.3
FMA22325,FJ1426M,BP22090,Left obturator internus,muscle,name,1884,2466,internal_meshes/muscle/FJ1426M_BP22090_FMA22325_Left obturator internus.obj,4.3
FMA22324,FJ1426,BP22103,Right obturator internus,muscle,name,1883,2466,internal_meshes/muscle/FJ1426_BP22103_FMA22324_Right obturator internus.obj,4.3
FMA22451,FJ1427M,BP20433,Left pectineus,muscle,name,963,1380,internal_meshes/muscle/FJ1427M_BP20433_FMA22451_Left pectineus.obj,4.3
FMA22450,FJ1427,BP20423,Right pectineus,muscle,name,963,1380,internal_meshes/muscle/FJ1427_BP20423_FMA22450_Right pectineus.obj,4.3
FMA22341,FJ1428M,BP23829,Left piriformis,muscle,name,796,1092,internal_meshes/muscle/FJ1428M_BP23829_FMA22341_Left piriformis.obj,4.3
FMA22340,FJ1428,BP20097,Right piriformis,muscle,name,798,1092,internal_meshes/muscle/FJ1428_BP20097_FMA22340_Right piriformis.obj,4.3
FMA22561,FJ1429M,BP20980,Left plantaris,muscle,name,1466,2512,internal_meshes/muscle/FJ1429M_BP20980_FMA22561_Left plantaris.obj,4.3
FMA22560,FJ1429,BP21015,Right plantaris,muscle,name,1466,2512,internal_meshes/muscle/FJ1429_BP21015_FMA22560_Right plantaris.obj,4.3
FMA22592,FJ1430M,BP20999,Left popliteus,muscle,name,589,858,internal_meshes/muscle/FJ1430M_BP20999_FMA22592_Left popliteus.obj,4.3
FMA22591,FJ1430,BP21538,Right popliteus,muscle,name,588,858,internal_meshes/muscle/FJ1430_BP21538_FMA22591_Right popliteus.obj,4.3
FMA22343,FJ1431M,BP23361,Left psoas major,muscle,name,3634,4900,internal_meshes/muscle/FJ1431M_BP23361_FMA22343_Left psoas major.obj,4.3
FMA22342,FJ1431,BP23474,Right psoas major,muscle,name,3632,4900,internal_meshes/muscle/FJ1431_BP23474_FMA22342_Right psoas major.obj,4.3
FMA22339,FJ1432M,BP20315,Left quadratus femoris,muscle,name,1013,1196,internal_meshes/muscle/FJ1432M_BP20315_FMA22339_Left quadratus femoris.obj,4.3
FMA22338,FJ1432,BP20043,Right quadratus femoris,muscle,name,1015,1196,internal_meshes/muscle/FJ1432_BP20043_FMA22338_Right quadratus femoris.obj,4.3
FMA38929,FJ1433M,BP23766,Left rectus femoris,muscle,name,3326,5688,internal_meshes/muscle/FJ1433M_BP23766_FMA38929_Left rectus femoris.obj,4.3
FMA38928,FJ1433,BP23176,Right rectus femoris,muscle,name,3326,5688,internal_meshes/muscle/FJ1433_BP23176_FMA38928_Right rectus femoris.obj,4.3
FMA22355,FJ1434M,BP20388,Left sartorius,muscle,name,2633,3444,internal_meshes/muscle/FJ1434M_BP20388_FMA22355_Left sartorius.obj,4.3
FMA22354,FJ1434,BP23764,Right sartorius,muscle,name,2630,3444,internal_meshes/muscle/FJ1434_BP23764_FMA22354_Right sartorius.obj,4.3
FMA22449,FJ1435M,BP20424,Left semimembranosus,muscle,name,2588,4612,internal_meshes/muscle/FJ1435M_BP20424_FMA22449_Left semimembranosus.obj,4.3
FMA22448,FJ1435,BP19734,Right semimembranosus,muscle,name,2588,4612,internal_meshes/muscle/FJ1435_BP19734_FMA22448_Right semimembranosus.obj,4.3
FMA22359,FJ1436M,BP22061,Left semitendinosus,muscle,name,1808,2712,internal_meshes/muscle/FJ1436M_BP22061_FMA22359_Left semitendinosus.obj,4.3
FMA22358,FJ1436,BP19761,Right semitendinosus,muscle,name,1812,2712,internal_meshes/muscle/FJ1436_BP19761_FMA22358_Right semitendinosus.obj,4.3
FMA22559,FJ1437M,BP20918,Left soleus,muscle,name,2674,4418,internal_meshes/muscle/FJ1437M_BP20918_FMA22559_Left soleus.obj,4.3
FMA22558,FJ1437,BP20851,Right soleus,muscle,name,2674,4418,internal_meshes/muscle/FJ1437_BP20851_FMA22558_Right soleus.obj,4.3
FMA22426,FJ1438M,BP20090,Left tensor fasciae latae,muscle,name,1087,1254,internal_meshes/muscle/FJ1438M_BP20090_FMA22426_Left tensor fasciae latae.obj,4.3
FMA22425,FJ1438,BP19549,Right tensor fasciae latae,muscle,name,1087,1254,internal_meshes/muscle/FJ1438_BP19549_FMA22425_Right tensor fasciae latae.obj,4.3
FMA22545,FJ1439M,BP22485,Left tibialis anterior,muscle,name,2206,2510,internal_meshes/muscle/FJ1439M_BP22485_FMA22545_Left tibialis anterior.obj,4.3
FMA22544,FJ1439,BP20542,Right tibialis anterior,muscle,name,2204,2510,internal_meshes/muscle/FJ1439_BP20542_FMA22544_Right tibialis anterior.obj,4.3
FMA65019,FJ1440M,BP22704,Left tibialis posterior,muscle,name,5037,5136,internal_meshes/muscle/FJ1440M_BP22704_FMA65019_Left tibialis posterior.obj,4.3
FMA65018,FJ1440,BP20887,Right tibialis posterior,muscle,name,5039,5136,internal_meshes/muscle/FJ1440_BP20887_FMA65018_Right tibialis posterior.obj,4.3
FMA38935,FJ1441M,BP23111,Left vastus intermedius,muscle,name,2744,4260,internal_meshes/muscle/FJ1441M_BP23111_FMA38935_Left vastus intermedius.obj,4.3
FMA38934,FJ1441,BP23143,Right vastus intermedius,muscle,name,2748,4260,internal_meshes/muscle/FJ1441_BP23143_FMA38934_Right vastus intermedius.obj,4.3
FMA38931,FJ1442M,BP23367,Left vastus lateralis,muscle,name,3974,6688,internal_meshes/muscle/FJ1442M_BP23367_FMA38931_Left vastus lateralis.obj,4.3
FMA38930,FJ1442,BP23150,Right vastus lateralis,muscle,name,3975,6688,internal_meshes/muscle/FJ1442_BP23150_FMA38930_Right vastus lateralis.obj,4.3
FMA38933,FJ1443M,BP23244,Left vastus medialis,muscle,name,2772,4552,internal_meshes/muscle/FJ1443M_BP23244_FMA38933_Left vastus medialis.obj,4.3
FMA38932,FJ1443,BP20583,Right vastus medialis,muscle,name,2773,4552,internal_meshes/muscle/FJ1443_BP20583_FMA38932_Right vastus medialis.obj,4.3
FMA45892,FJ1444M,BP23356,Short head of left biceps femoris,muscle,name,1215,1728,internal_meshes/muscle/FJ1444M_BP23356_FMA45892_Short head of left biceps femoris.obj,4.3
FMA45891,FJ1444,BP23611,Short head of right biceps femoris,muscle,name,1211,1728,internal_meshes/muscle/FJ1444_BP23611_FMA45891_Short head of right biceps femoris.obj,4.3
FMA46021,FJ1445M,BP23410,Transverse head of left adductor hallucis,muscle,name,1115,818,internal_meshes/muscle/FJ1445M_BP23410_FMA46021_Transverse head of left adductor hallucis.obj,4.3
FMA46020,FJ1445,BP23372,Transverse head of right adductor hallucis,muscle,name,1115,818,internal_meshes/muscle/FJ1445_BP23372_FMA46020_Transverse head of right adductor hallucis.obj,4.3
FMA45875,FJ1446M,BP23068,Abdominal part of left pectoralis major,muscle,name,1019,1536,internal_meshes/muscle/FJ1446M_BP23068_FMA45875_Abdominal part of left pectoralis major.obj,4.3
FMA45874,FJ1446,BP23178,Abdominal part of right pectoralis major,muscle,name,1019,1536,internal_meshes/muscle/FJ1446_BP23178_FMA45874_Abdominal part of right pectoralis major.obj,4.3
FMA34691,FJ1447M,BP23261,Clavicular part of left pectoralis major,muscle,name,1495,1846,internal_meshes/muscle/FJ1447M_BP23261_FMA34691_Clavicular part of left pectoralis major.obj,4.3
FMA34690,FJ1447,BP23304,Clavicular part of right pectoralis major,muscle,name,1492,1846,internal_meshes/muscle/FJ1447_BP23304_FMA34690_Clavicular part of right pectoralis major.obj,4.3
FMA11336,FJ1448,BP22616,Linea alba,ligament_tendon,name,1114,1990,internal_meshes/ligament_tendon/FJ1448_BP22616_FMA11336_Linea alba.obj,4.3
FMA46444,FJ1449M,BP23597,Left coccygeus,muscle,name,1630,2088,internal_meshes/muscle/FJ1449M_BP23597_FMA46444_Left coccygeus.obj,4.3
FMA21930,FJ1450M,BP23384,External anal sphincter,muscle,name,250,368,internal_meshes/muscle/FJ1450M_BP23384_FMA21930_External anal sphincter.obj,4.3
FMA21930,FJ1450,BP23384,External anal sphincter,muscle,name,250,368,internal_meshes/muscle/FJ1450_BP23384_FMA21930_External anal sphincter.obj,4.3
FMA9756,FJ1451M,BP23614,External intercostal muscle,muscle,name,85756,98928,internal_meshes/muscle/FJ1451M_BP23614_FMA9756_External intercostal muscle.obj,4.3
FMA9756,FJ1451,BP23614,External intercostal muscle,muscle,name,85775,98928,internal_meshes/muscle/FJ1451_BP23614_FMA9756_External intercostal muscle.obj,4.3
FMA13337,FJ1452M,BP22276,Left external oblique,muscle,name,63893,111826,internal_meshes/muscle/FJ1452M_BP22276_FMA13337_Left external oblique.obj,4.3
FMA13336,FJ1452,BP22075,Right external oblique,muscle,name,63907,111826,internal_meshes/muscle/FJ1452_BP22075_FMA13336_Right external oblique.obj,4.3
FMA45859,FJ1453M,BP23080,Left iliococcygeus,muscle,name,3288,3862,internal_meshes/muscle/FJ1453M_BP23080_FMA45859_Left iliococcygeus.obj,4.3
FMA9758,FJ1454M,BP23737,Innermost intercostal muscle,muscle,name,70269,87218,internal_meshes/muscle/FJ1454M_BP23737_FMA9758_Innermost intercostal muscle.obj,4.3
FMA9758,FJ1454,BP23737,Innermost intercostal muscle,muscle,name,70306,87218,internal_meshes/muscle/FJ1454_BP23737_FMA9758_Innermost intercostal muscle.obj,4.3
FMA9757,FJ1455M,BP23744,Internal intercostal muscle,muscle,name,70829,89838,internal_meshes/muscle/FJ1455M_BP23744_FMA9757_Internal intercostal muscle.obj,4.3
FMA9757,FJ1455,BP23744,Internal intercostal muscle,muscle,name,70842,89838,internal_meshes/muscle/FJ1455_BP23744_FMA9757_Internal intercostal muscle.obj,4.3
FMA13376,FJ1456M,BP23831,Left pectoralis minor,muscle,name,6746,9468,internal_meshes/muscle/FJ1456M_BP23831_FMA13376_Left pectoralis minor.obj,4.3
FMA13375,FJ1456,BP23886,Right pectoralis minor,muscle,name,6741,9468,internal_meshes/muscle/FJ1456_BP23886_FMA13375_Right pectoralis minor.obj,4.3
FMA45855,FJ1457M,BP23259,Left pubococcygeus,muscle,name,3296,4616,internal_meshes/muscle/FJ1457M_BP23259_FMA45855_Left pubococcygeus.obj,4.3
FMA45857,FJ1458M,BP23215,Left puborectalis,muscle,name,3817,3634,internal_meshes/muscle/FJ1458M_BP23215_FMA45857_Left puborectalis.obj,4.3
FMA13399,FJ1459M,BP21658,Left serratus anterior,muscle,name,28450,49212,internal_meshes/muscle/FJ1459M_BP21658_FMA13399_Left serratus anterior.obj,4.3
FMA13398,FJ1459,BP22464,Right serratus anterior,muscle,name,28465,49212,internal_meshes/muscle/FJ1459_BP22464_FMA13398_Right serratus anterior.obj,4.3
FMA13411,FJ1460M,BP22690,Left subclavius,muscle,name,1158,1640,internal_meshes/muscle/FJ1460M_BP22690_FMA13411_Left subclavius.obj,4.3
FMA13412,FJ1460,BP22333,Right subclavius,muscle,name,1155,1640,internal_meshes/muscle/FJ1460_BP22333_FMA13412_Right subclavius.obj,4.3
FMA9762,FJ1461M,BP23719,Left transversus thoracis,muscle,name,4745,4188,internal_meshes/muscle/FJ1461M_BP23719_FMA9762_Left transversus thoracis.obj,4.3
FMA9761,FJ1461,BP23674,Right transversus thoracis,muscle,name,4749,4188,internal_meshes/muscle/FJ1461_BP23674_FMA9761_Right transversus thoracis.obj,4.3
FMA74078,FJ1462M,BP21563,Set of left levatores costarum breves,muscle,name,5815,6050,internal_meshes/muscle/FJ1462M_BP21563_FMA74078_Set of left levatores costarum breves.obj,4.3
FMA74077,FJ1462,BP21586,Set of right levatores costarum breves,muscle,name,5835,6050,internal_meshes/muscle/FJ1462_BP21586_FMA74077_Set of right levatores costarum breves.obj,4.3
FMA74076,FJ1463M,BP22949,Set of left levatores costarum longi,muscle,name,8256,12210,internal_meshes/muscle/FJ1463M_BP22949_FMA74076_Set of left levatores costarum longi.obj,4.3
FMA74075,FJ1463,BP22812,Set of right levatores costarum longi,muscle,name,8260,12210,internal_meshes/muscle/FJ1463_BP22812_FMA74075_Set of right levatores costarum longi.obj,4.3
FMA79980,FJ1464M,BP24065,Sternocostal part of left pectoralis major,muscle,name,5466,7114,internal_meshes/muscle/FJ1464M_BP24065_FMA79980_Sternocostal part of left pectoralis major.obj,4.3
FMA79979,FJ1464,BP23276,Sternocostal part of right pectoralis major,muscle,name,5480,7114,internal_meshes/muscle/FJ1464_BP23276_FMA79979_Sternocostal part of right pectoralis major.obj,4.3
FMA46442,FJ1465M,BP19735,Tendinous arch of levator ani,ligament_tendon,name,454,722,internal_meshes/ligament_tendon/FJ1465M_BP19735_FMA46442_Tendinous arch of levator ani.obj,4.3
FMA46442,FJ1465,BP19735,Tendinous arch of levator ani,ligament_tendon,name,454,722,internal_meshes/ligament_tendon/FJ1465_BP19735_FMA46442_Tendinous arch of levator ani.obj,4.3
FMA37397,FJ1466M,BP21575,Abductor digiti minimi of left hand,muscle,name,620,508,internal_meshes/muscle/FJ1466M_BP21575_FMA37397_Abductor digiti minimi of left hand.obj,4.3
FMA37396,FJ1466,BP22694,Abductor digiti minimi of right hand,muscle,name,625,508,internal_meshes/muscle/FJ1466_BP22694_FMA37396_Abductor digiti minimi of right hand.obj,4.3
FMA34683,FJ1467M,BP23036,Acromial part of left deltoid,muscle,name,918,1300,internal_meshes/muscle/FJ1467M_BP23036_FMA34683_Acromial part of left deltoid.obj,4.3
FMA34682,FJ1467,BP23172,Acromial part of right deltoid,muscle,name,916,1300,internal_meshes/muscle/FJ1467_BP23172_FMA34682_Acromial part of right deltoid.obj,4.3
FMA34681,FJ1468M,BP23060,Clavicular part of left deltoid,muscle,name,2604,2206,internal_meshes/muscle/FJ1468M_BP23060_FMA34681_Clavicular part of left deltoid.obj,4.3
FMA34680,FJ1468,BP23257,Clavicular part of right deltoid,muscle,name,2592,2206,internal_meshes/muscle/FJ1468_BP23257_FMA34680_Clavicular part of right deltoid.obj,4.3
FMA37388,FJ1469M,BP20912,Right flexor pollicis brevis,muscle,name,735,714,internal_meshes/muscle/FJ1469M_BP20912_FMA37388_Right flexor pollicis brevis.obj,4.3
FMA37389,FJ1469,BP20816,Left flexor pollicis brevis,muscle,name,735,714,internal_meshes/muscle/FJ1469_BP20816_FMA37389_Left flexor pollicis brevis.obj,4.3
FMA37399,FJ1470M,BP20825,Flexor digiti minimi brevis of left hand,muscle,name,312,328,internal_meshes/muscle/FJ1470M_BP20825_FMA37399_Flexor digiti minimi brevis of left hand.obj,4.3
FMA37398,FJ1470,BP20839,Flexor digiti minimi brevis of right hand,muscle,name,312,328,internal_meshes/muscle/FJ1470_BP20839_FMA37398_Flexor digiti minimi brevis of right hand.obj,4.3
FMA40121,FJ1471M,BP24090,Flexor retinaculum of left wrist,ligament_tendon,name,1591,1924,internal_meshes/ligament_tendon/FJ1471M_BP24090_FMA40121_Flexor retinaculum of left wrist.obj,4.3
FMA40120,FJ1471,BP23035,Flexor retinaculum of right wrist,ligament_tendon,name,1594,1924,internal_meshes/ligament_tendon/FJ1471_BP23035_FMA40120_Flexor retinaculum of right wrist.obj,4.3
FMA38508,FJ1472M,BP21003,Left extensor carpi ulnaris,muscle,name,2983,2186,internal_meshes/muscle/FJ1472M_BP21003_FMA38508_Left extensor carpi ulnaris.obj,4.3
FMA38507,FJ1472,BP20805,Right extensor carpi ulnaris,muscle,name,2975,2186,internal_meshes/muscle/FJ1472_BP20805_FMA38507_Right extensor carpi ulnaris.obj,4.3
FMA38618,FJ1473M,BP23267,Humeral head of left flexor carpi ulnaris,muscle,name,1884,2656,internal_meshes/muscle/FJ1473M_BP23267_FMA38618_Humeral head of left flexor carpi ulnaris.obj,4.3
FMA38617,FJ1473,BP22736,Humeral head of right flexor carpi ulnaris,muscle,name,1887,2656,internal_meshes/muscle/FJ1473_BP22736_FMA38617_Humeral head of right flexor carpi ulnaris.obj,4.3
FMA38561,FJ1474M,BP23211,Humeral head of left pronator teres,muscle,name,1599,1846,internal_meshes/muscle/FJ1474M_BP23211_FMA38561_Humeral head of left pronator teres.obj,4.3
FMA38560,FJ1474,BP23177,Humeral head of right pronator teres,muscle,name,1588,1846,internal_meshes/muscle/FJ1474_BP23177_FMA38560_Humeral head of right pronator teres.obj,4.3
FMA38471,FJ1475M,BP21034,Left flexor digitorum superficialis,muscle,name,6106,8698,internal_meshes/muscle/FJ1475M_BP21034_FMA38471_Left flexor digitorum superficialis.obj,4.3
FMA38470,FJ1475,BP20898,Right flexor digitorum superficialis,muscle,name,6109,8698,internal_meshes/muscle/FJ1475_BP20898_FMA38470_Right flexor digitorum superficialis.obj,4.3
FMA23708,FJ1476M,BP23038,Interosseous membrane of left forearm,ligament_tendon,name,1645,1588,internal_meshes/ligament_tendon/FJ1476M_BP23038_FMA23708_Interosseous membrane of left forearm.obj,4.3
FMA23707,FJ1476,BP23138,Interosseous membrane of right forearm,ligament_tendon,name,1647,1588,internal_meshes/ligament_tendon/FJ1476_BP23138_FMA23707_Interosseous membrane of right forearm.obj,4.3
FMA37698,FJ1477M,BP23168,Lateral head of left triceps brachii,muscle,name,1676,2606,internal_meshes/muscle/FJ1477M_BP23168_FMA37698_Lateral head of left triceps brachii.obj,4.3
FMA37697,FJ1477,BP21319,Lateral head of right triceps brachii,muscle,name,1678,2606,internal_meshes/muscle/FJ1477_BP21319_FMA37697_Lateral head of right triceps brachii.obj,4.3
FMA37687,FJ1478M,BP23144,Long head of left biceps brachii,muscle,name,1039,1426,internal_meshes/muscle/FJ1478M_BP23144_FMA37687_Long head of left biceps brachii.obj,4.3
FMA37686,FJ1478,BP23056,Long head of right biceps brachii,muscle,name,1053,1426,internal_meshes/muscle/FJ1478_BP23056_FMA37686_Long head of right biceps brachii.obj,4.3
FMA37700,FJ1479M,BP23325,Long head of left triceps brachii,muscle,name,1109,1588,internal_meshes/muscle/FJ1479M_BP23325_FMA37700_Long head of left triceps brachii.obj,4.3
FMA37699,FJ1479,BP23146,Long head of right triceps brachii,muscle,name,1105,1588,internal_meshes/muscle/FJ1479_BP23146_FMA37699_Long head of right triceps brachii.obj,4.3
FMA37696,FJ1480M,BP23335,Medial head of left triceps brachii,muscle,name,617,832,internal_meshes/muscle/FJ1480M_BP23335_FMA37696_Medial head of left triceps brachii.obj,4.3
FMA37695,FJ1480,BP23121,Medial head of right triceps brachii,muscle,name,620,832,internal_meshes/muscle/FJ1480_BP23121_FMA37695_Medial head of right triceps brachii.obj,4.3
FMA46122,FJ1481M,BP23109,Oblique head of left adductor pollicis,muscle,name,733,658,internal_meshes/muscle/FJ1481M_BP23109_FMA46122_Oblique head of left adductor pollicis.obj,4.3
FMA46121,FJ1481,BP23077,Oblique head of right adductor pollicis,muscle,name,734,658,internal_meshes/muscle/FJ1481_BP23077_FMA46121_Oblique head of right adductor pollicis.obj,4.3
FMA37401,FJ1482M,BP21012,Opponens digiti minimi of left hand,muscle,name,624,484,internal_meshes/muscle/FJ1482M_BP21012_FMA37401_Opponens digiti minimi of left hand.obj,4.3
FMA37400,FJ1482,BP21052,Opponens digiti minimi of right hand,muscle,name,626,484,internal_meshes/muscle/FJ1482_BP21052_FMA37400_Opponens digiti minimi of right hand.obj,4.3
FMA37387,FJ1483M,BP20910,Left abductor pollicis brevis,muscle,name,711,744,internal_meshes/muscle/FJ1483M_BP20910_FMA37387_Left abductor pollicis brevis.obj,4.3
FMA37386,FJ1483,BP20944,Right abductor pollicis brevis,muscle,name,713,744,internal_meshes/muscle/FJ1483_BP20944_FMA37386_Right abductor pollicis brevis.obj,4.3
FMA38517,FJ1484M,BP20933,Left abductor pollicis longus,muscle,name,1439,1874,internal_meshes/muscle/FJ1484M_BP20933_FMA38517_Left abductor pollicis longus.obj,4.3
FMA38516,FJ1484,BP20840,Right abductor pollicis longus,muscle,name,1439,1874,internal_meshes/muscle/FJ1484_BP20840_FMA38516_Right abductor pollicis longus.obj,4.3
FMA37706,FJ1485M,BP21822,Left anconeus,muscle,name,1106,1278,internal_meshes/muscle/FJ1485M_BP21822_FMA37706_Left anconeus.obj,4.3
FMA37705,FJ1485,BP20746,Right anconeus,muscle,name,1105,1278,internal_meshes/muscle/FJ1485_BP20746_FMA37705_Right anconeus.obj,4.3
FMA37669,FJ1486M,BP21802,Left brachialis,muscle,name,1256,1746,internal_meshes/muscle/FJ1486M_BP21802_FMA37669_Left brachialis.obj,4.3
FMA37668,FJ1486,BP19754,Right brachialis,muscle,name,1266,1746,internal_meshes/muscle/FJ1486_BP19754_FMA37668_Right brachialis.obj,4.3
FMA38487,FJ1487M,BP22692,Left brachioradialis,muscle,name,3272,4874,internal_meshes/muscle/FJ1487M_BP22692_FMA38487_Left brachioradialis.obj,4.3
FMA38486,FJ1487,BP20916,Right brachioradialis,muscle,name,3270,4874,internal_meshes/muscle/FJ1487_BP20916_FMA38486_Right brachioradialis.obj,4.3
FMA37666,FJ1488M,BP22531,Left coracobrachialis,muscle,name,449,444,internal_meshes/muscle/FJ1488M_BP22531_FMA37666_Left coracobrachialis.obj,4.3
FMA37665,FJ1488,BP22511,Right coracobrachialis,muscle,name,451,444,internal_meshes/muscle/FJ1488_BP22511_FMA37665_Right coracobrachialis.obj,4.3
FMA38499,FJ1489M,BP21466,Left extensor carpi radialis brevis,muscle,name,1564,2098,internal_meshes/muscle/FJ1489M_BP21466_FMA38499_Left extensor carpi radialis brevis.obj,4.3
FMA38498,FJ1489,BP20943,Right extensor carpi radialis brevis,muscle,name,1564,2098,internal_meshes/muscle/FJ1489_BP20943_FMA38498_Right extensor carpi radialis brevis.obj,4.3
FMA38496,FJ1490M,BP21025,Left extensor carpi radialis longus,muscle,name,1702,2474,internal_meshes/muscle/FJ1490M_BP21025_FMA38496_Left extensor carpi radialis longus.obj,4.3
FMA38495,FJ1490,BP20888,Right extensor carpi radialis longus,muscle,name,1696,2474,internal_meshes/muscle/FJ1490_BP20888_FMA38495_Right extensor carpi radialis longus.obj,4.3
FMA38505,FJ1491M,BP20761,Left extensor digiti minimi,muscle,name,1017,1434,internal_meshes/muscle/FJ1491M_BP20761_FMA38505_Left extensor digiti minimi.obj,4.3
FMA38504,FJ1491,BP20922,Right extensor digiti minimi,muscle,name,1014,1434,internal_meshes/muscle/FJ1491_BP20922_FMA38504_Right extensor digiti minimi.obj,4.3
FMA38502,FJ1492M,BP20968,Left extensor digitorum,muscle,name,3350,4294,internal_meshes/muscle/FJ1492M_BP20968_FMA38502_Left extensor digitorum.obj,4.3
FMA38501,FJ1492,BP21413,Right extensor digitorum,muscle,name,3355,4294,internal_meshes/muscle/FJ1492_BP21413_FMA38501_Right extensor digitorum.obj,4.3
FMA38526,FJ1493M,BP21555,Left extensor indicis,muscle,name,692,720,internal_meshes/muscle/FJ1493M_BP21555_FMA38526_Left extensor indicis.obj,4.3
FMA38525,FJ1493,BP20815,Right extensor indicis,muscle,name,690,720,internal_meshes/muscle/FJ1493_BP20815_FMA38525_Right extensor indicis.obj,4.3
FMA38520,FJ1494M,BP20862,Left extensor pollicis brevis,muscle,name,846,998,internal_meshes/muscle/FJ1494M_BP20862_FMA38520_Left extensor pollicis brevis.obj,4.3
FMA38519,FJ1494,BP20939,Right extensor pollicis brevis,muscle,name,846,998,internal_meshes/muscle/FJ1494_BP20939_FMA38519_Right extensor pollicis brevis.obj,4.3
FMA38523,FJ1495M,BP20979,Left extensor pollicis longus,muscle,name,1178,1326,internal_meshes/muscle/FJ1495M_BP20979_FMA38523_Left extensor pollicis longus.obj,4.3
FMA38522,FJ1495,BP20770,Right extensor pollicis longus,muscle,name,1177,1326,internal_meshes/muscle/FJ1495_BP20770_FMA38522_Right extensor pollicis longus.obj,4.3
FMA38461,FJ1496M,BP21056,Left flexor carpi radialis,muscle,name,819,1148,internal_meshes/muscle/FJ1496M_BP21056_FMA38461_Left flexor carpi radialis.obj,4.3
FMA38460,FJ1496,BP20780,Right flexor carpi radialis,muscle,name,819,1148,internal_meshes/muscle/FJ1496_BP20780_FMA38460_Right flexor carpi radialis.obj,4.3
FMA38480,FJ1497M,BP20781,Left flexor digitorum profundus,muscle,name,3852,4838,internal_meshes/muscle/FJ1497M_BP20781_FMA38480_Left flexor digitorum profundus.obj,4.3
FMA38479,FJ1497,BP20956,Right flexor digitorum profundus,muscle,name,3857,4838,internal_meshes/muscle/FJ1497_BP20956_FMA38479_Right flexor digitorum profundus.obj,4.3
FMA38484,FJ1498M,BP21043,Left flexor pollicis longus,muscle,name,1783,1442,internal_meshes/muscle/FJ1498M_BP21043_FMA38484_Left flexor pollicis longus.obj,4.3
FMA38482,FJ1498,BP20993,Right flexor pollicis longus,muscle,name,1781,1442,internal_meshes/muscle/FJ1498_BP20993_FMA38482_Right flexor pollicis longus.obj,4.3
FMA38471,FJ1499M,BP21034,Left flexor digitorum superficialis,muscle,name,636,866,internal_meshes/muscle/FJ1499M_BP21034_FMA38471_Left flexor digitorum superficialis.obj,4.3
FMA38470,FJ1499,BP20898,Right flexor digitorum superficialis,muscle,name,636,866,internal_meshes/muscle/FJ1499_BP20898_FMA38470_Right flexor digitorum superficialis.obj,4.3
FMA32548,FJ1500M,BP20405,Left infraspinatus,muscle,name,738,866,internal_meshes/muscle/FJ1500M_BP20405_FMA32548_Left infraspinatus.obj,4.3
FMA32547,FJ1500,BP22313,Right infraspinatus,muscle,name,743,866,internal_meshes/muscle/FJ1500_BP22313_FMA32547_Right infraspinatus.obj,4.3
FMA37391,FJ1501M,BP20826,Left opponens pollicis,muscle,name,1015,956,internal_meshes/muscle/FJ1501M_BP20826_FMA37391_Left opponens pollicis.obj,4.3
FMA37390,FJ1501,BP21042,Right opponens pollicis,muscle,name,1015,956,internal_meshes/muscle/FJ1501_BP21042_FMA37390_Right opponens pollicis.obj,4.3
FMA38464,FJ1502M,BP20803,Left palmaris longus,muscle,name,4469,4968,internal_meshes/muscle/FJ1502M_BP20803_FMA38464_Left palmaris longus.obj,4.3
FMA38463,FJ1502,BP20900,Right palmaris longus,muscle,name,4471,4968,internal_meshes/muscle/FJ1502_BP20900_FMA38463_Right palmaris longus.obj,4.3
FMA38455,FJ1503M,BP21080,Left pronator quadratus,muscle,name,2259,1838,internal_meshes/muscle/FJ1503M_BP21080_FMA38455_Left pronator quadratus.obj,4.3
FMA38454,FJ1503,BP20975,Right pronator quadratus,muscle,name,2257,1838,internal_meshes/muscle/FJ1503_BP20975_FMA38454_Right pronator quadratus.obj,4.3
FMA13415,FJ1504M,BP20341,Left subscapularis,muscle,name,2759,2092,internal_meshes/muscle/FJ1504M_BP20341_FMA13415_Left subscapularis.obj,4.3
FMA13414,FJ1504,BP20479,Right subscapularis,muscle,name,2775,2092,internal_meshes/muscle/FJ1504_BP20479_FMA13414_Right subscapularis.obj,4.3
FMA38514,FJ1505M,BP20882,Left supinator,muscle,name,2379,3110,internal_meshes/muscle/FJ1505M_BP20882_FMA38514_Left supinator.obj,4.3
FMA38513,FJ1505,BP20779,Right supinator,muscle,name,2368,3110,internal_meshes/muscle/FJ1505_BP20779_FMA38513_Right supinator.obj,4.3
FMA32545,FJ1506M,BP20454,Left supraspinatus,muscle,name,842,878,internal_meshes/muscle/FJ1506M_BP20454_FMA32545_Left supraspinatus.obj,4.3
FMA32544,FJ1506,BP20406,Right supraspinatus,muscle,name,843,878,internal_meshes/muscle/FJ1506_BP20406_FMA32544_Right supraspinatus.obj,4.3
FMA32552,FJ1507M,BP22652,Left teres major,muscle,name,1052,1042,internal_meshes/muscle/FJ1507M_BP22652_FMA32552_Left teres major.obj,4.3
FMA32551,FJ1507,BP20591,Right teres major,muscle,name,1044,1042,internal_meshes/muscle/FJ1507_BP20591_FMA32551_Right teres major.obj,4.3
FMA32554,FJ1508M,BP20604,Left teres minor,muscle,name,391,506,internal_meshes/muscle/FJ1508M_BP20604_FMA32554_Left teres minor.obj,4.3
FMA32553,FJ1508,BP20345,Right teres minor,muscle,name,392,506,internal_meshes/muscle/FJ1508_BP20345_FMA32553_Right teres minor.obj,4.3
FMA42405,FJ1509M,BP21580,Set of dorsal interossei of left hand,muscle,name,3756,2618,internal_meshes/muscle/FJ1509M_BP21580_FMA42405_Set of dorsal interossei of left hand.obj,4.3
FMA42404,FJ1509,BP22795,Set of dorsal interossei of right hand,muscle,name,3762,2618,internal_meshes/muscle/FJ1509_BP22795_FMA42404_Set of dorsal interossei of right hand.obj,4.3
FMA42399,FJ1510M,BP21560,Set of lumbricals of left hand,muscle,name,3012,2668,internal_meshes/muscle/FJ1510M_BP21560_FMA42399_Set of lumbricals of left hand.obj,4.3
FMA42398,FJ1510,BP22946,Set of lumbricals of right hand,muscle,name,3008,2668,internal_meshes/muscle/FJ1510_BP22946_FMA42398_Set of lumbricals of right hand.obj,4.3
FMA42403,FJ1511M,BP22815,Set of palmar interossei of left hand,muscle,name,1243,966,internal_meshes/muscle/FJ1511M_BP22815_FMA42403_Set of palmar interossei of left hand.obj,4.3
FMA42402,FJ1511,BP22900,Set of palmar interossei of right hand,muscle,name,1239,966,internal_meshes/muscle/FJ1511_BP22900_FMA42402_Set of palmar interossei of right hand.obj,4.3
FMA37685,FJ1512M,BP23332,Short head of left biceps brachii,muscle,name,1743,1856,internal_meshes/muscle/FJ1512M_BP23332_FMA37685_Short head of left biceps brachii.obj,4.3
FMA37684,FJ1512,BP23133,Short head of right biceps brachii,muscle,name,1739,1856,internal_meshes/muscle/FJ1512_BP23133_FMA37684_Short head of right biceps brachii.obj,4.3
FMA34685,FJ1513M,BP23094,Spinal part of left deltoid,muscle,name,1678,1900,internal_meshes/muscle/FJ1513M_BP23094_FMA34685_Spinal part of left deltoid.obj,4.3
FMA34684,FJ1513,BP23106,Spinal part of right deltoid,muscle,name,1665,1900,internal_meshes/muscle/FJ1513_BP23106_FMA34684_Spinal part of right deltoid.obj,4.3
FMA65199,FJ1514M,BP23275,Superficial head of left flexor pollicis brevis,muscle,name,954,726,internal_meshes/muscle/FJ1514M_BP23275_FMA65199_Superficial head of left flexor pollicis brevis.obj,4.3
FMA65198,FJ1514,BP23262,Superficial head of right flexor pollicis brevis,muscle,name,954,726,internal_meshes/muscle/FJ1514_BP23262_FMA65198_Superficial head of right flexor pollicis brevis.obj,4.3
FMA46124,FJ1515M,BP23309,Transverse head of left adductor pollicis,muscle,name,645,754,internal_meshes/muscle/FJ1515M_BP23309_FMA46124_Transverse head of left adductor pollicis.obj,4.3
FMA46123,FJ1515,BP20577,Transverse head of right adductor pollicis,muscle,name,645,754,internal_meshes/muscle/FJ1515_BP20577_FMA46123_Transverse head of right adductor pollicis.obj,4.3
FMA38563,FJ1516M,BP23252,Ulnar head of left pronator teres,muscle,name,791,1040,internal_meshes/muscle/FJ1516M_BP23252_FMA38563_Ulnar head of left pronator teres.obj,4.3
FMA38562,FJ1516,BP21318,Ulnar head of right pronator teres,muscle,name,791,1040,internal_meshes/muscle/FJ1516_BP21318_FMA38562_Ulnar head of right pronator teres.obj,4.3
FMA38508,FJ1517M,BP21003,Left extensor carpi ulnaris,muscle,name,1116,1208,internal_meshes/muscle/FJ1517M_BP21003_FMA38508_Left extensor carpi ulnaris.obj,4.3
FMA38507,FJ1517,BP20805,Right extensor carpi ulnaris,muscle,name,1114,1208,internal_meshes/muscle/FJ1517_BP20805_FMA38507_Right extensor carpi ulnaris.obj,4.3
FMA38620,FJ1518M,BP23310,Ulnar head of left flexor carpi ulnaris,muscle,name,1717,1538,internal_meshes/muscle/FJ1518M_BP23310_FMA38620_Ulnar head of left flexor carpi ulnaris.obj,4.3
FMA38619,FJ1518,BP21290,Ulnar head of right flexor carpi ulnaris,muscle,name,1715,1538,internal_meshes/muscle/FJ1518_BP21290_FMA38619_Ulnar head of right flexor carpi ulnaris.obj,4.3
FMA33583,FJ1520M,BP21517,Ascending part of left trapezius,muscle,name,7507,10530,internal_meshes/muscle/FJ1520M_BP21517_FMA33583_Ascending part of left trapezius.obj,4.3
FMA33581,FJ1520,BP21493,Ascending part of right trapezius,muscle,name,7533,10530,internal_meshes/muscle/FJ1520_BP21493_FMA33581_Ascending part of right trapezius.obj,4.3
FMA33587,FJ1521M,BP21478,Descending part of left trapezius,muscle,name,4999,7108,internal_meshes/muscle/FJ1521M_BP21478_FMA33587_Descending part of left trapezius.obj,4.3
FMA33586,FJ1521,BP21469,Descending part of right trapezius,muscle,name,5023,7108,internal_meshes/muscle/FJ1521_BP21469_FMA33586_Descending part of right trapezius.obj,4.3
FMA23090,FJ1522M,BP22649,Left lumbar rotator,muscle,name,5187,4742,internal_meshes/muscle/FJ1522M_BP22649_FMA23090_Left lumbar rotator.obj,4.3
FMA23089,FJ1522,BP20499,Right lumbar rotator,muscle,name,5188,4742,internal_meshes/muscle/FJ1522_BP20499_FMA23089_Right lumbar rotator.obj,4.3
FMA81753,FJ1524M,BP20535,Left cervical rotator,muscle,name,4535,3534,internal_meshes/muscle/FJ1524M_BP20535_FMA81753_Left cervical rotator.obj,4.3
FMA81752,FJ1524,BP20738,Right cervical rotator,muscle,name,4553,3534,internal_meshes/muscle/FJ1524_BP20738_FMA81752_Right cervical rotator.obj,4.3
FMA23083,FJ1525M,BP19658,Thoracic rotator,muscle,name,11012,11062,internal_meshes/muscle/FJ1525M_BP19658_FMA23083_Thoracic rotator.obj,4.3
FMA23083,FJ1525,BP19658,Thoracic rotator,muscle,name,11002,11062,internal_meshes/muscle/FJ1525_BP19658_FMA23083_Thoracic rotator.obj,4.3
FMA22745,FJ1526M,BP20452,Left iliocostalis cervicis,muscle,name,2326,3072,internal_meshes/muscle/FJ1526M_BP20452_FMA22745_Left iliocostalis cervicis.obj,4.3
FMA22744,FJ1526,BP20478,Right iliocostalis cervicis,muscle,name,2315,3072,internal_meshes/muscle/FJ1526_BP20478_FMA22744_Right iliocostalis cervicis.obj,4.3
FMA22741,FJ1527M,BP19739,Left iliocostalis lumborum,muscle,name,10581,15872,internal_meshes/muscle/FJ1527M_BP19739_FMA22741_Left iliocostalis lumborum.obj,4.3
FMA22740,FJ1527,BP20484,Right iliocostalis lumborum,muscle,name,10585,15872,internal_meshes/muscle/FJ1527_BP20484_FMA22740_Right iliocostalis lumborum.obj,4.3
FMA22743,FJ1528M,BP22651,Left iliocostalis thoracis,muscle,name,5509,8386,internal_meshes/muscle/FJ1528M_BP22651_FMA22743_Left iliocostalis thoracis.obj,4.3
FMA22742,FJ1528,BP20440,Right iliocostalis thoracis,muscle,name,5508,8386,internal_meshes/muscle/FJ1528_BP20440_FMA22742_Right iliocostalis thoracis.obj,4.3
FMA32541,FJ1532M,BP23798,Left levator scapulae,muscle,name,3324,4718,internal_meshes/muscle/FJ1532M_BP23798_FMA32541_Left levator scapulae.obj,4.3
FMA32540,FJ1532,BP21819,Right levator scapulae,muscle,name,3311,4718,internal_meshes/muscle/FJ1532_BP21819_FMA32540_Right levator scapulae.obj,4.3
FMA22756,FJ1533M,BP20603,Left longissimus capitis,muscle,name,1824,2260,internal_meshes/muscle/FJ1533M_BP20603_FMA22756_Left longissimus capitis.obj,4.3
FMA22754,FJ1533,BP20331,Right longissimus capitis,muscle,name,1821,2260,internal_meshes/muscle/FJ1533_BP20331_FMA22754_Right longissimus capitis.obj,4.3
FMA22758,FJ1534M,BP20543,Left longissimus cervicis,muscle,name,2330,2816,internal_meshes/muscle/FJ1534M_BP20543_FMA22758_Left longissimus cervicis.obj,4.3
FMA22757,FJ1534,BP22514,Right longissimus cervicis,muscle,name,2325,2816,internal_meshes/muscle/FJ1534_BP22514_FMA22757_Right longissimus cervicis.obj,4.3
FMA22753,FJ1535M,BP19807,Left longissimus thoracis,muscle,name,13072,15068,internal_meshes/muscle/FJ1535M_BP19807_FMA22753_Left longissimus thoracis.obj,4.3
FMA22751,FJ1535,BP20522,Right longissimus thoracis,muscle,name,13066,15068,internal_meshes/muscle/FJ1535_BP20522_FMA22751_Right longissimus thoracis.obj,4.3
FMA13382,FJ1536M,BP21670,Left rhomboid major,muscle,name,5063,7202,internal_meshes/muscle/FJ1536M_BP21670_FMA13382_Left rhomboid major.obj,4.3
FMA13381,FJ1536,BP20938,Right rhomboid major,muscle,name,5057,7202,internal_meshes/muscle/FJ1536_BP20938_FMA13381_Right rhomboid major.obj,4.3
FMA13384,FJ1537M,BP22066,Left rhomboid minor,muscle,name,1505,2206,internal_meshes/muscle/FJ1537M_BP22066_FMA13384_Left rhomboid minor.obj,4.3
FMA13383,FJ1537,BP21687,Right rhomboid minor,muscle,name,1506,2206,internal_meshes/muscle/FJ1537_BP21687_FMA13383_Right rhomboid minor.obj,4.3
FMA22877,FJ1538M,BP20362,Left semispinalis capitis,muscle,name,2738,1912,internal_meshes/muscle/FJ1538M_BP20362_FMA22877_Left semispinalis capitis.obj,4.3
FMA22876,FJ1538,BP22515,Right semispinalis capitis,muscle,name,2744,1912,internal_meshes/muscle/FJ1538_BP22515_FMA22876_Right semispinalis capitis.obj,4.3
FMA22875,FJ1539M,BP22190,Left semispinalis cervicis,muscle,name,3047,3406,internal_meshes/muscle/FJ1539M_BP22190_FMA22875_Left semispinalis cervicis.obj,4.3
FMA22874,FJ1539,BP20598,Right semispinalis cervicis,muscle,name,3060,3406,internal_meshes/muscle/FJ1539_BP20598_FMA22874_Right semispinalis cervicis.obj,4.3
FMA22873,FJ1540M,BP20457,Left semispinalis thoracis,muscle,name,4582,5176,internal_meshes/muscle/FJ1540M_BP20457_FMA22873_Left semispinalis thoracis.obj,4.3
FMA22872,FJ1540,BP20532,Right semispinalis thoracis,muscle,name,4575,5176,internal_meshes/muscle/FJ1540_BP20532_FMA22872_Right semispinalis thoracis.obj,4.3
FMA13406,FJ1541M,BP23485,Left serratus posterior inferior,muscle,name,8680,13164,internal_meshes/muscle/FJ1541M_BP23485_FMA13406_Left serratus posterior inferior.obj,4.3
FMA13405,FJ1541,BP23747,Right serratus posterior inferior,muscle,name,8698,13164,internal_meshes/muscle/FJ1541_BP23747_FMA13405_Right serratus posterior inferior.obj,4.3
FMA13404,FJ1542M,BP23455,Left serratus posterior superior,muscle,name,6203,9066,internal_meshes/muscle/FJ1542M_BP23455_FMA13404_Left serratus posterior superior.obj,4.3
FMA13403,FJ1542,BP23358,Right serratus posterior superior,muscle,name,6219,9066,internal_meshes/muscle/FJ1542_BP23358_FMA13403_Right serratus posterior superior.obj,4.3
FMA77179,FJ1543M,BP23472,Spinalis,muscle,name,1146,1192,internal_meshes/muscle/FJ1543M_BP23472_FMA77179_Spinalis.obj,4.3
FMA77179,FJ1543,BP23472,Spinalis,muscle,name,1146,1192,internal_meshes/muscle/FJ1543_BP23472_FMA77179_Spinalis.obj,4.3
FMA22780,FJ1544M,BP20426,Left spinalis thoracis,muscle,name,5756,7422,internal_meshes/muscle/FJ1544M_BP20426_FMA22780_Left spinalis thoracis.obj,4.3
FMA22779,FJ1544,BP19757,Right spinalis thoracis,muscle,name,5758,7422,internal_meshes/muscle/FJ1544_BP19757_FMA22779_Right spinalis thoracis.obj,4.3
FMA22729,FJ1545M,BP21636,Left splenius capitis,muscle,name,4846,7808,internal_meshes/muscle/FJ1545M_BP21636_FMA22729_Left splenius capitis.obj,4.3
FMA22728,FJ1545,BP21707,Right splenius capitis,muscle,name,4841,7808,internal_meshes/muscle/FJ1545_BP21707_FMA22728_Right splenius capitis.obj,4.3
FMA22727,FJ1546M,BP20533,Left splenius cervicis,muscle,name,4610,6256,internal_meshes/muscle/FJ1546M_BP20533_FMA22727_Left splenius cervicis.obj,4.3
FMA22726,FJ1546,BP20467,Right splenius cervicis,muscle,name,4604,6256,internal_meshes/muscle/FJ1546_BP20467_FMA22726_Right splenius cervicis.obj,4.3
FMA22850,FJ1547M,BP20530,Lateral lumbar intertransversarius,muscle,name,1628,1362,internal_meshes/muscle/FJ1547M_BP20530_FMA22850_Lateral lumbar intertransversarius.obj,4.3
FMA22850,FJ1547,BP20530,Lateral lumbar intertransversarius,muscle,name,1628,1362,internal_meshes/muscle/FJ1547_BP20530_FMA22850_Lateral lumbar intertransversarius.obj,4.3
FMA22851,FJ1548M,BP20392,Medial lumbar intertransversarius,muscle,name,1413,1736,internal_meshes/muscle/FJ1548M_BP20392_FMA22851_Medial lumbar intertransversarius.obj,4.3
FMA22851,FJ1548,BP20392,Medial lumbar intertransversarius,muscle,name,1416,1736,internal_meshes/muscle/FJ1548_BP20392_FMA22851_Medial lumbar intertransversarius.obj,4.3
FMA71442,FJ1549M,BP23055,Set of anterior cervical intertransversarii,muscle,name,1070,1152,internal_meshes/muscle/FJ1549M_BP23055_FMA71442_Set of anterior cervical intertransversarii.obj,4.3
FMA71442,FJ1549,BP23055,Set of anterior cervical intertransversarii,muscle,name,1068,1152,internal_meshes/muscle/FJ1549_BP23055_FMA71442_Set of anterior cervical intertransversarii.obj,4.3
FMA71307,FJ1550M,BP22921,Set of interspinales lumborum,muscle,name,817,774,internal_meshes/muscle/FJ1550M_BP22921_FMA71307_Set of interspinales lumborum.obj,4.3
FMA71307,FJ1550,BP22921,Set of interspinales lumborum,muscle,name,819,774,internal_meshes/muscle/FJ1550_BP22921_FMA71307_Set of interspinales lumborum.obj,4.3
FMA22891,FJ1551M,BP20516,Left interspinalis thoracis,muscle,name,426,410,internal_meshes/muscle/FJ1551M_BP20516_FMA22891_Left interspinalis thoracis.obj,4.3
FMA22890,FJ1551,BP20361,Right interspinalis thoracis,muscle,name,425,410,internal_meshes/muscle/FJ1551_BP20361_FMA22890_Right interspinalis thoracis.obj,4.3
FMA71309,FJ1552M,BP21485,Set of interspinales cervicis,muscle,name,1160,1210,internal_meshes/muscle/FJ1552M_BP21485_FMA71309_Set of interspinales cervicis.obj,4.3
FMA71309,FJ1552,BP21485,Set of interspinales cervicis,muscle,name,1148,1210,internal_meshes/muscle/FJ1552_BP21485_FMA71309_Set of interspinales cervicis.obj,4.3
FMA71443,FJ1553M,BP24027,Set of posterior cervical intertransversarii,muscle,name,1071,1090,internal_meshes/muscle/FJ1553M_BP24027_FMA71443_Set of posterior cervical intertransversarii.obj,4.3
FMA71443,FJ1553,BP24027,Set of posterior cervical intertransversarii,muscle,name,1074,1090,internal_meshes/muscle/FJ1553_BP24027_FMA71443_Set of posterior cervical intertransversarii.obj,4.3
FMA33585,FJ1554M,BP23256,Transverse part of left trapezius,muscle,name,3535,4460,internal_meshes/muscle/FJ1554M_BP23256_FMA33585_Transverse part of left trapezius.obj,4.3
FMA33584,FJ1554,BP23026,Transverse part of right trapezius,muscle,name,3535,4460,internal_meshes/muscle/FJ1554_BP23026_FMA33584_Transverse part of right trapezius.obj,4.3
FMA46293,FJ1555,BP23544,Left digastric,muscle,name,408,650,internal_meshes/muscle/FJ1555_BP23544_FMA46293_Left digastric.obj,4.3
FMA46292,FJ1556,BP23546,Right digastric,muscle,name,457,680,internal_meshes/muscle/FJ1556_BP23546_FMA46292_Right digastric.obj,4.3
FMA46288,FJ1557,BP23075,Inferior oblique part of left longus colli,muscle,name,1130,1960,internal_meshes/muscle/FJ1557_BP23075_FMA46288_Inferior oblique part of left longus colli.obj,4.3
FMA45740,FJ1558,BP23604,Left platysma,muscle,name,7290,13396,internal_meshes/muscle/FJ1558_BP23604_FMA45740_Left platysma.obj,4.3
FMA46327,FJ1559,BP23354,Left geniohyoid,muscle,name,419,732,internal_meshes/muscle/FJ1559_BP23354_FMA46327_Left geniohyoid.obj,4.3
FMA46293,FJ1560,BP23544,Left digastric,muscle,name,367,392,internal_meshes/muscle/FJ1560_BP23544_FMA46293_Left digastric.obj,4.3
FMA46310,FJ1561,BP23551,Left longus capitis,muscle,name,2300,3898,internal_meshes/muscle/FJ1561_BP23551_FMA46310_Left longus capitis.obj,4.3
FMA46322,FJ1562,BP23505,Left mylohyoid,muscle,name,1257,1938,internal_meshes/muscle/FJ1562_BP23505_FMA46322_Left mylohyoid.obj,4.3
FMA32537,FJ1563,BP20397,Left obliquus capitis inferior,muscle,name,703,1044,internal_meshes/muscle/FJ1563_BP20397_FMA32537_Left obliquus capitis inferior.obj,4.3
FMA32535,FJ1564,BP20435,Left obliquus capitis superior,muscle,name,1454,1418,internal_meshes/muscle/FJ1564_BP20435_FMA32535_Left obliquus capitis superior.obj,4.3
FMA13349,FJ1565,BP23521,Left omohyoid,muscle,name,3211,5358,internal_meshes/muscle/FJ1565_BP23521_FMA13349_Left omohyoid.obj,4.3
FMA46314,FJ1566,BP20248,Left rectus capitis anterior,muscle,name,646,816,internal_meshes/muscle/FJ1566_BP20248_FMA46314_Left rectus capitis anterior.obj,4.3
FMA32531,FJ1567,BP20642,Left rectus capitis posterior major,muscle,name,1038,1566,internal_meshes/muscle/FJ1567_BP20642_FMA32531_Left rectus capitis posterior major.obj,4.3
FMA32533,FJ1568,BP20531,Left rectus capitis posterior minor,muscle,name,686,860,internal_meshes/muscle/FJ1568_BP20531_FMA32533_Left rectus capitis posterior minor.obj,4.3
FMA46318,FJ1569,BP20145,Left rectus capitis lateralis,muscle,name,598,720,internal_meshes/muscle/FJ1569_BP20145_FMA46318_Left rectus capitis lateralis.obj,4.3
FMA13393,FJ1570,BP23606,Left scalenus anterior,muscle,name,1673,2596,internal_meshes/muscle/FJ1570_BP23606_FMA13393_Left scalenus anterior.obj,4.3
FMA13391,FJ1571,BP23616,Left scalenus medius,muscle,name,2969,4074,internal_meshes/muscle/FJ1571_BP23616_FMA13391_Left scalenus medius.obj,4.3
FMA13389,FJ1572,BP23656,Left scalenus posterior,muscle,name,1920,2756,internal_meshes/muscle/FJ1572_BP23656_FMA13389_Left scalenus posterior.obj,4.3
FMA13409,FJ1573,BP23424,Left sternocleidomastoid,muscle,name,6210,10224,internal_meshes/muscle/FJ1573_BP23424_FMA13409_Left sternocleidomastoid.obj,4.3
FMA13347,FJ1574,BP23601,Left sternohyoid,muscle,name,1812,3078,internal_meshes/muscle/FJ1574_BP23601_FMA13347_Left sternohyoid.obj,4.3
FMA13351,FJ1575,BP23603,Left sternothyroid,muscle,name,1569,2590,internal_meshes/muscle/FJ1575_BP23603_FMA13351_Left sternothyroid.obj,4.3
FMA45827,FJ1576,BP23559,Left stylohyoid,muscle,name,909,1248,internal_meshes/muscle/FJ1576_BP23559_FMA45827_Left stylohyoid.obj,4.3
FMA13353,FJ1577,BP23577,Left thyrohyoid,muscle,name,928,1436,internal_meshes/muscle/FJ1577_BP23577_FMA13353_Left thyrohyoid.obj,4.3
FMA46293,FJ1578,BP23544,Left digastric,muscle,name,1389,2242,internal_meshes/muscle/FJ1578_BP23544_FMA46293_Left digastric.obj,4.3
FMA46292,FJ1579,BP23546,Right digastric,muscle,name,1525,2272,internal_meshes/muscle/FJ1579_BP23546_FMA46292_Right digastric.obj,4.3
FMA46326,FJ1580,BP23425,Right geniohyoid,muscle,name,408,728,internal_meshes/muscle/FJ1580_BP23425_FMA46326_Right geniohyoid.obj,4.3
FMA258850,FJ1581,BP22918,Right intermediate tendon,ligament_tendon,name,408,468,internal_meshes/ligament_tendon/FJ1581_BP22918_FMA258850_Right intermediate tendon.obj,4.3
FMA46309,FJ1582,BP24099,Right longus capitis,muscle,name,2489,3956,internal_meshes/muscle/FJ1582_BP24099_FMA46309_Right longus capitis.obj,4.3
FMA46321,FJ1583,BP23666,Right mylohyoid,muscle,name,1267,1956,internal_meshes/muscle/FJ1583_BP23666_FMA46321_Right mylohyoid.obj,4.3
FMA32536,FJ1584,BP20333,Right obliquus capitis inferior,muscle,name,692,1032,internal_meshes/muscle/FJ1584_BP20333_FMA32536_Right obliquus capitis inferior.obj,4.3
FMA32534,FJ1585,BP20510,Right obliquus capitis superior,muscle,name,1569,1410,internal_meshes/muscle/FJ1585_BP20510_FMA32534_Right obliquus capitis superior.obj,4.3
FMA13348,FJ1586,BP23554,Right omohyoid,muscle,name,3368,5414,internal_meshes/muscle/FJ1586_BP23554_FMA13348_Right omohyoid.obj,4.3
FMA45739,FJ1587,BP23725,Right platysma,muscle,name,7857,13780,internal_meshes/muscle/FJ1587_BP23725_FMA45739_Right platysma.obj,4.3
FMA46313,FJ1588,BP23873,Right rectus capitis anterior,muscle,name,750,804,internal_meshes/muscle/FJ1588_BP23873_FMA46313_Right rectus capitis anterior.obj,4.3
FMA32530,FJ1589,BP20741,Right rectus capitis posterior major,muscle,name,1074,1572,internal_meshes/muscle/FJ1589_BP20741_FMA32530_Right rectus capitis posterior major.obj,4.3
FMA32532,FJ1590,BP22409,Right rectus capitis posterior minor,muscle,name,744,886,internal_meshes/muscle/FJ1590_BP22409_FMA32532_Right rectus capitis posterior minor.obj,4.3
FMA46317,FJ1591,BP19713,Right rectus capitis lateralis,muscle,name,553,674,internal_meshes/muscle/FJ1591_BP19713_FMA46317_Right rectus capitis lateralis.obj,4.3
FMA13392,FJ1592,BP23409,Right scalenus anterior,muscle,name,1697,2632,internal_meshes/muscle/FJ1592_BP23409_FMA13392_Right scalenus anterior.obj,4.3
FMA13390,FJ1593,BP21486,Right scalenus medius,muscle,name,3015,4102,internal_meshes/muscle/FJ1593_BP21486_FMA13390_Right scalenus medius.obj,4.3
FMA13388,FJ1594,BP23750,Right scalenus posterior,muscle,name,1979,2778,internal_meshes/muscle/FJ1594_BP23750_FMA13388_Right scalenus posterior.obj,4.3
FMA13408,FJ1595,BP23713,Right sternocleidomastoid,muscle,name,6642,10344,internal_meshes/muscle/FJ1595_BP23713_FMA13408_Right sternocleidomastoid.obj,4.3
FMA13346,FJ1596,BP23491,Right sternohyoid,muscle,name,1911,3116,internal_meshes/muscle/FJ1596_BP23491_FMA13346_Right sternohyoid.obj,4.3
FMA13350,FJ1597,BP23662,Right sternothyroid,muscle,name,1585,2608,internal_meshes/muscle/FJ1597_BP23662_FMA13350_Right sternothyroid.obj,4.3
FMA45826,FJ1598,BP23678,Right stylohyoid,muscle,name,843,1236,internal_meshes/muscle/FJ1598_BP23678_FMA45826_Right stylohyoid.obj,4.3
FMA13352,FJ1599,BP23558,Right thyrohyoid,muscle,name,1102,1450,internal_meshes/muscle/FJ1599_BP23558_FMA13352_Right thyrohyoid.obj,4.3
FMA46284,FJ1600,BP23160,Superior oblique part of left longus colli,muscle,name,1433,2200,internal_meshes/muscle/FJ1600_BP23160_FMA46284_Superior oblique part of left longus colli.obj,4.3
FMA46286,FJ1601,BP23033,Vertical intermediate part of left longus colli,muscle,name,1953,3002,internal_meshes/muscle/FJ1601_BP23033_FMA46286_Vertical intermediate part of left longus colli.obj,4.3
FMA50030,FJ1654M,BP21083,Left anterior cerebral artery,blood_vessel,name,213,400,internal_meshes/blood_vessel/FJ1654M_BP21083_FMA50030_Left anterior cerebral artery.obj,4.3
FMA50029,FJ1654,BP21122,Right anterior cerebral artery,blood_vessel,name,213,400,internal_meshes/blood_vessel/FJ1654_BP21122_FMA50029_Right anterior cerebral artery.obj,4.3
FMA50169,FJ1655,BP22478,Anterior communicating artery,blood_vessel,name,63,80,internal_meshes/blood_vessel/FJ1655_BP22478_FMA50169_Anterior communicating artery.obj,4.3
FMA50544,FJ1656M,BP22939,Anterior inferior cerebellar artery,blood_vessel,name,519,766,internal_meshes/blood_vessel/FJ1656M_BP22939_FMA50544_Anterior inferior cerebellar artery.obj,4.3
FMA50544,FJ1656,BP22939,Anterior inferior cerebellar artery,blood_vessel,name,524,766,internal_meshes/blood_vessel/FJ1656_BP22939_FMA50544_Anterior inferior cerebellar artery.obj,4.3
FMA50533,FJ1657M,BP21116,Left anterior spinal artery,blood_vessel,name,218,304,internal_meshes/blood_vessel/FJ1657M_BP21116_FMA50533_Left anterior spinal artery.obj,4.3
FMA50532,FJ1657,BP21313,Right anterior spinal artery,blood_vessel,name,218,304,internal_meshes/blood_vessel/FJ1657_BP21313_FMA50532_Right anterior spinal artery.obj,4.3
FMA50089,FJ1658M,BP21059,Left anterior choroidal artery,blood_vessel,name,343,418,internal_meshes/blood_vessel/FJ1658M_BP21059_FMA50089_Left anterior choroidal artery.obj,4.3
FMA50384,FJ1659M,BP21269,Left anterior temporal artery,blood_vessel,name,1104,1214,internal_meshes/blood_vessel/FJ1659M_BP21269_FMA50384_Left anterior temporal artery.obj,4.3
FMA50383,FJ1659,BP22068,Right anterior temporal artery,blood_vessel,name,1104,1214,internal_meshes/blood_vessel/FJ1659_BP22068_FMA50383_Right anterior temporal artery.obj,4.3
FMA50370,FJ1660M,BP23173,Insular part of left middle cerebral artery,blood_vessel,name,579,1154,internal_meshes/blood_vessel/FJ1660M_BP23173_FMA50370_Insular part of left middle cerebral artery.obj,4.3
FMA50369,FJ1660,BP23792,Insular part of right middle cerebral artery,blood_vessel,name,579,1154,internal_meshes/blood_vessel/FJ1660_BP23792_FMA50369_Insular part of right middle cerebral artery.obj,4.3
FMA50679,FJ1661M,BP22538,Anterior temporal branch of left lateral occipital artery,blood_vessel,name,1471,2488,internal_meshes/blood_vessel/FJ1661M_BP22538_FMA50679_Anterior temporal branch of left lateral occipital artery.obj,4.3
FMA50678,FJ1661,BP22726,Anterior temporal branch of right lateral occipital artery,blood_vessel,name,1473,2488,internal_meshes/blood_vessel/FJ1661_BP22726_FMA50678_Anterior temporal branch of right lateral occipital artery.obj,4.3
FMA77439,FJ1664M,BP21196,Artery of central sulcus,blood_vessel,name,1967,3890,internal_meshes/blood_vessel/FJ1664M_BP21196_FMA77439_Artery of central sulcus.obj,4.3
FMA77439,FJ1664,BP21196,Artery of central sulcus,blood_vessel,name,1972,3890,internal_meshes/blood_vessel/FJ1664_BP21196_FMA77439_Artery of central sulcus.obj,4.3
FMA77439,FJ1665M,BP21196,Artery of central sulcus,blood_vessel,name,1791,3518,internal_meshes/blood_vessel/FJ1665M_BP21196_FMA77439_Artery of central sulcus.obj,4.3
FMA77439,FJ1665,BP21196,Artery of central sulcus,blood_vessel,name,1791,3518,internal_meshes/blood_vessel/FJ1665_BP21196_FMA77439_Artery of central sulcus.obj,4.3
FMA50484,FJ1666M,BP20626,Artery of left postcentral sulcus,blood_vessel,name,1412,2816,internal_meshes/blood_vessel/FJ1666M_BP20626_FMA50484_Artery of left postcentral sulcus.obj,4.3
FMA50483,FJ1666,BP21222,Artery of right postcentral sulcus,blood_vessel,name,1414,2816,internal_meshes/blood_vessel/FJ1666_BP21222_FMA50483_Artery of right postcentral sulcus.obj,4.3
FMA50487,FJ1667M,BP21221,Left anterior parietal artery,blood_vessel,name,963,1908,internal_meshes/blood_vessel/FJ1667M_BP21221_FMA50487_Left anterior parietal artery.obj,4.3
FMA50486,FJ1667,BP21265,Right anterior parietal artery,blood_vessel,name,964,1908,internal_meshes/blood_vessel/FJ1667_BP21265_FMA50486_Right anterior parietal artery.obj,4.3
FMA50481,FJ1668M,BP21239,Artery of left precentral sulcus,blood_vessel,name,1758,3486,internal_meshes/blood_vessel/FJ1668M_BP21239_FMA50481_Artery of left precentral sulcus.obj,4.3
FMA50480,FJ1668,BP21244,Artery of right precentral sulcus,blood_vessel,name,1757,3486,internal_meshes/blood_vessel/FJ1668_BP21244_FMA50480_Artery of right precentral sulcus.obj,4.3
FMA50481,FJ1669M,BP21239,Artery of left precentral sulcus,blood_vessel,name,637,1266,internal_meshes/blood_vessel/FJ1669M_BP21239_FMA50481_Artery of left precentral sulcus.obj,4.3
FMA50480,FJ1669,BP21244,Artery of right precentral sulcus,blood_vessel,name,637,1266,internal_meshes/blood_vessel/FJ1669_BP21244_FMA50480_Artery of right precentral sulcus.obj,4.3
FMA50481,FJ1670M,BP21239,Artery of left precentral sulcus,blood_vessel,name,450,886,internal_meshes/blood_vessel/FJ1670M_BP21239_FMA50481_Artery of left precentral sulcus.obj,4.3
FMA50480,FJ1670,BP21244,Artery of right precentral sulcus,blood_vessel,name,450,886,internal_meshes/blood_vessel/FJ1670_BP21244_FMA50480_Artery of right precentral sulcus.obj,4.3
FMA50362,FJ1671M,BP21282,Precuneal branch of left pericallosal artery,blood_vessel,name,938,1266,internal_meshes/blood_vessel/FJ1671M_BP21282_FMA50362_Precuneal branch of left pericallosal artery.obj,4.3
FMA50361,FJ1671,BP21280,Precuneal branch of right pericallosal artery,blood_vessel,name,932,1266,internal_meshes/blood_vessel/FJ1671_BP21280_FMA50361_Precuneal branch of right pericallosal artery.obj,4.3
FMA50477,FJ1673M,BP22732,Branch of left middle cerebral artery to left angular gyrus,blood_vessel,name,924,1736,internal_meshes/blood_vessel/FJ1673M_BP22732_FMA50477_Branch of left middle cerebral artery to left angular gyrus.obj,4.3
FMA50476,FJ1673,BP21211,Branch of right middle cerebral artery to right angular gyrus,blood_vessel,name,928,1736,internal_meshes/blood_vessel/FJ1673_BP21211_FMA50476_Branch of right middle cerebral artery to right angular gyrus.obj,4.3
FMA50147,FJ1674M,BP21195,Branch of left anterior choroidal artery to posterior limb of left internal capsule,blood_vessel,name,400,346,internal_meshes/blood_vessel/FJ1674M_BP21195_FMA50147_Branch of left anterior choroidal artery to posterior limb of left internal capsule.obj,4.3
FMA50671,FJ1675M,BP22503,Left thalamogeniculate artery,blood_vessel,name,883,778,internal_meshes/blood_vessel/FJ1675M_BP22503_FMA50671_Left thalamogeniculate artery.obj,4.3
FMA50670,FJ1675,BP24012,Right thalamogeniculate artery,blood_vessel,name,882,778,internal_meshes/blood_vessel/FJ1675_BP24012_FMA50670_Right thalamogeniculate artery.obj,4.3
FMA50348,FJ1676M,BP21225,Left callosomarginal artery,blood_vessel,name,337,578,internal_meshes/blood_vessel/FJ1676M_BP21225_FMA50348_Left callosomarginal artery.obj,4.3
FMA50347,FJ1676,BP21288,Right callosomarginal artery,blood_vessel,name,334,578,internal_meshes/blood_vessel/FJ1676_BP21288_FMA50347_Right callosomarginal artery.obj,4.3
FMA50685,FJ1677M,BP22552,Left splenial artery,blood_vessel,name,144,262,internal_meshes/blood_vessel/FJ1677M_BP22552_FMA50685_Left splenial artery.obj,4.3
FMA50684,FJ1677,BP22539,Right splenial artery,blood_vessel,name,142,262,internal_meshes/blood_vessel/FJ1677_BP22539_FMA50684_Right splenial artery.obj,4.3
FMA50685,FJ1678M,BP22552,Left splenial artery,blood_vessel,name,649,1276,internal_meshes/blood_vessel/FJ1678M_BP22552_FMA50685_Left splenial artery.obj,4.3
FMA50684,FJ1678,BP22539,Right splenial artery,blood_vessel,name,648,1276,internal_meshes/blood_vessel/FJ1678_BP22539_FMA50684_Right splenial artery.obj,4.3
FMA50429,FJ1679M,BP21163,Hypothalamic branch of left posterior communicating artery,blood_vessel,name,195,156,internal_meshes/blood_vessel/FJ1679M_BP21163_FMA50429_Hypothalamic branch of left posterior communicating artery.obj,4.3
FMA50428,FJ1679,BP21602,Hypothalamic branch of right posterior communicating artery,blood_vessel,name,193,156,internal_meshes/blood_vessel/FJ1679_BP21602_FMA50428_Hypothalamic branch of right posterior communicating artery.obj,4.3
FMA50681,FJ1680M,BP22553,Middle temporal branch of left lateral occipital artery,blood_vessel,name,853,1486,internal_meshes/blood_vessel/FJ1680M_BP22553_FMA50681_Middle temporal branch of left lateral occipital artery.obj,4.3
FMA50680,FJ1680,BP22520,Middle temporal branch of right lateral occipital artery,blood_vessel,name,855,1486,internal_meshes/blood_vessel/FJ1680_BP22520_FMA50680_Middle temporal branch of right lateral occipital artery.obj,4.3
FMA50352,FJ1681M,BP21178,Intermediomedial branch of left callosomarginal artery,blood_vessel,name,615,1098,internal_meshes/blood_vessel/FJ1681M_BP21178_FMA50352_Intermediomedial branch of left callosomarginal artery.obj,4.3
FMA50351,FJ1681,BP21285,Intermediomedial branch of right callosomarginal artery,blood_vessel,name,619,1098,internal_meshes/blood_vessel/FJ1681_BP21285_FMA50351_Intermediomedial branch of right callosomarginal artery.obj,4.3
FMA69326,FJ1682M,BP23253,Trunk of left common carotid artery,blood_vessel,name,650,1272,internal_meshes/blood_vessel/FJ1682M_BP23253_FMA69326_Trunk of left common carotid artery.obj,4.3
FMA75866,FJ1682,BP23183,Trunk of right internal carotid artery,blood_vessel,name,650,1272,internal_meshes/blood_vessel/FJ1682_BP23183_FMA75866_Trunk of right internal carotid artery.obj,4.3
FMA50579,FJ1683M,BP21082,Lateral branch of left superior cerebellar artery,blood_vessel,name,720,728,internal_meshes/blood_vessel/FJ1683M_BP21082_FMA50579_Lateral branch of left superior cerebellar artery.obj,4.3
FMA50578,FJ1683,BP21073,Lateral branch of right superior cerebellar artery,blood_vessel,name,713,728,internal_meshes/blood_vessel/FJ1683_BP21073_FMA50578_Lateral branch of right superior cerebellar artery.obj,4.3
FMA50569,FJ1684M,BP22500,Lateral branch of left pontine artery,blood_vessel,name,524,558,internal_meshes/blood_vessel/FJ1684M_BP22500_FMA50569_Lateral branch of left pontine artery.obj,4.3
FMA50568,FJ1684,BP22712,Lateral branch of right pontine artery,blood_vessel,name,515,558,internal_meshes/blood_vessel/FJ1684_BP22712_FMA50568_Lateral branch of right pontine artery.obj,4.3
FMA50444,FJ1685M,BP21248,Left lateral frontobasal artery,blood_vessel,name,1821,3580,internal_meshes/blood_vessel/FJ1685M_BP21248_FMA50444_Left lateral frontobasal artery.obj,4.3
FMA50443,FJ1685,BP21249,Right lateral frontobasal artery,blood_vessel,name,1818,3580,internal_meshes/blood_vessel/FJ1685_BP21249_FMA50443_Right lateral frontobasal artery.obj,4.3
FMA50444,FJ1686M,BP21248,Left lateral frontobasal artery,blood_vessel,name,411,804,internal_meshes/blood_vessel/FJ1686M_BP21248_FMA50444_Left lateral frontobasal artery.obj,4.3
FMA50443,FJ1686,BP21249,Right lateral frontobasal artery,blood_vessel,name,411,804,internal_meshes/blood_vessel/FJ1686_BP21249_FMA50443_Right lateral frontobasal artery.obj,4.3
FMA86135,FJ1687M,BP23011,Trunk of left lateral occipital artery,blood_vessel,name,1202,2204,internal_meshes/blood_vessel/FJ1687M_BP23011_FMA86135_Trunk of left lateral occipital artery.obj,4.3
FMA86134,FJ1687,BP23030,Trunk of right lateral occipital artery,blood_vessel,name,1198,2204,internal_meshes/blood_vessel/FJ1687_BP23030_FMA86134_Trunk of right lateral occipital artery.obj,4.3
FMA50582,FJ1688M,BP21138,Medial branch of left superior cerebellar artery,blood_vessel,name,343,354,internal_meshes/blood_vessel/FJ1688M_BP21138_FMA50582_Medial branch of left superior cerebellar artery.obj,4.3
FMA50581,FJ1688,BP21145,Medial branch of right superior cerebellar artery,blood_vessel,name,342,354,internal_meshes/blood_vessel/FJ1688_BP21145_FMA50581_Medial branch of right superior cerebellar artery.obj,4.3
FMA50567,FJ1689M,BP22505,Medial branch of left pontine artery,blood_vessel,name,282,294,internal_meshes/blood_vessel/FJ1689M_BP22505_FMA50567_Medial branch of left pontine artery.obj,4.3
FMA50566,FJ1689,BP23807,Medial branch of right pontine artery,blood_vessel,name,282,294,internal_meshes/blood_vessel/FJ1689_BP23807_FMA50566_Medial branch of right pontine artery.obj,4.3
FMA50344,FJ1690M,BP21232,Left medial frontobasal artery,blood_vessel,name,557,698,internal_meshes/blood_vessel/FJ1690M_BP21232_FMA50344_Left medial frontobasal artery.obj,4.3
FMA50343,FJ1690,BP21247,Right medial frontobasal artery,blood_vessel,name,553,698,internal_meshes/blood_vessel/FJ1690_BP21247_FMA50343_Right medial frontobasal artery.obj,4.3
FMA86137,FJ1691M,BP23006,Trunk of left medial occipital artery,blood_vessel,name,1713,2588,internal_meshes/blood_vessel/FJ1691M_BP23006_FMA86137_Trunk of left medial occipital artery.obj,4.3
FMA86136,FJ1691,BP23031,Trunk of right medial occipital artery,blood_vessel,name,1724,2588,internal_meshes/blood_vessel/FJ1691_BP23031_FMA86136_Trunk of right medial occipital artery.obj,4.3
FMA50367,FJ1692M,BP23285,Sphenoid part of left middle cerebral artery,blood_vessel,name,402,800,internal_meshes/blood_vessel/FJ1692M_BP23285_FMA50367_Sphenoid part of left middle cerebral artery.obj,4.3
FMA50366,FJ1692,BP23364,Sphenoid part of right middle cerebral artery,blood_vessel,name,402,800,internal_meshes/blood_vessel/FJ1692_BP23364_FMA50366_Sphenoid part of right middle cerebral artery.obj,4.3
FMA50468,FJ1693M,BP21235,Middle temporal branch of left middle cerebral artery,blood_vessel,name,701,818,internal_meshes/blood_vessel/FJ1693M_BP21235_FMA50468_Middle temporal branch of left middle cerebral artery.obj,4.3
FMA50467,FJ1693,BP21218,Middle temporal branch of right middle cerebral artery,blood_vessel,name,704,818,internal_meshes/blood_vessel/FJ1693_BP21218_FMA50467_Middle temporal branch of right middle cerebral artery.obj,4.3
FMA50370,FJ1694M,BP23173,Insular part of left middle cerebral artery,blood_vessel,name,2362,4706,internal_meshes/blood_vessel/FJ1694M_BP23173_FMA50370_Insular part of left middle cerebral artery.obj,4.3
FMA49870,FJ1695M,BP22443,Left ophthalmic artery,blood_vessel,name,1207,2410,internal_meshes/blood_vessel/FJ1695M_BP22443_FMA49870_Left ophthalmic artery.obj,4.3
FMA49869,FJ1695,BP21312,Right ophthalmic artery,blood_vessel,name,1207,2410,internal_meshes/blood_vessel/FJ1695_BP21312_FMA49869_Right ophthalmic artery.obj,4.3
FMA50358,FJ1696M,BP21277,Paracentral branch of left callosomarginal artery,blood_vessel,name,1176,2172,internal_meshes/blood_vessel/FJ1696M_BP21277_FMA50358_Paracentral branch of left callosomarginal artery.obj,4.3
FMA50357,FJ1696,BP21278,Paracentral branch of right callosomarginal artery,blood_vessel,name,1170,2172,internal_meshes/blood_vessel/FJ1696_BP21278_FMA50357_Paracentral branch of right callosomarginal artery.obj,4.3
FMA50358,FJ1697M,BP21277,Paracentral branch of left callosomarginal artery,blood_vessel,name,553,692,internal_meshes/blood_vessel/FJ1697M_BP21277_FMA50358_Paracentral branch of left callosomarginal artery.obj,4.3
FMA50357,FJ1697,BP21278,Paracentral branch of right callosomarginal artery,blood_vessel,name,551,692,internal_meshes/blood_vessel/FJ1697_BP21278_FMA50357_Paracentral branch of right callosomarginal artery.obj,4.3
FMA50358,FJ1698M,BP21277,Paracentral branch of left callosomarginal artery,blood_vessel,name,557,782,internal_meshes/blood_vessel/FJ1698M_BP21277_FMA50358_Paracentral branch of left callosomarginal artery.obj,4.3
FMA50357,FJ1698,BP21278,Paracentral branch of right callosomarginal artery,blood_vessel,name,553,782,internal_meshes/blood_vessel/FJ1698_BP21278_FMA50357_Paracentral branch of right callosomarginal artery.obj,4.3
FMA50360,FJ1699M,BP21240,Left pericallosal artery,blood_vessel,name,972,1080,internal_meshes/blood_vessel/FJ1699M_BP21240_FMA50360_Left pericallosal artery.obj,4.3
FMA50359,FJ1699,BP21267,Right pericallosal artery,blood_vessel,name,984,1080,internal_meshes/blood_vessel/FJ1699_BP21267_FMA50359_Right pericallosal artery.obj,4.3
FMA50520,FJ1700M,BP21999,Left posterior inferior cerebellar artery,blood_vessel,name,274,326,internal_meshes/blood_vessel/FJ1700M_BP21999_FMA50520_Left posterior inferior cerebellar artery.obj,4.3
FMA50519,FJ1700,BP24003,Right posterior inferior cerebellar artery,blood_vessel,name,272,326,internal_meshes/blood_vessel/FJ1700_BP24003_FMA50519_Right posterior inferior cerebellar artery.obj,4.3
FMA50520,FJ1701M,BP21999,Left posterior inferior cerebellar artery,blood_vessel,name,428,306,internal_meshes/blood_vessel/FJ1701M_BP21999_FMA50520_Left posterior inferior cerebellar artery.obj,4.3
FMA50519,FJ1701,BP24003,Right posterior inferior cerebellar artery,blood_vessel,name,427,306,internal_meshes/blood_vessel/FJ1701_BP24003_FMA50519_Right posterior inferior cerebellar artery.obj,4.3
FMA50520,FJ1702M,BP21999,Left posterior inferior cerebellar artery,blood_vessel,name,356,240,internal_meshes/blood_vessel/FJ1702M_BP21999_FMA50520_Left posterior inferior cerebellar artery.obj,4.3
FMA50519,FJ1702,BP24003,Right posterior inferior cerebellar artery,blood_vessel,name,356,240,internal_meshes/blood_vessel/FJ1702_BP24003_FMA50519_Right posterior inferior cerebellar artery.obj,4.3
FMA50520,FJ1703M,BP21999,Left posterior inferior cerebellar artery,blood_vessel,name,344,224,internal_meshes/blood_vessel/FJ1703M_BP21999_FMA50520_Left posterior inferior cerebellar artery.obj,4.3
FMA50519,FJ1703,BP24003,Right posterior inferior cerebellar artery,blood_vessel,name,348,224,internal_meshes/blood_vessel/FJ1703_BP24003_FMA50519_Right posterior inferior cerebellar artery.obj,4.3
FMA50520,FJ1704M,BP21999,Left posterior inferior cerebellar artery,blood_vessel,name,258,286,internal_meshes/blood_vessel/FJ1704M_BP21999_FMA50520_Left posterior inferior cerebellar artery.obj,4.3
FMA50519,FJ1704,BP24003,Right posterior inferior cerebellar artery,blood_vessel,name,261,286,internal_meshes/blood_vessel/FJ1704_BP24003_FMA50519_Right posterior inferior cerebellar artery.obj,4.3
FMA50520,FJ1705M,BP21999,Left posterior inferior cerebellar artery,blood_vessel,name,280,322,internal_meshes/blood_vessel/FJ1705M_BP21999_FMA50520_Left posterior inferior cerebellar artery.obj,4.3
FMA50519,FJ1705,BP24003,Right posterior inferior cerebellar artery,blood_vessel,name,277,322,internal_meshes/blood_vessel/FJ1705_BP24003_FMA50519_Right posterior inferior cerebellar artery.obj,4.3
FMA50520,FJ1706M,BP21999,Left posterior inferior cerebellar artery,blood_vessel,name,284,292,internal_meshes/blood_vessel/FJ1706M_BP21999_FMA50520_Left posterior inferior cerebellar artery.obj,4.3
FMA50519,FJ1706,BP24003,Right posterior inferior cerebellar artery,blood_vessel,name,290,292,internal_meshes/blood_vessel/FJ1706_BP24003_FMA50519_Right posterior inferior cerebellar artery.obj,4.3
FMA50520,FJ1707M,BP21999,Left posterior inferior cerebellar artery,blood_vessel,name,122,84,internal_meshes/blood_vessel/FJ1707M_BP21999_FMA50520_Left posterior inferior cerebellar artery.obj,4.3
FMA50519,FJ1707,BP24003,Right posterior inferior cerebellar artery,blood_vessel,name,122,84,internal_meshes/blood_vessel/FJ1707_BP24003_FMA50519_Right posterior inferior cerebellar artery.obj,4.3
FMA50520,FJ1708M,BP21999,Left posterior inferior cerebellar artery,blood_vessel,name,136,86,internal_meshes/blood_vessel/FJ1708M_BP21999_FMA50520_Left posterior inferior cerebellar artery.obj,4.3
FMA50519,FJ1708,BP24003,Right posterior inferior cerebellar artery,blood_vessel,name,136,86,internal_meshes/blood_vessel/FJ1708_BP24003_FMA50519_Right posterior inferior cerebellar artery.obj,4.3
FMA50520,FJ1709M,BP21999,Left posterior inferior cerebellar artery,blood_vessel,name,238,176,internal_meshes/blood_vessel/FJ1709M_BP21999_FMA50520_Left posterior inferior cerebellar artery.obj,4.3
FMA50519,FJ1709,BP24003,Right posterior inferior cerebellar artery,blood_vessel,name,238,176,internal_meshes/blood_vessel/FJ1709_BP24003_FMA50519_Right posterior inferior cerebellar artery.obj,4.3
FMA50520,FJ1710M,BP21999,Left posterior inferior cerebellar artery,blood_vessel,name,210,166,internal_meshes/blood_vessel/FJ1710M_BP21999_FMA50520_Left posterior inferior cerebellar artery.obj,4.3
FMA50519,FJ1710,BP24003,Right posterior inferior cerebellar artery,blood_vessel,name,212,166,internal_meshes/blood_vessel/FJ1710_BP24003_FMA50519_Right posterior inferior cerebellar artery.obj,4.3
FMA50520,FJ1711M,BP21999,Left posterior inferior cerebellar artery,blood_vessel,name,817,736,internal_meshes/blood_vessel/FJ1711M_BP21999_FMA50520_Left posterior inferior cerebellar artery.obj,4.3
FMA50519,FJ1711,BP24003,Right posterior inferior cerebellar artery,blood_vessel,name,821,736,internal_meshes/blood_vessel/FJ1711_BP24003_FMA50519_Right posterior inferior cerebellar artery.obj,4.3
FMA50381,FJ1712M,BP21286,Left polar temporal artery,blood_vessel,name,271,360,internal_meshes/blood_vessel/FJ1712M_BP21286_FMA50381_Left polar temporal artery.obj,4.3
FMA50380,FJ1712,BP21274,Right polar temporal artery,blood_vessel,name,269,360,internal_meshes/blood_vessel/FJ1712_BP21274_FMA50380_Right polar temporal artery.obj,4.3
FMA50086,FJ1713M,BP21086,Left posterior communicating artery,blood_vessel,name,122,204,internal_meshes/blood_vessel/FJ1713M_BP21086_FMA50086_Left posterior communicating artery.obj,4.3
FMA50085,FJ1713,BP21058,Right posterior communicating artery,blood_vessel,name,122,204,internal_meshes/blood_vessel/FJ1713_BP21058_FMA50085_Right posterior communicating artery.obj,4.3
FMA50642,FJ1714M,BP23057,Postcommunicating part of left posterior cerebral artery,blood_vessel,name,280,544,internal_meshes/blood_vessel/FJ1714M_BP23057_FMA50642_Postcommunicating part of left posterior cerebral artery.obj,4.3
FMA50641,FJ1714,BP23063,Postcommunicating part of right posterior cerebral artery,blood_vessel,name,280,544,internal_meshes/blood_vessel/FJ1714_BP23063_FMA50641_Postcommunicating part of right posterior cerebral artery.obj,4.3
FMA50520,FJ1715M,BP21999,Left posterior inferior cerebellar artery,blood_vessel,name,673,796,internal_meshes/blood_vessel/FJ1715M_BP21999_FMA50520_Left posterior inferior cerebellar artery.obj,4.3
FMA50519,FJ1715,BP24003,Right posterior inferior cerebellar artery,blood_vessel,name,668,796,internal_meshes/blood_vessel/FJ1715_BP24003_FMA50519_Right posterior inferior cerebellar artery.obj,4.3
FMA50490,FJ1716M,BP21238,Left posterior parietal artery,blood_vessel,name,3447,6812,internal_meshes/blood_vessel/FJ1716M_BP21238_FMA50490_Left posterior parietal artery.obj,4.3
FMA50489,FJ1716,BP21246,Right posterior parietal artery,blood_vessel,name,3447,6812,internal_meshes/blood_vessel/FJ1716_BP21246_FMA50489_Right posterior parietal artery.obj,4.3
FMA50471,FJ1717M,BP21220,Posterior temporal branch of left middle cerebral artery,blood_vessel,name,1701,3328,internal_meshes/blood_vessel/FJ1717M_BP21220_FMA50471_Posterior temporal branch of left middle cerebral artery.obj,4.3
FMA50470,FJ1717,BP21234,Posterior temporal branch of right middle cerebral artery,blood_vessel,name,1697,3328,internal_meshes/blood_vessel/FJ1717_BP21234_FMA50470_Posterior temporal branch of right middle cerebral artery.obj,4.3
FMA76129,FJ1718M,BP20996,Trunk of inferior terminal branch of left middle cerebral artery,blood_vessel,name,210,368,internal_meshes/blood_vessel/FJ1718M_BP20996_FMA76129_Trunk of inferior terminal branch of left middle cerebral artery.obj,4.3
FMA76128,FJ1718,BP20984,Trunk of inferior terminal branch of right middle cerebral artery,blood_vessel,name,208,368,internal_meshes/blood_vessel/FJ1718_BP20984_FMA76128_Trunk of inferior terminal branch of right middle cerebral artery.obj,4.3
FMA71502,FJ1719M,BP22623,Set of posterior temporal branches of lateral occipital artery,blood_vessel,name,979,1694,internal_meshes/blood_vessel/FJ1719M_BP22623_FMA71502_Set of posterior temporal branches of lateral occipital artery.obj,4.3
FMA71502,FJ1719,BP22623,Set of posterior temporal branches of lateral occipital artery,blood_vessel,name,983,1694,internal_meshes/blood_vessel/FJ1719_BP22623_FMA71502_Set of posterior temporal branches of lateral occipital artery.obj,4.3
FMA50665,FJ1720M,BP22720,Left thalamoperforating artery,blood_vessel,name,505,706,internal_meshes/blood_vessel/FJ1720M_BP22720_FMA50665_Left thalamoperforating artery.obj,4.3
FMA50664,FJ1720,BP22541,Right thalamoperforating artery,blood_vessel,name,503,706,internal_meshes/blood_vessel/FJ1720_BP22541_FMA50664_Right thalamoperforating artery.obj,4.3
FMA50661,FJ1721M,BP19808,Posteromedial central branch of left posterior cerebral artery,blood_vessel,name,196,252,internal_meshes/blood_vessel/FJ1721M_BP19808_FMA50661_Posteromedial central branch of left posterior cerebral artery.obj,4.3
FMA50354,FJ1722M,BP21272,Posteromedial branch of left callosomarginal artery,blood_vessel,name,394,530,internal_meshes/blood_vessel/FJ1722M_BP21272_FMA50354_Posteromedial branch of left callosomarginal artery.obj,4.3
FMA50353,FJ1722,BP22735,Posteromedial branch of right callosomarginal artery,blood_vessel,name,394,530,internal_meshes/blood_vessel/FJ1722_BP22735_FMA50353_Posteromedial branch of right callosomarginal artery.obj,4.3
FMA50640,FJ1723M,BP23793,Precommunicating part of left posterior cerebral artery,blood_vessel,name,155,282,internal_meshes/blood_vessel/FJ1723M_BP23793_FMA50640_Precommunicating part of left posterior cerebral artery.obj,4.3
FMA50639,FJ1723,BP23085,Precommunicating part of right posterior cerebral artery,blood_vessel,name,155,282,internal_meshes/blood_vessel/FJ1723_BP23085_FMA50639_Precommunicating part of right posterior cerebral artery.obj,4.3
FMA50478,FJ1724M,BP22067,Left prefrontal artery,blood_vessel,name,2786,5424,internal_meshes/blood_vessel/FJ1724M_BP22067_FMA50478_Left prefrontal artery.obj,4.3
FMA50445,FJ1724,BP21259,Right prefrontal artery,blood_vessel,name,2789,5424,internal_meshes/blood_vessel/FJ1724_BP21259_FMA50445_Right prefrontal artery.obj,4.3
FMA76262,FJ1725M,BP23900,Trunk of left vertebral artery,blood_vessel,name,489,800,internal_meshes/blood_vessel/FJ1725M_BP23900_FMA76262_Trunk of left vertebral artery.obj,4.3
FMA76261,FJ1725,BP23901,Trunk of right vertebral artery,blood_vessel,name,489,800,internal_meshes/blood_vessel/FJ1725_BP23901_FMA76261_Trunk of right vertebral artery.obj,4.3
FMA50575,FJ1726M,BP20958,Left superior cerebellar artery,blood_vessel,name,226,406,internal_meshes/blood_vessel/FJ1726M_BP20958_FMA50575_Left superior cerebellar artery.obj,4.3
FMA50574,FJ1726,BP23767,Right superior cerebellar artery,blood_vessel,name,226,406,internal_meshes/blood_vessel/FJ1726_BP23767_FMA50574_Right superior cerebellar artery.obj,4.3
FMA50673,FJ1727M,BP22525,Left posterior medial choroidal artery,blood_vessel,name,557,880,internal_meshes/blood_vessel/FJ1727M_BP22525_FMA50673_Left posterior medial choroidal artery.obj,4.3
FMA50672,FJ1727,BP21166,Right posterior medial choroidal artery,blood_vessel,name,557,880,internal_meshes/blood_vessel/FJ1727_BP21166_FMA50672_Right posterior medial choroidal artery.obj,4.3
FMA50697,FJ1728M,BP21152,Superior vermian branch of medial branch of left superior cerebellar artery,blood_vessel,name,285,412,internal_meshes/blood_vessel/FJ1728M_BP21152_FMA50697_Superior vermian branch of medial branch of left superior cerebellar artery.obj,4.3
FMA50696,FJ1728,BP22724,Superior vermian branch of medial branch of right superior cerebellar artery,blood_vessel,name,283,412,internal_meshes/blood_vessel/FJ1728_BP22724_FMA50696_Superior vermian branch of medial branch of right superior cerebellar artery.obj,4.3
FMA50474,FJ1729M,BP21215,Temporo-occipital branch of left middle cerebral artery,blood_vessel,name,1540,2416,internal_meshes/blood_vessel/FJ1729M_BP21215_FMA50474_Temporo-occipital branch of left middle cerebral artery.obj,4.3
FMA50473,FJ1729,BP22193,Temporo-occipital branch of right middle cerebral artery,blood_vessel,name,1538,2416,internal_meshes/blood_vessel/FJ1729_BP22193_FMA50473_Temporo-occipital branch of right middle cerebral artery.obj,4.3
FMA78454,FJ1730,BP24045,Third ventricle,brain,name,1994,3870,internal_meshes/brain/FJ1730_BP24045_FMA78454_Third ventricle.obj,4.3
FMA78469,FJ1731,BP21438,Fourth ventricle,brain,name,3567,6940,internal_meshes/brain/FJ1731_BP21438_FMA78469_Fourth ventricle.obj,4.3
FMA72670,FJ1732,BP21657,Left angular gyrus,brain,name,2048,3588,internal_meshes/brain/FJ1732_BP21657_FMA72670_Left angular gyrus.obj,4.3
FMA72669,FJ1733,BP23987,Right angular gyrus,brain,name,2084,3554,internal_meshes/brain/FJ1733_BP23987_FMA72669_Right angular gyrus.obj,4.3
FMA61961,FJ1734,BP24031,Anterior commissure,brain,name,428,812,internal_meshes/brain/FJ1734_BP24031_FMA61961_Anterior commissure.obj,4.3
FMA73462,FJ1735,BP23528,Brachium of left superior colliculus,brain,name,144,282,internal_meshes/brain/FJ1735_BP23528_FMA73462_Brachium of left superior colliculus.obj,4.3
FMA73461,FJ1736,BP23605,Brachium of right superior colliculus,brain,name,138,266,internal_meshes/brain/FJ1736_BP23605_FMA73461_Brachium of right superior colliculus.obj,4.3
FMA78497,FJ1737,BP21401,Central canal of spinal cord,brain,name,427,728,internal_meshes/brain/FJ1737_BP21401_FMA78497_Central canal of spinal cord.obj,4.3
FMA78467,FJ1738,BP22739,Cerebral aqueduct,brain,name,310,518,internal_meshes/brain/FJ1738_BP22739_FMA78467_Cerebral aqueduct.obj,4.3
FMA61970,FJ1741,BP21495,Commissure of fornix of forebrain,brain,name,5400,10632,internal_meshes/brain/FJ1741_BP21495_FMA61970_Commissure of fornix of forebrain.obj,4.3
FMA86464,FJ1742,BP21574,Corpus callosum,brain,name,16716,30232,internal_meshes/brain/FJ1742_BP21574_FMA86464_Corpus callosum.obj,4.3
FMA62032,FJ1743,BP22971,Habenula,brain,name,283,384,internal_meshes/brain/FJ1743_BP22971_FMA62032_Habenula.obj,4.3
FMA72658,FJ1744,BP22402,Left inferior frontal gyrus,brain,name,1927,3290,internal_meshes/brain/FJ1744_BP22402_FMA72658_Left inferior frontal gyrus.obj,4.3
FMA72657,FJ1745,BP22397,Right inferior frontal gyrus,brain,name,1928,3292,internal_meshes/brain/FJ1745_BP22397_FMA72657_Right inferior frontal gyrus.obj,4.3
FMA72688,FJ1746,BP22696,Left inferior temporal gyrus,brain,name,1573,2732,internal_meshes/brain/FJ1746_BP22696_FMA72688_Left inferior temporal gyrus.obj,4.3
FMA72687,FJ1747,BP22176,Right inferior temporal gyrus,brain,name,1610,2768,internal_meshes/brain/FJ1747_BP22176_FMA72687_Right inferior temporal gyrus.obj,4.3
FMA72978,FJ1748,BP23978,Left insula,brain,name,1250,2448,internal_meshes/brain/FJ1748_BP23978_FMA72978_Left insula.obj,4.3
FMA72977,FJ1749,BP21973,Right insula,brain,name,1261,2448,internal_meshes/brain/FJ1749_BP21973_FMA72977_Right insula.obj,4.3
FMA72907,FJ1750,BP22348,Left internal capsule,brain,name,5375,10740,internal_meshes/brain/FJ1750_BP22348_FMA72907_Left internal capsule.obj,4.3
FMA72906,FJ1751,BP22231,Right internal capsule,brain,name,5376,10742,internal_meshes/brain/FJ1751_BP22231_FMA72906_Right internal capsule.obj,4.3
FMA75351,FJ1752,BP21789,Interventricular foramen,organ,name,541,1068,internal_meshes/organ/FJ1752_BP21789_FMA75351_Interventricular foramen.obj,4.3
FMA72833,FJ1753,BP20316,Left amygdala,brain,name,202,382,internal_meshes/brain/FJ1753_BP20316_FMA72833_Left amygdala.obj,4.3
FMA72827,FJ1754,BP23921,Left caudate nucleus,brain,name,1334,2544,internal_meshes/brain/FJ1754_BP23921_FMA72827_Left caudate nucleus.obj,4.3
FMA61934,FJ1755,BP21421,Choroid plexus of cerebral hemisphere,brain,name,2913,4930,internal_meshes/brain/FJ1755_BP21421_FMA61934_Choroid plexus of cerebral hemisphere.obj,4.3
FMA72831,FJ1757,BP20205,Left globus pallidus,brain,name,3542,7080,internal_meshes/brain/FJ1757_BP20205_FMA72831_Left globus pallidus.obj,4.3
FMA261085,FJ1758,BP23298,White matter of left temporal lobe,brain,name,15286,25542,internal_meshes/brain/FJ1758_BP23298_FMA261085_White matter of left temporal lobe.obj,4.3
FMA72714,FJ1759,BP24047,Left hippocampus proper,brain,name,492,980,internal_meshes/brain/FJ1759_BP24047_FMA72714_Left hippocampus proper.obj,4.3
FMA62008,FJ1760,BP21294,Hypothalamus,brain,name,1183,2050,internal_meshes/brain/FJ1760_BP21294_FMA62008_Hypothalamus.obj,4.3
FMA73464,FJ1761,BP23602,Brachium of left inferior colliculus,brain,name,156,308,internal_meshes/brain/FJ1761_BP23602_FMA73464_Brachium of left inferior colliculus.obj,4.3
FMA73435,FJ1762,BP22120,Left inferior colliculus,brain,name,81,156,internal_meshes/brain/FJ1762_BP22120_FMA73435_Left inferior colliculus.obj,4.3
FMA83740,FJ1763,BP21479,Interpeduncular fossa,brain,name,85,58,internal_meshes/brain/FJ1763_BP21479_FMA83740_Interpeduncular fossa.obj,4.3
FMA61975,FJ1764,BP23777,Lamina terminalis,brain,name,246,286,internal_meshes/brain/FJ1764_BP23777_FMA61975_Lamina terminalis.obj,4.3
FMA73304,FJ1766,BP20469,Left lateral geniculate body,brain,name,112,196,internal_meshes/brain/FJ1766_BP20469_FMA73304_Left lateral geniculate body.obj,4.3
FMA78450,FJ1767,BP21451,Left lateral ventricle,brain,name,8986,17968,internal_meshes/brain/FJ1767_BP21451_FMA78450_Left lateral ventricle.obj,4.3
FMA62004,FJ1769,BP23201,Medulla oblongata,brain,name,3196,6036,internal_meshes/brain/FJ1769_BP23201_FMA62004_Medulla oblongata.obj,4.3
FMA242162,FJ1770,BP19692,Left cerebral crus,brain,name,4157,6468,internal_meshes/brain/FJ1770_BP19692_FMA242162_Left cerebral crus.obj,4.3
FMA67943,FJ1775,BP22028,Pons,brain,name,5764,10304,internal_meshes/brain/FJ1775_BP22028_FMA67943_Pons.obj,4.3
FMA72829,FJ1776,BP20313,Left putamen,brain,name,3642,7056,internal_meshes/brain/FJ1776_BP20313_FMA72829_Left putamen.obj,4.3
FMA73414,FJ1777,BP23489,Left stria medullaris of thalamus,brain,name,586,926,internal_meshes/brain/FJ1777_BP23489_FMA73414_Left stria medullaris of thalamus.obj,4.3
FMA72940,FJ1778,BP20186,Left stria terminalis,brain,manual,545,690,internal_meshes/brain/FJ1778_BP20186_FMA72940_Left stria terminalis.obj,4.3
FMA73423,FJ1779,BP20130,Left superior colliculus,brain,name,93,180,internal_meshes/brain/FJ1779_BP20130_FMA73423_Left superior colliculus.obj,4.3
FMA62327,FJ1780,BP22167,Tuber cinereum,brain,manual,627,804,internal_meshes/brain/FJ1780_BP22167_FMA62327_Tuber cinereum.obj,4.3
FMA67944,FJ1781,BP22033,Cerebellum,brain,name,12098,23818,internal_meshes/brain/FJ1781_BP22033_FMA67944_Cerebellum.obj,4.3
FMA258716,FJ1782,BP21462,Left thalamus,brain,name,853,1702,internal_meshes/brain/FJ1782_BP21462_FMA258716_Left thalamus.obj,4.3
FMA72656,FJ1787,BP22367,Left middle frontal gyrus,brain,name,1973,3416,internal_meshes/brain/FJ1787_BP22367_FMA72656_Left middle frontal gyrus.obj,4.3
FMA72655,FJ1788,BP20959,Right middle frontal gyrus,brain,name,1960,3326,internal_meshes/brain/FJ1788_BP20959_FMA72655_Right middle frontal gyrus.obj,4.3
FMA72686,FJ1789,BP22697,Left middle temporal gyrus,brain,name,1528,2710,internal_meshes/brain/FJ1789_BP22697_FMA72686_Left middle temporal gyrus.obj,4.3
FMA72685,FJ1790,BP22182,Right middle temporal gyrus,brain,name,1563,2754,internal_meshes/brain/FJ1790_BP22182_FMA72685_Right middle temporal gyrus.obj,4.3
FMA62033,FJ1795,BP21418,Pineal body,brain,manual,292,580,internal_meshes/brain/FJ1795_BP21418_FMA62033_Pineal body.obj,4.3
FMA13889,FJ1796,BP23814,Pituitary gland,gland,name,609,1164,internal_meshes/gland/FJ1796_BP23814_FMA13889_Pituitary gland.obj,4.3
FMA72666,FJ1797,BP22179,Left postcentral gyrus,brain,name,2033,3604,internal_meshes/brain/FJ1797_BP22179_FMA72666_Left postcentral gyrus.obj,4.3
FMA72665,FJ1798,BP22140,Right postcentral gyrus,brain,name,2045,3604,internal_meshes/brain/FJ1798_BP22140_FMA72665_Right postcentral gyrus.obj,4.3
FMA62072,FJ1799,BP22899,Posterior commissure,brain,name,419,834,internal_meshes/brain/FJ1799_BP22899_FMA62072_Posterior commissure.obj,4.3
FMA72662,FJ1800,BP22183,Left precentral gyrus,brain,name,2336,4042,internal_meshes/brain/FJ1800_BP22183_FMA72662_Left precentral gyrus.obj,4.3
FMA72661,FJ1801,BP22215,Right precentral gyrus,brain,name,2382,4042,internal_meshes/brain/FJ1801_BP22215_FMA72661_Right precentral gyrus.obj,4.3
FMA72826,FJ1802,BP20207,Right caudate nucleus,brain,name,1334,2570,internal_meshes/brain/FJ1802_BP20207_FMA72826_Right caudate nucleus.obj,4.3
FMA61934,FJ1803,BP21421,Choroid plexus of cerebral hemisphere,brain,name,3014,4942,internal_meshes/brain/FJ1803_BP21421_FMA61934_Choroid plexus of cerebral hemisphere.obj,4.3
FMA72830,FJ1805,BP20297,Right globus pallidus,brain,name,2674,5344,internal_meshes/brain/FJ1805_BP20297_FMA72830_Right globus pallidus.obj,4.3
FMA261083,FJ1806,BP23323,White matter of right temporal lobe,brain,name,15757,26512,internal_meshes/brain/FJ1806_BP23323_FMA261083_White matter of right temporal lobe.obj,4.3
FMA72713,FJ1807,BP24044,Right hippocampus proper,brain,name,515,1020,internal_meshes/brain/FJ1807_BP24044_FMA72713_Right hippocampus proper.obj,4.3
FMA62008,FJ1808,BP21294,Hypothalamus,brain,name,1191,2028,internal_meshes/brain/FJ1808_BP21294_FMA62008_Hypothalamus.obj,4.3
FMA73463,FJ1809,BP22786,Brachium of right inferior colliculus,brain,name,133,260,internal_meshes/brain/FJ1809_BP22786_FMA73463_Brachium of right inferior colliculus.obj,4.3
FMA73434,FJ1810,BP23935,Right inferior colliculus,brain,name,104,204,internal_meshes/brain/FJ1810_BP23935_FMA73434_Right inferior colliculus.obj,4.3
FMA83740,FJ1811,BP21479,Interpeduncular fossa,brain,name,95,76,internal_meshes/brain/FJ1811_BP21479_FMA83740_Interpeduncular fossa.obj,4.3
FMA61975,FJ1812,BP23777,Lamina terminalis,brain,name,239,278,internal_meshes/brain/FJ1812_BP23777_FMA61975_Lamina terminalis.obj,4.3
FMA73303,FJ1813,BP20476,Right lateral geniculate body,brain,name,305,604,internal_meshes/brain/FJ1813_BP20476_FMA73303_Right lateral geniculate body.obj,4.3
FMA78449,FJ1814,BP22737,Right lateral ventricle,brain,name,9011,18016,internal_meshes/brain/FJ1814_BP22737_FMA78449_Right lateral ventricle.obj,4.3
FMA73310,FJ1816M,BP23854,Left medial geniculate body,brain,name,101,198,internal_meshes/brain/FJ1816M_BP23854_FMA73310_Left medial geniculate body.obj,4.3
FMA73309,FJ1816,BP20529,Right medial geniculate body,brain,name,101,198,internal_meshes/brain/FJ1816_BP20529_FMA73309_Right medial geniculate body.obj,4.3
FMA242160,FJ1817,BP19691,Right cerebral crus,brain,name,4050,6440,internal_meshes/brain/FJ1817_BP19691_FMA242160_Right cerebral crus.obj,4.3
FMA67943,FJ1822,BP22028,Pons,brain,name,6179,10346,internal_meshes/brain/FJ1822_BP22028_FMA67943_Pons.obj,4.3
FMA72828,FJ1823,BP20196,Right putamen,brain,name,3690,7064,internal_meshes/brain/FJ1823_BP20196_FMA72828_Right putamen.obj,4.3
FMA73413,FJ1824,BP23630,Right stria medullaris of thalamus,brain,name,539,848,internal_meshes/brain/FJ1824_BP23630_FMA73413_Right stria medullaris of thalamus.obj,4.3
FMA72939,FJ1825,BP24069,Right stria terminalis,brain,name,651,764,internal_meshes/brain/FJ1825_BP24069_FMA72939_Right stria terminalis.obj,4.3
FMA73422,FJ1826,BP22114,Right superior colliculus,brain,name,91,176,internal_meshes/brain/FJ1826_BP22114_FMA73422_Right superior colliculus.obj,4.3
FMA258714,FJ1827,BP21533,Right thalamus,brain,name,381,758,internal_meshes/brain/FJ1827_BP21533_FMA258714_Right thalamus.obj,4.3
FMA62327,FJ1828,BP22167,Tuber cinereum,brain,manual,715,802,internal_meshes/brain/FJ1828_BP22167_FMA62327_Tuber cinereum.obj,4.3
FMA72832,FJ1829,BP20277,Right amygdala,brain,name,202,384,internal_meshes/brain/FJ1829_BP20277_FMA72832_Right amygdala.obj,4.3
FMA67944,FJ1830,BP22033,Cerebellum,brain,name,12226,23882,internal_meshes/brain/FJ1830_BP22033_FMA67944_Cerebellum.obj,4.3
FMA62004,FJ1831,BP23201,Medulla oblongata,brain,name,3281,6060,internal_meshes/brain/FJ1831_BP23201_FMA62004_Medulla oblongata.obj,4.3
FMA61842,FJ1832,BP21514,Septum of telencephalon,brain,name,5314,5704,internal_meshes/brain/FJ1832_BP21514_FMA61842_Septum of telencephalon.obj,4.3
FMA72654,FJ1833,BP22376,Left superior frontal gyrus,brain,name,3625,6452,internal_meshes/brain/FJ1833_BP22376_FMA72654_Left superior frontal gyrus.obj,4.3
FMA72653,FJ1834,BP23996,Right superior frontal gyrus,brain,name,3671,6450,internal_meshes/brain/FJ1834_BP23996_FMA72653_Right superior frontal gyrus.obj,4.3
FMA72672,FJ1835,BP22159,Left superior parietal lobule,brain,manual,3181,5364,internal_meshes/brain/FJ1835_BP22159_FMA72672_Left superior parietal lobule.obj,4.3
FMA72671,FJ1836,BP22214,Right superior parietal lobule,brain,manual,3241,5640,internal_meshes/brain/FJ1836_BP22214_FMA72671_Right superior parietal lobule.obj,4.3
FMA72801,FJ1837,BP20634,Anterior part of left superior temporal gyrus,brain,name,1039,1804,internal_meshes/brain/FJ1837_BP20634_FMA72801_Anterior part of left superior temporal gyrus.obj,4.3
FMA72800,FJ1838,BP21881,Anterior part of right superior temporal gyrus,brain,name,1082,1892,internal_meshes/brain/FJ1838_BP21881_FMA72800_Anterior part of right superior temporal gyrus.obj,4.3
FMA72805,FJ1839,BP21142,Posterior part of left superior temporal gyrus,brain,name,1200,2264,internal_meshes/brain/FJ1839_BP21142_FMA72805_Posterior part of left superior temporal gyrus.obj,4.3
FMA72804,FJ1840,BP21069,Posterior part of right superior temporal gyrus,brain,name,1220,2264,internal_meshes/brain/FJ1840_BP21069_FMA72804_Posterior part of right superior temporal gyrus.obj,4.3
FMA72668,FJ1841,BP22180,Left supramarginal gyrus,brain,name,1323,2344,internal_meshes/brain/FJ1841_BP22180_FMA72668_Left supramarginal gyrus.obj,4.3
FMA72667,FJ1842,BP22255,Right supramarginal gyrus,brain,name,1368,2314,internal_meshes/brain/FJ1842_BP22255_FMA72667_Right supramarginal gyrus.obj,4.3
FMA83966,FJ1843,BP24046,Tentorium cerebelli,brain,name,11794,21924,internal_meshes/brain/FJ1843_BP24046_FMA83966_Tentorium cerebelli.obj,4.3
FMA76647,FJ1844,BP23088,Trunk of basilar artery,blood_vessel,name,128,244,internal_meshes/blood_vessel/FJ1844_BP23088_FMA76647_Trunk of basilar artery.obj,4.3
FMA15747,FJ1858,BP22920,Hepatovenous segment IX,blood_vessel,name,5687,9550,internal_meshes/blood_vessel/FJ1858_BP22920_FMA15747_Hepatovenous segment IX.obj,4.3
FMA15793,FJ1867,BP20491,Tributary of middle hepatic vein,blood_vessel,name,613,1222,internal_meshes/blood_vessel/FJ1867_BP20491_FMA15793_Tributary of middle hepatic vein.obj,4.3
FMA71710,FJ1874,BP21186,Left lobe branch of left hepatic artery,blood_vessel,name,371,484,internal_meshes/blood_vessel/FJ1874_BP21186_FMA71710_Left lobe branch of left hepatic artery.obj,4.3
FMA71889,FJ1883,BP23221,Caudate lobe tributary of left hepatic biliary tree,organ,name,283,428,internal_meshes/organ/FJ1883_BP23221_FMA71889_Caudate lobe tributary of left hepatic biliary tree.obj,4.3
FMA63120,FJ1895,BP22966,Parenchyma of pancreas,organ,manual,2462,4890,internal_meshes/organ/FJ1895_BP22966_FMA63120_Parenchyma of pancreas.obj,4.3
FMA63103,FJ1896,BP23800,Pancreatic duct tree,organ,name,3941,3368,internal_meshes/organ/FJ1896_BP23800_FMA63103_Pancreatic duct tree.obj,4.3
FMA82706,FJ1914,BP21997,Caudate lobe branch of right portal vein,blood_vessel,name,180,316,internal_meshes/blood_vessel/FJ1914_BP21997_FMA82706_Caudate lobe branch of right portal vein.obj,4.3
FMA70447,FJ1916,BP22665,Caudate lobe branch of right hepatic artery,blood_vessel,name,214,362,internal_meshes/blood_vessel/FJ1916_BP22665_FMA70447_Caudate lobe branch of right hepatic artery.obj,4.3
FMA71708,FJ1924,BP21167,Right lobe branch of right hepatic artery,blood_vessel,name,1016,1374,internal_meshes/blood_vessel/FJ1924_BP21167_FMA71708_Right lobe branch of right hepatic artery.obj,4.3
FMA68109,FJ1933,BP24052,Bronchial artery,blood_vessel,name,917,1340,internal_meshes/blood_vessel/FJ1933_BP24052_FMA68109_Bronchial artery.obj,4.3
FMA4149,FJ1934,BP23416,Esophageal artery,blood_vessel,name,727,1010,internal_meshes/blood_vessel/FJ1934_BP23416_FMA4149_Esophageal artery.obj,4.3
FMA5042,FJ1935,BP21001,Right superior intercostal artery,blood_vessel,name,103,184,internal_meshes/blood_vessel/FJ1935_BP21001_FMA5042_Right superior intercostal artery.obj,4.3
FMA3988,FJ1936,BP21309,Right superior epigastric artery,blood_vessel,name,1149,2252,internal_meshes/blood_vessel/FJ1936_BP21309_FMA3988_Right superior epigastric artery.obj,4.3
FMA76303,FJ1937,BP23184,Trunk of right internal thoracic artery,blood_vessel,name,1775,3546,internal_meshes/blood_vessel/FJ1937_BP23184_FMA76303_Trunk of right internal thoracic artery.obj,4.3
FMA22675,FJ1938,BP22391,Right lateral thoracic artery,blood_vessel,name,1215,2350,internal_meshes/blood_vessel/FJ1938_BP22391_FMA22675_Right lateral thoracic artery.obj,4.3
FMA66242,FJ1939,BP22458,Right first posterior intercostal artery,blood_vessel,name,760,1508,internal_meshes/blood_vessel/FJ1939_BP22458_FMA66242_Right first posterior intercostal artery.obj,4.3
FMA5041,FJ1950,BP20544,Right second posterior intercostal artery,blood_vessel,name,1332,2656,internal_meshes/blood_vessel/FJ1950_BP20544_FMA5041_Right second posterior intercostal artery.obj,4.3
FMA63822,FJ1961,BP22637,Set of posterior intercostal arteries,blood_vessel,name,19082,37964,internal_meshes/blood_vessel/FJ1961_BP22637_FMA63822_Set of posterior intercostal arteries.obj,4.3
FMA4634,FJ1967,BP21811,Right subcostal artery,blood_vessel,name,780,1526,internal_meshes/blood_vessel/FJ1967_BP21811_FMA4634_Right subcostal artery.obj,4.3
FMA10692,FJ1969,BP22468,Right musculophrenic artery,blood_vessel,name,1268,2528,internal_meshes/blood_vessel/FJ1969_BP22468_FMA10692_Right musculophrenic artery.obj,4.3
FMA4088,FJ1970,BP21007,Left superior intercostal artery,blood_vessel,name,106,206,internal_meshes/blood_vessel/FJ1970_BP21007_FMA4088_Left superior intercostal artery.obj,4.3
FMA4083,FJ1971,BP22013,Left superior epigastric artery,blood_vessel,name,1167,2270,internal_meshes/blood_vessel/FJ1971_BP22013_FMA4083_Left superior epigastric artery.obj,4.3
FMA76304,FJ1972,BP23462,Trunk of left internal thoracic artery,blood_vessel,name,1823,3642,internal_meshes/blood_vessel/FJ1972_BP23462_FMA76304_Trunk of left internal thoracic artery.obj,4.3
FMA66243,FJ1973,BP19878,Left first posterior intercostal artery,blood_vessel,name,773,1538,internal_meshes/blood_vessel/FJ1973_BP19878_FMA66243_Left first posterior intercostal artery.obj,4.3
FMA4112,FJ1974,BP20590,Left second posterior intercostal artery,blood_vessel,name,1365,2724,internal_meshes/blood_vessel/FJ1974_BP20590_FMA4112_Left second posterior intercostal artery.obj,4.3
FMA63822,FJ1975,BP22637,Set of posterior intercostal arteries,blood_vessel,name,17901,35050,internal_meshes/blood_vessel/FJ1975_BP22637_FMA63822_Set of posterior intercostal arteries.obj,4.3
FMA22676,FJ1976,BP22491,Left lateral thoracic artery,blood_vessel,name,1216,2350,internal_meshes/blood_vessel/FJ1976_BP22491_FMA22676_Left lateral thoracic artery.obj,4.3
FMA4654,FJ1977,BP21684,Left subcostal artery,blood_vessel,name,706,1334,internal_meshes/blood_vessel/FJ1977_BP21684_FMA4654_Left subcostal artery.obj,4.3
FMA4077,FJ1979,BP21491,Left musculophrenic artery,blood_vessel,name,1284,2564,internal_meshes/blood_vessel/FJ1979_BP21491_FMA4077_Left musculophrenic artery.obj,4.3
FMA5011,FJ1981,BP20391,Accessory hemiazygos vein,blood_vessel,name,2268,4532,internal_meshes/blood_vessel/FJ1981_BP20391_FMA5011_Accessory hemiazygos vein.obj,4.3
FMA70839,FJ1985,BP21293,Set of anterior intercostal veins,blood_vessel,name,19220,37874,internal_meshes/blood_vessel/FJ1985_BP21293_FMA70839_Set of anterior intercostal veins.obj,4.3
FMA4797,FJ1986,BP22289,Left superior intercostal vein,blood_vessel,name,396,786,internal_meshes/blood_vessel/FJ1986_BP22289_FMA4797_Left superior intercostal vein.obj,4.3
FMA4951,FJ1987,BP23531,Left subcostal vein,blood_vessel,name,521,978,internal_meshes/blood_vessel/FJ1987_BP23531_FMA4951_Left subcostal vein.obj,4.3
FMA4786,FJ1988,BP21147,Left musculophrenic vein,blood_vessel,name,1620,3236,internal_meshes/blood_vessel/FJ1988_BP21147_FMA4786_Left musculophrenic vein.obj,4.3
FMA4877,FJ1991,BP20742,Right superior intercostal vein,blood_vessel,name,562,1094,internal_meshes/blood_vessel/FJ1991_BP20742_FMA4877_Right superior intercostal vein.obj,4.3
FMA4758,FJ1993,BP21852,Right internal thoracic vein,blood_vessel,name,1557,3038,internal_meshes/blood_vessel/FJ1993_BP21852_FMA4758_Right internal thoracic vein.obj,4.3
FMA70839,FJ1994,BP21293,Set of anterior intercostal veins,blood_vessel,name,19693,38814,internal_meshes/blood_vessel/FJ1994_BP21293_FMA70839_Set of anterior intercostal veins.obj,4.3
FMA4844,FJ1995,BP23407,Right subcostal vein,blood_vessel,name,656,1266,internal_meshes/blood_vessel/FJ1995_BP23407_FMA4844_Right subcostal vein.obj,4.3
FMA4772,FJ1996,BP21109,Right musculophrenic vein,blood_vessel,name,1622,3240,internal_meshes/blood_vessel/FJ1996_BP21109_FMA4772_Right musculophrenic vein.obj,4.3
FMA14824,FJ2025,BP22106,Marginal colic artery,blood_vessel,name,1360,2106,internal_meshes/blood_vessel/FJ2025_BP22106_FMA14824_Marginal colic artery.obj,4.3
FMA14819,FJ2034,BP23788,Ileal branch of inferior branch of ileocolic artery,blood_vessel,name,94,114,internal_meshes/blood_vessel/FJ2034_BP23788_FMA14819_Ileal branch of inferior branch of ileocolic artery.obj,4.3
FMA43916,FJ2055,BP23450,Right dorsalis pedis artery,blood_vessel,name,553,1102,internal_meshes/blood_vessel/FJ2055_BP23450_FMA43916_Right dorsalis pedis artery.obj,4.3
FMA21354,FJ2056,BP20844,Deep dorsal vein of penis,blood_vessel,name,1228,2356,internal_meshes/blood_vessel/FJ2056_BP20844_FMA21354_Deep dorsal vein of penis.obj,4.3
FMA21422,FJ2057,BP21176,Descending branch of right lateral circumflex femoral artery,blood_vessel,name,2619,5234,internal_meshes/blood_vessel/FJ2057_BP21176_FMA21422_Descending branch of right lateral circumflex femoral artery.obj,4.3
FMA69517,FJ2058,BP22204,Distal perforating artery,blood_vessel,name,407,786,internal_meshes/blood_vessel/FJ2058_BP22204_FMA69517_Distal perforating artery.obj,4.3
FMA44882,FJ2059,BP20463,Dorsal venous arch of left foot,blood_vessel,name,947,1890,internal_meshes/blood_vessel/FJ2059_BP20463_FMA44882_Dorsal venous arch of left foot.obj,4.3
FMA44882,FJ2060,BP20463,Dorsal venous arch of left foot,blood_vessel,name,334,600,internal_meshes/blood_vessel/FJ2060_BP20463_FMA44882_Dorsal venous arch of left foot.obj,4.3
FMA44881,FJ2061,BP20448,Dorsal venous arch of right foot,blood_vessel,name,948,1890,internal_meshes/blood_vessel/FJ2061_BP20448_FMA44881_Dorsal venous arch of right foot.obj,4.3
FMA44881,FJ2062,BP20448,Dorsal venous arch of right foot,blood_vessel,name,341,608,internal_meshes/blood_vessel/FJ2062_BP20448_FMA44881_Dorsal venous arch of right foot.obj,4.3
FMA21423,FJ2063,BP21192,Descending branch of left lateral circumflex femoral artery,blood_vessel,name,2617,5230,internal_meshes/blood_vessel/FJ2063_BP21192_FMA21423_Descending branch of left lateral circumflex femoral artery.obj,4.3
FMA69517,FJ2064,BP22204,Distal perforating artery,blood_vessel,name,405,732,internal_meshes/blood_vessel/FJ2064_BP22204_FMA69517_Distal perforating artery.obj,4.3
FMA66425,FJ2065,BP23463,Trunk of left anterior tibial artery,blood_vessel,name,8708,17412,internal_meshes/blood_vessel/FJ2065_BP23463_FMA66425_Trunk of left anterior tibial artery.obj,4.3
FMA43908,FJ2066,BP20881,Left anterior tibial recurrent artery,blood_vessel,name,3223,6040,internal_meshes/blood_vessel/FJ2066_BP20881_FMA43908_Left anterior tibial recurrent artery.obj,4.3
FMA69495,FJ2067,BP23789,Left arcuate artery,blood_vessel,name,324,642,internal_meshes/blood_vessel/FJ2067_BP23789_FMA69495_Left arcuate artery.obj,4.3
FMA69515,FJ2068,BP20498,Left deep plantar artery,blood_vessel,name,242,480,internal_meshes/blood_vessel/FJ2068_BP20498_FMA69515_Left deep plantar artery.obj,4.3
FMA22508,FJ2069,BP22722,Left descending genicular artery,blood_vessel,name,3293,6530,internal_meshes/blood_vessel/FJ2069_BP22722_FMA22508_Left descending genicular artery.obj,4.3
FMA20819,FJ2070,BP21108,Left dorsal artery of penis,blood_vessel,name,1738,2588,internal_meshes/blood_vessel/FJ2070_BP21108_FMA20819_Left dorsal artery of penis.obj,4.3
FMA44660,FJ2072,BP20937,Dorsal digital artery of foot,blood_vessel,name,2988,5476,internal_meshes/blood_vessel/FJ2072_BP20937_FMA44660_Dorsal digital artery of foot.obj,4.3
FMA43917,FJ2073,BP23420,Left dorsalis pedis artery,blood_vessel,name,576,1148,internal_meshes/blood_vessel/FJ2073_BP23420_FMA43917_Left dorsalis pedis artery.obj,4.3
FMA20732,FJ2074,BP22862,Trunk of left femoral artery,blood_vessel,name,373,740,internal_meshes/blood_vessel/FJ2074_BP22862_FMA20732_Trunk of left femoral artery.obj,4.3
FMA43893,FJ2076,BP20356,Left inferior lateral genicular artery,blood_vessel,name,1116,2226,internal_meshes/blood_vessel/FJ2076_BP20356_FMA43893_Left inferior lateral genicular artery.obj,4.3
FMA43891,FJ2077,BP20365,Left inferior medial genicular artery,blood_vessel,name,1148,2290,internal_meshes/blood_vessel/FJ2077_BP20365_FMA43891_Left inferior medial genicular artery.obj,4.3
FMA20802,FJ2078,BP21103,Left lateral circumflex femoral artery,blood_vessel,name,577,1102,internal_meshes/blood_vessel/FJ2078_BP21103_FMA20802_Left lateral circumflex femoral artery.obj,4.3
FMA69567,FJ2079,BP23390,Trunk of left lateral plantar artery,blood_vessel,name,453,900,internal_meshes/blood_vessel/FJ2079_BP23390_FMA69567_Trunk of left lateral plantar artery.obj,4.3
FMA22589,FJ2080,BP20385,Left lateral superior genicular artery,blood_vessel,name,1119,2234,internal_meshes/blood_vessel/FJ2080_BP20385_FMA22589_Left lateral superior genicular artery.obj,4.3
FMA69491,FJ2081,BP22142,Left lateral tarsal artery,blood_vessel,name,806,1608,internal_meshes/blood_vessel/FJ2081_BP22142_FMA69491_Left lateral tarsal artery.obj,4.3
FMA69757,FJ2082,BP23388,Trunk of left medial plantar artery,blood_vessel,name,410,764,internal_meshes/blood_vessel/FJ2082_BP23388_FMA69757_Trunk of left medial plantar artery.obj,4.3
FMA22587,FJ2083,BP20379,Left medial superior genicular artery,blood_vessel,name,887,1766,internal_meshes/blood_vessel/FJ2083_BP20379_FMA22587_Left medial superior genicular artery.obj,4.3
FMA22563,FJ2084,BP20271,Left middle genicular artery,blood_vessel,name,1310,2360,internal_meshes/blood_vessel/FJ2084_BP20271_FMA22563_Left middle genicular artery.obj,4.3
FMA43944,FJ2085,BP22250,Left plantar arch,blood_vessel,manual,607,1200,internal_meshes/blood_vessel/FJ2085_BP22250_FMA43944_Left plantar arch.obj,4.3
FMA77381,FJ2086,BP22017,Left popliteal artery,blood_vessel,name,8368,16732,internal_meshes/blood_vessel/FJ2086_BP22017_FMA77381_Left popliteal artery.obj,4.3
FMA66427,FJ2087,BP23421,Trunk of left posterior tibial artery,blood_vessel,name,6658,13218,internal_meshes/blood_vessel/FJ2087_BP23421_FMA66427_Trunk of left posterior tibial artery.obj,4.3
FMA43938,FJ2089,BP22174,Left superficial medial plantar artery,blood_vessel,name,476,948,internal_meshes/blood_vessel/FJ2089_BP22174_FMA43938_Left superficial medial plantar artery.obj,4.3
FMA20797,FJ2090,BP29051,Left deep femoral artery,blood_vessel,name,633,1228,internal_meshes/blood_vessel/FJ2090_BP29051_FMA20797_Left deep femoral artery.obj,4.3
FMA20802,FJ2091,BP21103,Left lateral circumflex femoral artery,blood_vessel,name,1275,2502,internal_meshes/blood_vessel/FJ2091_BP21103_FMA20802_Left lateral circumflex femoral artery.obj,4.3
FMA70821,FJ2092,BP23224,Set of common plantar digital arteries,blood_vessel,name,636,1070,internal_meshes/blood_vessel/FJ2092_BP23224_FMA70821_Set of common plantar digital arteries.obj,4.3
FMA43923,FJ2093,BP29771,Left peroneal artery,blood_vessel,name,6056,12108,internal_meshes/blood_vessel/FJ2093_BP29771_FMA43923_Left peroneal artery.obj,4.3
FMA20797,FJ2094,BP29051,Left deep femoral artery,blood_vessel,name,3071,6138,internal_meshes/blood_vessel/FJ2094_BP29051_FMA20797_Left deep femoral artery.obj,4.3
FMA71564,FJ2095,BP22636,Set of plantar digital arteries proper,blood_vessel,name,612,1044,internal_meshes/blood_vessel/FJ2095_BP22636_FMA71564_Set of plantar digital arteries proper.obj,4.3
FMA69715,FJ2096,BP23345,Trunk of plantar metatarsal artery,blood_vessel,name,1371,2724,internal_meshes/blood_vessel/FJ2096_BP23345_FMA69715_Trunk of plantar metatarsal artery.obj,4.3
FMA44337,FJ2097,BP21228,Left anterior tibial vein,blood_vessel,name,1435,2840,internal_meshes/blood_vessel/FJ2097_BP21228_FMA44337_Left anterior tibial vein.obj,4.3
FMA51043,FJ2099,BP21065,Left deep femoral vein,blood_vessel,name,3171,6338,internal_meshes/blood_vessel/FJ2099_BP21065_FMA51043_Left deep femoral vein.obj,4.3
FMA70922,FJ2100,BP22625,Set of perforating veins,blood_vessel,name,698,1372,internal_meshes/blood_vessel/FJ2100_BP22625_FMA70922_Set of perforating veins.obj,4.3
FMA21189,FJ2102,BP20856,Left femoral vein,blood_vessel,name,332,658,internal_meshes/blood_vessel/FJ2102_BP20856_FMA21189_Left femoral vein.obj,4.3
FMA21380,FJ2103,BP21070,Left great saphenous vein,blood_vessel,name,15199,30040,internal_meshes/blood_vessel/FJ2103_BP21070_FMA21380_Left great saphenous vein.obj,4.3
FMA44888,FJ2107,BP21251,Left genicular vein,blood_vessel,name,965,1894,internal_meshes/blood_vessel/FJ2107_BP21251_FMA44888_Left genicular vein.obj,4.3
FMA44888,FJ2108,BP21251,Left genicular vein,blood_vessel,name,1118,2232,internal_meshes/blood_vessel/FJ2108_BP21251_FMA44888_Left genicular vein.obj,4.3
FMA44499,FJ2113,BP21639,Tributary of plantar venous arch,blood_vessel,name,453,900,internal_meshes/blood_vessel/FJ2113_BP21639_FMA44499_Tributary of plantar venous arch.obj,4.3
FMA44499,FJ2115,BP21639,Tributary of plantar venous arch,blood_vessel,name,413,764,internal_meshes/blood_vessel/FJ2115_BP21639_FMA44499_Tributary of plantar venous arch.obj,4.3
FMA44329,FJ2117,BP21201,Left popliteal vein,blood_vessel,name,8433,16592,internal_meshes/blood_vessel/FJ2117_BP21201_FMA44329_Left popliteal vein.obj,4.3
FMA44339,FJ2118,BP21236,Left posterior tibial vein,blood_vessel,name,6982,13826,internal_meshes/blood_vessel/FJ2118_BP21236_FMA44339_Left posterior tibial vein.obj,4.3
FMA70922,FJ2119,BP22625,Set of perforating veins,blood_vessel,name,1087,1920,internal_meshes/blood_vessel/FJ2119_BP22625_FMA70922_Set of perforating veins.obj,4.3
FMA70919,FJ2120,BP21296,Set of plantar digital veins,blood_vessel,name,4054,7716,internal_meshes/blood_vessel/FJ2120_BP21296_FMA70919_Set of plantar digital veins.obj,4.3
FMA44335,FJ2121,BP21258,Left small saphenous vein,blood_vessel,name,8170,16336,internal_meshes/blood_vessel/FJ2121_BP21258_FMA44335_Left small saphenous vein.obj,4.3
FMA44341,FJ2122,BP21197,Left superficial epigastric vein,blood_vessel,name,833,1470,internal_meshes/blood_vessel/FJ2122_BP21197_FMA44341_Left superficial epigastric vein.obj,4.3
FMA44888,FJ2124,BP21251,Left genicular vein,blood_vessel,name,1186,2316,internal_meshes/blood_vessel/FJ2124_BP21251_FMA44888_Left genicular vein.obj,4.3
FMA44888,FJ2125,BP21251,Left genicular vein,blood_vessel,name,851,1604,internal_meshes/blood_vessel/FJ2125_BP21251_FMA44888_Left genicular vein.obj,4.3
FMA20731,FJ2127,BP23446,Trunk of right femoral artery,blood_vessel,name,634,1242,internal_meshes/blood_vessel/FJ2127_BP23446_FMA20731_Trunk of right femoral artery.obj,4.3
FMA44884,FJ2128,BP20475,Plantar venous arch of left foot,blood_vessel,name,605,1200,internal_meshes/blood_vessel/FJ2128_BP20475_FMA44884_Plantar venous arch of left foot.obj,4.3
FMA44883,FJ2129,BP20597,Plantar venous arch of right foot,blood_vessel,name,621,1230,internal_meshes/blood_vessel/FJ2129_BP20597_FMA44883_Plantar venous arch of right foot.obj,4.3
FMA66424,FJ2130,BP23419,Trunk of right anterior tibial artery,blood_vessel,name,8669,17334,internal_meshes/blood_vessel/FJ2130_BP23419_FMA66424_Trunk of right anterior tibial artery.obj,4.3
FMA43907,FJ2131,BP20767,Right anterior tibial recurrent artery,blood_vessel,name,3278,6060,internal_meshes/blood_vessel/FJ2131_BP20767_FMA43907_Right anterior tibial recurrent artery.obj,4.3
FMA44336,FJ2132,BP21257,Right anterior tibial vein,blood_vessel,name,1427,2840,internal_meshes/blood_vessel/FJ2132_BP21257_FMA44336_Right anterior tibial vein.obj,4.3
FMA69494,FJ2133,BP22162,Right arcuate artery,blood_vessel,name,322,634,internal_meshes/blood_vessel/FJ2133_BP22162_FMA69494_Right arcuate artery.obj,4.3
FMA51042,FJ2135,BP21089,Right deep femoral vein,blood_vessel,name,3175,6346,internal_meshes/blood_vessel/FJ2135_BP21089_FMA51042_Right deep femoral vein.obj,4.3
FMA69514,FJ2136,BP20307,Right deep plantar artery,blood_vessel,name,245,484,internal_meshes/blood_vessel/FJ2136_BP20307_FMA69514_Right deep plantar artery.obj,4.3
FMA22507,FJ2137,BP22206,Right descending genicular artery,blood_vessel,name,3338,6536,internal_meshes/blood_vessel/FJ2137_BP22206_FMA22507_Right descending genicular artery.obj,4.3
FMA70922,FJ2138,BP22625,Set of perforating veins,blood_vessel,name,733,1424,internal_meshes/blood_vessel/FJ2138_BP22625_FMA70922_Set of perforating veins.obj,4.3
FMA44660,FJ2141,BP20937,Dorsal digital artery of foot,blood_vessel,name,2717,4976,internal_meshes/blood_vessel/FJ2141_BP20937_FMA44660_Dorsal digital artery of foot.obj,4.3
FMA20731,FJ2143,BP23446,Trunk of right femoral artery,blood_vessel,name,380,752,internal_meshes/blood_vessel/FJ2143_BP23446_FMA20731_Trunk of right femoral artery.obj,4.3
FMA21188,FJ2144,BP20797,Right femoral vein,blood_vessel,name,336,658,internal_meshes/blood_vessel/FJ2144_BP20797_FMA21188_Right femoral vein.obj,4.3
FMA21379,FJ2145,BP21061,Right great saphenous vein,blood_vessel,name,15163,30036,internal_meshes/blood_vessel/FJ2145_BP21061_FMA21379_Right great saphenous vein.obj,4.3
FMA43892,FJ2150,BP22510,Right inferior lateral genicular artery,blood_vessel,name,1119,2226,internal_meshes/blood_vessel/FJ2150_BP22510_FMA43892_Right inferior lateral genicular artery.obj,4.3
FMA44887,FJ2151,BP21264,Right genicular vein,blood_vessel,name,987,1926,internal_meshes/blood_vessel/FJ2151_BP21264_FMA44887_Right genicular vein.obj,4.3
FMA43890,FJ2152,BP22440,Right inferior medial genicular artery,blood_vessel,name,1142,2280,internal_meshes/blood_vessel/FJ2152_BP22440_FMA43890_Right inferior medial genicular artery.obj,4.3
FMA44887,FJ2153,BP21264,Right genicular vein,blood_vessel,name,1117,2230,internal_meshes/blood_vessel/FJ2153_BP21264_FMA44887_Right genicular vein.obj,4.3
FMA20801,FJ2158,BP21128,Right lateral circumflex femoral artery,blood_vessel,name,579,1110,internal_meshes/blood_vessel/FJ2158_BP21128_FMA20801_Right lateral circumflex femoral artery.obj,4.3
FMA69566,FJ2159,BP23343,Trunk of right lateral plantar artery,blood_vessel,name,470,936,internal_meshes/blood_vessel/FJ2159_BP23343_FMA69566_Trunk of right lateral plantar artery.obj,4.3
FMA44499,FJ2160,BP21639,Tributary of plantar venous arch,blood_vessel,name,470,936,internal_meshes/blood_vessel/FJ2160_BP21639_FMA44499_Tributary of plantar venous arch.obj,4.3
FMA22588,FJ2162,BP19748,Right lateral superior genicular artery,blood_vessel,name,1098,2192,internal_meshes/blood_vessel/FJ2162_BP19748_FMA22588_Right lateral superior genicular artery.obj,4.3
FMA69490,FJ2163,BP22207,Right lateral tarsal artery,blood_vessel,name,852,1700,internal_meshes/blood_vessel/FJ2163_BP22207_FMA69490_Right lateral tarsal artery.obj,4.3
FMA69756,FJ2164,BP23398,Trunk of right medial plantar artery,blood_vessel,name,412,772,internal_meshes/blood_vessel/FJ2164_BP23398_FMA69756_Trunk of right medial plantar artery.obj,4.3
FMA44499,FJ2165,BP21639,Tributary of plantar venous arch,blood_vessel,name,407,772,internal_meshes/blood_vessel/FJ2165_BP21639_FMA44499_Tributary of plantar venous arch.obj,4.3
FMA22586,FJ2166,BP20434,Right medial superior genicular artery,blood_vessel,name,885,1764,internal_meshes/blood_vessel/FJ2166_BP20434_FMA22586_Right medial superior genicular artery.obj,4.3
FMA22562,FJ2167,BP20312,Right middle genicular artery,blood_vessel,name,1315,2348,internal_meshes/blood_vessel/FJ2167_BP20312_FMA22562_Right middle genicular artery.obj,4.3
FMA43943,FJ2169,BP21656,Right plantar arch,blood_vessel,manual,622,1230,internal_meshes/blood_vessel/FJ2169_BP21656_FMA43943_Right plantar arch.obj,4.3
FMA77380,FJ2170,BP20536,Right popliteal artery,blood_vessel,name,8391,16778,internal_meshes/blood_vessel/FJ2170_BP20536_FMA77380_Right popliteal artery.obj,4.3
FMA44328,FJ2171,BP21198,Right popliteal vein,blood_vessel,name,8505,16660,internal_meshes/blood_vessel/FJ2171_BP21198_FMA44328_Right popliteal vein.obj,4.3
FMA66426,FJ2172,BP23477,Trunk of right posterior tibial artery,blood_vessel,name,6601,13130,internal_meshes/blood_vessel/FJ2172_BP23477_FMA66426_Trunk of right posterior tibial artery.obj,4.3
FMA44338,FJ2173,BP21252,Right posterior tibial vein,blood_vessel,name,6983,13782,internal_meshes/blood_vessel/FJ2173_BP21252_FMA44338_Right posterior tibial vein.obj,4.3
FMA70922,FJ2174,BP22625,Set of perforating veins,blood_vessel,name,1120,1982,internal_meshes/blood_vessel/FJ2174_BP22625_FMA70922_Set of perforating veins.obj,4.3
FMA70919,FJ2175,BP21296,Set of plantar digital veins,blood_vessel,name,3940,7420,internal_meshes/blood_vessel/FJ2175_BP21296_FMA70919_Set of plantar digital veins.obj,4.3
FMA44334,FJ2176,BP21219,Right small saphenous vein,blood_vessel,name,8171,16332,internal_meshes/blood_vessel/FJ2176_BP21219_FMA44334_Right small saphenous vein.obj,4.3
FMA44340,FJ2178,BP21153,Right superficial epigastric vein,blood_vessel,name,832,1486,internal_meshes/blood_vessel/FJ2178_BP21153_FMA44340_Right superficial epigastric vein.obj,4.3
FMA43937,FJ2179,BP21206,Right superficial medial plantar artery,blood_vessel,name,451,898,internal_meshes/blood_vessel/FJ2179_BP21206_FMA43937_Right superficial medial plantar artery.obj,4.3
FMA44887,FJ2181,BP21264,Right genicular vein,blood_vessel,name,1168,2296,internal_meshes/blood_vessel/FJ2181_BP21264_FMA44887_Right genicular vein.obj,4.3
FMA44887,FJ2182,BP21264,Right genicular vein,blood_vessel,name,872,1636,internal_meshes/blood_vessel/FJ2182_BP21264_FMA44887_Right genicular vein.obj,4.3
FMA44337,FJ2183,BP21228,Left anterior tibial vein,blood_vessel,name,6399,12794,internal_meshes/blood_vessel/FJ2183_BP21228_FMA44337_Left anterior tibial vein.obj,4.3
FMA44886,FJ2184,BP21229,Left fibular vein,blood_vessel,name,312,530,internal_meshes/blood_vessel/FJ2184_BP21229_FMA44886_Left fibular vein.obj,4.3
FMA70917,FJ2185,BP22641,Set of dorsal digital veins,blood_vessel,name,2703,4720,internal_meshes/blood_vessel/FJ2185_BP22641_FMA70917_Set of dorsal digital veins.obj,4.3
FMA22954,FJ2186,BP23862,Dorsal metacarpal vein,blood_vessel,name,2161,4292,internal_meshes/blood_vessel/FJ2186_BP23862_FMA22954_Dorsal metacarpal vein.obj,4.3
FMA44886,FJ2187,BP21229,Left fibular vein,blood_vessel,name,5430,10618,internal_meshes/blood_vessel/FJ2187_BP21229_FMA44886_Left fibular vein.obj,4.3
FMA44922,FJ2188,BP21127,Left lateral circumflex femoral vein,blood_vessel,name,1513,2958,internal_meshes/blood_vessel/FJ2188_BP21127_FMA44922_Left lateral circumflex femoral vein.obj,4.3
FMA44919,FJ2189,BP21120,Left medial circumflex femoral vein,blood_vessel,name,577,1100,internal_meshes/blood_vessel/FJ2189_BP21120_FMA44919_Left medial circumflex femoral vein.obj,4.3
FMA44885,FJ2190,BP21243,Right fibular vein,blood_vessel,name,632,1238,internal_meshes/blood_vessel/FJ2190_BP21243_FMA44885_Right fibular vein.obj,4.3
FMA44504,FJ2191,BP22530,Plantar metatarsal vein,blood_vessel,name,1953,3706,internal_meshes/blood_vessel/FJ2191_BP22530_FMA44504_Plantar metatarsal vein.obj,4.3
FMA70922,FJ2192,BP22625,Set of perforating veins,blood_vessel,name,640,1242,internal_meshes/blood_vessel/FJ2192_BP22625_FMA70922_Set of perforating veins.obj,4.3
FMA44336,FJ2193,BP21257,Right anterior tibial vein,blood_vessel,name,6383,12756,internal_meshes/blood_vessel/FJ2193_BP21257_FMA44336_Right anterior tibial vein.obj,4.3
FMA44885,FJ2194,BP21243,Right fibular vein,blood_vessel,name,323,574,internal_meshes/blood_vessel/FJ2194_BP21243_FMA44885_Right fibular vein.obj,4.3
FMA20801,FJ2195,BP21128,Right lateral circumflex femoral artery,blood_vessel,name,1285,2506,internal_meshes/blood_vessel/FJ2195_BP21128_FMA20801_Right lateral circumflex femoral artery.obj,4.3
FMA70821,FJ2196,BP23224,Set of common plantar digital arteries,blood_vessel,name,643,1052,internal_meshes/blood_vessel/FJ2196_BP23224_FMA70821_Set of common plantar digital arteries.obj,4.3
FMA43922,FJ2197,BP29774,Right peroneal artery,blood_vessel,name,6046,12088,internal_meshes/blood_vessel/FJ2197_BP29774_FMA43922_Right peroneal artery.obj,4.3
FMA70917,FJ2198,BP22641,Set of dorsal digital veins,blood_vessel,name,2707,4718,internal_meshes/blood_vessel/FJ2198_BP22641_FMA70917_Set of dorsal digital veins.obj,4.3
FMA22954,FJ2199,BP23862,Dorsal metacarpal vein,blood_vessel,name,2157,4290,internal_meshes/blood_vessel/FJ2199_BP23862_FMA22954_Dorsal metacarpal vein.obj,4.3
FMA44885,FJ2200,BP21243,Right fibular vein,blood_vessel,name,5405,10564,internal_meshes/blood_vessel/FJ2200_BP21243_FMA44885_Right fibular vein.obj,4.3
FMA44920,FJ2201,BP22938,Right lateral circumflex femoral vein,blood_vessel,name,1506,2960,internal_meshes/blood_vessel/FJ2201_BP22938_FMA44920_Right lateral circumflex femoral vein.obj,4.3
FMA44918,FJ2202,BP21148,Right medial circumflex femoral vein,blood_vessel,name,583,1110,internal_meshes/blood_vessel/FJ2202_BP21148_FMA44918_Right medial circumflex femoral vein.obj,4.3
FMA20796,FJ2203,BP29028,Right deep femoral artery,blood_vessel,name,3068,6132,internal_meshes/blood_vessel/FJ2203_BP29028_FMA20796_Right deep femoral artery.obj,4.3
FMA71564,FJ2204,BP22636,Set of plantar digital arteries proper,blood_vessel,name,678,1002,internal_meshes/blood_vessel/FJ2204_BP22636_FMA71564_Set of plantar digital arteries proper.obj,4.3
FMA71564,FJ2205,BP22636,Set of plantar digital arteries proper,blood_vessel,name,3499,6546,internal_meshes/blood_vessel/FJ2205_BP22636_FMA71564_Set of plantar digital arteries proper.obj,4.3
FMA69715,FJ2206,BP23345,Trunk of plantar metatarsal artery,blood_vessel,name,1341,2644,internal_meshes/blood_vessel/FJ2206_BP23345_FMA69715_Trunk of plantar metatarsal artery.obj,4.3
FMA44504,FJ2207,BP22530,Plantar metatarsal vein,blood_vessel,name,1923,3608,internal_meshes/blood_vessel/FJ2207_BP22530_FMA44504_Plantar metatarsal vein.obj,4.3
FMA21384,FJ2208,BP21193,Superficial dorsal vein of penis,blood_vessel,name,743,1480,internal_meshes/blood_vessel/FJ2208_BP21193_FMA21384_Superficial dorsal vein of penis.obj,4.3
FMA10697,FJ2209,BP22474,Right inferior thyroid artery,blood_vessel,name,311,482,internal_meshes/blood_vessel/FJ2209_BP22474_FMA10697_Right inferior thyroid artery.obj,4.3
FMA10680,FJ2210,BP20824,Left inferior thyroid artery,blood_vessel,name,302,480,internal_meshes/blood_vessel/FJ2210_BP20824_FMA10680_Left inferior thyroid artery.obj,4.3
FMA23069,FJ2211,BP22078,Acromial branch of left thoraco-acromial artery,blood_vessel,name,491,974,internal_meshes/blood_vessel/FJ2211_BP22078_FMA23069_Acromial branch of left thoraco-acromial artery.obj,4.3
FMA22683,FJ2212,BP23968,Left anterior circumflex humeral artery,blood_vessel,name,1669,3272,internal_meshes/blood_vessel/FJ2212_BP23968_FMA22683_Left anterior circumflex humeral artery.obj,4.3
FMA77955,FJ2213,BP21245,Left anterior circumflex humeral vein,blood_vessel,name,1554,3040,internal_meshes/blood_vessel/FJ2213_BP21245_FMA77955_Left anterior circumflex humeral vein.obj,4.3
FMA22813,FJ2214,BP23983,Left anterior interosseous artery,blood_vessel,name,991,1966,internal_meshes/blood_vessel/FJ2214_BP23983_FMA22813_Left anterior interosseous artery.obj,4.3
FMA22713,FJ2215,BP21941,Left inferior ulnar collateral artery,blood_vessel,name,591,1176,internal_meshes/blood_vessel/FJ2215_BP21941_FMA22713_Left inferior ulnar collateral artery.obj,4.3
FMA22656,FJ2216,BP22518,Left axillary artery,blood_vessel,name,902,1800,internal_meshes/blood_vessel/FJ2216_BP22518_FMA22656_Left axillary artery.obj,4.3
FMA13331,FJ2217,BP21099,Left axillary vein,blood_vessel,name,1089,2110,internal_meshes/blood_vessel/FJ2217_BP21099_FMA13331_Left axillary vein.obj,4.3
FMA22910,FJ2218,BP21683,Left basilic vein,blood_vessel,name,9177,18338,internal_meshes/blood_vessel/FJ2218_BP21683_FMA22910_Left basilic vein.obj,4.3
FMA22692,FJ2219,BP22410,Left brachial artery,blood_vessel,name,1737,3470,internal_meshes/blood_vessel/FJ2219_BP22410_FMA22692_Left brachial artery.obj,4.3
FMA13326,FJ2220,BP22733,Left cephalic vein,blood_vessel,name,11505,22874,internal_meshes/blood_vessel/FJ2220_BP22733_FMA13326_Left cephalic vein.obj,4.3
FMA23181,FJ2221,BP23895,Left circumflex scapular artery,blood_vessel,name,389,762,internal_meshes/blood_vessel/FJ2221_BP23895_FMA23181_Left circumflex scapular artery.obj,4.3
FMA77950,FJ2222,BP21266,Left circumflex scapular vein,blood_vessel,name,492,950,internal_meshes/blood_vessel/FJ2222_BP21266_FMA77950_Left circumflex scapular vein.obj,4.3
FMA76470,FJ2223,BP23902,Trunk of left common interosseous artery,blood_vessel,name,220,436,internal_meshes/blood_vessel/FJ2223_BP23902_FMA76470_Trunk of left common interosseous artery.obj,4.3
FMA4086,FJ2224,BP20419,Left costocervical trunk,blood_vessel,name,142,242,internal_meshes/blood_vessel/FJ2224_BP20419_FMA4086_Left costocervical trunk.obj,4.3
FMA22697,FJ2225,BP21677,Left deep brachial artery,blood_vessel,name,1255,2506,internal_meshes/blood_vessel/FJ2225_BP21677_FMA22697_Left deep brachial artery.obj,4.3
FMA4134,FJ2226,BP21009,Left deep cervical artery,blood_vessel,name,586,1100,internal_meshes/blood_vessel/FJ2226_BP21009_FMA4134_Left deep cervical artery.obj,4.3
FMA22840,FJ2227,BP23527,Left deep palmar arch,blood_vessel,manual,885,1764,internal_meshes/blood_vessel/FJ2227_BP23527_FMA22840_Left deep palmar arch.obj,4.3
FMA62507,FJ2228,BP21509,Dorsal venous network of left hand,blood_vessel,name,2157,4304,internal_meshes/blood_vessel/FJ2228_BP21509_FMA62507_Dorsal venous network of left hand.obj,4.3
FMA22913,FJ2229,BP23627,Left deep palmar venous arch,blood_vessel,name,992,1940,internal_meshes/blood_vessel/FJ2229_BP23627_FMA22913_Left deep palmar venous arch.obj,4.3
FMA23073,FJ2230,BP22038,Deltoid branch of left thoraco-acromial artery,blood_vessel,name,398,788,internal_meshes/blood_vessel/FJ2230_BP22038_FMA23073_Deltoid branch of left thoraco-acromial artery.obj,4.3
FMA22773,FJ2231,BP21960,Dorsal carpal branch of left radial artery,blood_vessel,name,169,320,internal_meshes/blood_vessel/FJ2231_BP21960_FMA22773_Dorsal carpal branch of left radial artery.obj,4.3
FMA10552,FJ2232,BP22079,Left dorsal scapular artery,blood_vessel,name,2335,4532,internal_meshes/blood_vessel/FJ2232_BP22079_FMA10552_Left dorsal scapular artery.obj,4.3
FMA71212,FJ2233,BP21262,Left lateral thoracic vein,blood_vessel,name,1823,3640,internal_meshes/blood_vessel/FJ2233_BP21262_FMA71212_Left lateral thoracic vein.obj,4.3
FMA22969,FJ2234,BP21271,Left median antebrachial vein,blood_vessel,name,2685,5314,internal_meshes/blood_vessel/FJ2234_BP21271_FMA22969_Left median antebrachial vein.obj,4.3
FMA22965,FJ2235,BP22734,Left median cubital vein,blood_vessel,name,1253,2502,internal_meshes/blood_vessel/FJ2235_BP22734_FMA22965_Left median cubital vein.obj,4.3
FMA22822,FJ2236,BP21023,Left dorsal carpal branch of ulnar artery,blood_vessel,name,379,724,internal_meshes/blood_vessel/FJ2236_BP21023_FMA22822_Left dorsal carpal branch of ulnar artery.obj,4.3
FMA22865,FJ2237,BP20810,Left palmar metacarpal artery,blood_vessel,name,981,1826,internal_meshes/blood_vessel/FJ2237_BP20810_FMA22865_Left palmar metacarpal artery.obj,4.3
FMA22921,FJ2238,BP21649,Left palmar metacarpal vein,blood_vessel,name,324,596,internal_meshes/blood_vessel/FJ2238_BP21649_FMA22921_Left palmar metacarpal vein.obj,4.3
FMA22687,FJ2239,BP23894,Left posterior circumflex humeral artery,blood_vessel,name,489,974,internal_meshes/blood_vessel/FJ2239_BP23894_FMA22687_Left posterior circumflex humeral artery.obj,4.3
FMA22687,FJ2240,BP23894,Left posterior circumflex humeral artery,blood_vessel,name,367,688,internal_meshes/blood_vessel/FJ2240_BP23894_FMA22687_Left posterior circumflex humeral artery.obj,4.3
FMA22805,FJ2241,BP21107,Left posterior ulnar recurrent artery,blood_vessel,name,216,378,internal_meshes/blood_vessel/FJ2241_BP21107_FMA22805_Left posterior ulnar recurrent artery.obj,4.3
FMA66626,FJ2242,BP22827,Trunk of left radial artery,blood_vessel,name,3884,7764,internal_meshes/blood_vessel/FJ2242_BP22827_FMA66626_Trunk of left radial artery.obj,4.3
FMA22766,FJ2243,BP22024,Left radial recurrent artery,blood_vessel,name,1305,2606,internal_meshes/blood_vessel/FJ2243_BP22024_FMA22766_Left radial recurrent artery.obj,4.3
FMA22949,FJ2244,BP21275,Left radial vein,blood_vessel,name,2515,4932,internal_meshes/blood_vessel/FJ2244_BP21275_FMA22949_Left radial vein.obj,4.3
FMA268669,FJ2245,BP22718,Left recurrent interosseous artery,blood_vessel,name,652,1300,internal_meshes/blood_vessel/FJ2245_BP22718_FMA268669_Left recurrent interosseous artery.obj,4.3
FMA66551,FJ2246,BP23899,Trunk of left subscapular artery,blood_vessel,name,417,790,internal_meshes/blood_vessel/FJ2246_BP23899_FMA66551_Trunk of left subscapular artery.obj,4.3
FMA23115,FJ2247,BP21260,Left subscapular vein,blood_vessel,name,262,520,internal_meshes/blood_vessel/FJ2247_BP21260_FMA23115_Left subscapular vein.obj,4.3
FMA22837,FJ2248,BP23569,Left superficial palmar arterial arch,blood_vessel,name,1481,2956,internal_meshes/blood_vessel/FJ2248_BP23569_FMA22837_Left superficial palmar arterial arch.obj,4.3
FMA22916,FJ2249,BP23469,Left superficial palmar venous arch,blood_vessel,name,1236,2424,internal_meshes/blood_vessel/FJ2249_BP23469_FMA22916_Left superficial palmar venous arch.obj,4.3
FMA50860,FJ2250,BP21212,Left suprascapular vein,blood_vessel,name,998,1974,internal_meshes/blood_vessel/FJ2250_BP21212_FMA50860_Left suprascapular vein.obj,4.3
FMA10681,FJ2251,BP21984,Left suprascapular artery,blood_vessel,name,1062,1928,internal_meshes/blood_vessel/FJ2251_BP21984_FMA10681_Left suprascapular artery.obj,4.3
FMA66564,FJ2252,BP23786,Trunk of left thoraco-acromial artery,blood_vessel,name,236,468,internal_meshes/blood_vessel/FJ2252_BP23786_FMA66564_Trunk of left thoraco-acromial artery.obj,4.3
FMA66322,FJ2253,BP21627,Left thoracodorsal artery,blood_vessel,name,1100,2104,internal_meshes/blood_vessel/FJ2253_BP21627_FMA66322_Left thoracodorsal artery.obj,4.3
FMA71215,FJ2254,BP21230,Left thoracodorsal vein,blood_vessel,name,846,1688,internal_meshes/blood_vessel/FJ2254_BP21230_FMA71215_Left thoracodorsal vein.obj,4.3
FMA4084,FJ2255,BP22490,Left thyrocervical trunk,blood_vessel,name,79,122,internal_meshes/blood_vessel/FJ2255_BP22490_FMA4084_Left thyrocervical trunk.obj,4.3
FMA10683,FJ2256,BP22080,Left superficial cervical artery,blood_vessel,name,426,646,internal_meshes/blood_vessel/FJ2256_BP22080_FMA10683_Left superficial cervical artery.obj,4.3
FMA81009,FJ2257,BP20754,Trunk of left transverse cervical artery,blood_vessel,name,200,366,internal_meshes/blood_vessel/FJ2257_BP20754_FMA81009_Trunk of left transverse cervical artery.obj,4.3
FMA66624,FJ2258,BP23608,Trunk of left ulnar artery,blood_vessel,name,3562,7114,internal_meshes/blood_vessel/FJ2258_BP23608_FMA66624_Trunk of left ulnar artery.obj,4.3
FMA22802,FJ2259,BP21097,Left anterior ulnar recurrent artery,blood_vessel,name,236,466,internal_meshes/blood_vessel/FJ2259_BP21097_FMA22802_Left anterior ulnar recurrent artery.obj,4.3
FMA22952,FJ2260,BP21284,Left ulnar vein,blood_vessel,name,2962,5918,internal_meshes/blood_vessel/FJ2260_BP21284_FMA22952_Left ulnar vein.obj,4.3
FMA23127,FJ2261,BP21105,Radial collateral branch of left deep brachial artery,blood_vessel,name,728,1452,internal_meshes/blood_vessel/FJ2261_BP21105_FMA23127_Radial collateral branch of left deep brachial artery.obj,4.3
FMA23126,FJ2262,BP21092,Radial collateral branch of right deep brachial artery,blood_vessel,name,671,1338,internal_meshes/blood_vessel/FJ2262_BP21092_FMA23126_Radial collateral branch of right deep brachial artery.obj,4.3
FMA23068,FJ2263,BP20789,Acromial branch of right thoraco-acromial artery,blood_vessel,name,504,996,internal_meshes/blood_vessel/FJ2263_BP20789_FMA23068_Acromial branch of right thoraco-acromial artery.obj,4.3
FMA22682,FJ2264,BP22428,Right anterior circumflex humeral artery,blood_vessel,name,1652,3238,internal_meshes/blood_vessel/FJ2264_BP22428_FMA22682_Right anterior circumflex humeral artery.obj,4.3
FMA77954,FJ2265,BP21263,Right anterior circumflex humeral vein,blood_vessel,name,1577,3020,internal_meshes/blood_vessel/FJ2265_BP21263_FMA77954_Right anterior circumflex humeral vein.obj,4.3
FMA22812,FJ2266,BP24011,Right anterior interosseous artery,blood_vessel,name,1008,1992,internal_meshes/blood_vessel/FJ2266_BP24011_FMA22812_Right anterior interosseous artery.obj,4.3
FMA22712,FJ2267,BP22953,Right inferior ulnar collateral artery,blood_vessel,name,609,1204,internal_meshes/blood_vessel/FJ2267_BP22953_FMA22712_Right inferior ulnar collateral artery.obj,4.3
FMA22655,FJ2268,BP20364,Right axillary artery,blood_vessel,name,915,1826,internal_meshes/blood_vessel/FJ2268_BP20364_FMA22655_Right axillary artery.obj,4.3
FMA13330,FJ2269,BP21093,Right axillary vein,blood_vessel,name,1112,2146,internal_meshes/blood_vessel/FJ2269_BP21093_FMA13330_Right axillary vein.obj,4.3
FMA22909,FJ2270,BP23821,Right basilic vein,blood_vessel,name,9080,18150,internal_meshes/blood_vessel/FJ2270_BP23821_FMA22909_Right basilic vein.obj,4.3
FMA22691,FJ2271,BP23743,Right brachial artery,blood_vessel,name,1558,3112,internal_meshes/blood_vessel/FJ2271_BP23743_FMA22691_Right brachial artery.obj,4.3
FMA13325,FJ2272,BP21688,Right cephalic vein,blood_vessel,name,11381,22622,internal_meshes/blood_vessel/FJ2272_BP21688_FMA13325_Right cephalic vein.obj,4.3
FMA23180,FJ2273,BP22477,Right circumflex scapular artery,blood_vessel,name,399,778,internal_meshes/blood_vessel/FJ2273_BP22477_FMA23180_Right circumflex scapular artery.obj,4.3
FMA77949,FJ2274,BP21217,Right circumflex scapular vein,blood_vessel,name,505,960,internal_meshes/blood_vessel/FJ2274_BP21217_FMA77949_Right circumflex scapular vein.obj,4.3
FMA22691,FJ2275,BP23743,Right brachial artery,blood_vessel,name,222,430,internal_meshes/blood_vessel/FJ2275_BP23743_FMA22691_Right brachial artery.obj,4.3
FMA5039,FJ2276,BP20504,Right costocervical trunk,blood_vessel,name,140,244,internal_meshes/blood_vessel/FJ2276_BP20504_FMA5039_Right costocervical trunk.obj,4.3
FMA22696,FJ2277,BP20827,Right deep brachial artery,blood_vessel,name,1175,2346,internal_meshes/blood_vessel/FJ2277_BP20827_FMA22696_Right deep brachial artery.obj,4.3
FMA10660,FJ2278,BP22455,Right deep cervical artery,blood_vessel,name,594,1104,internal_meshes/blood_vessel/FJ2278_BP22455_FMA10660_Right deep cervical artery.obj,4.3
FMA22839,FJ2279,BP23376,Right deep palmar arch,blood_vessel,manual,870,1736,internal_meshes/blood_vessel/FJ2279_BP23376_FMA22839_Right deep palmar arch.obj,4.3
FMA62506,FJ2280,BP21338,Dorsal venous network of right hand,blood_vessel,name,2187,4330,internal_meshes/blood_vessel/FJ2280_BP21338_FMA62506_Dorsal venous network of right hand.obj,4.3
FMA22912,FJ2281,BP23670,Right deep palmar venous arch,blood_vessel,name,1012,1942,internal_meshes/blood_vessel/FJ2281_BP23670_FMA22912_Right deep palmar venous arch.obj,4.3
FMA23072,FJ2282,BP22469,Deltoid branch of right thoraco-acromial artery,blood_vessel,name,409,812,internal_meshes/blood_vessel/FJ2282_BP22469_FMA23072_Deltoid branch of right thoraco-acromial artery.obj,4.3
FMA22772,FJ2283,BP21652,Dorsal carpal branch of right radial artery,blood_vessel,name,166,312,internal_meshes/blood_vessel/FJ2283_BP21652_FMA22772_Dorsal carpal branch of right radial artery.obj,4.3
FMA4057,FJ2284,BP23774,Right dorsal scapular artery,blood_vessel,name,2293,4446,internal_meshes/blood_vessel/FJ2284_BP23774_FMA4057_Right dorsal scapular artery.obj,4.3
FMA71211,FJ2285,BP21210,Right lateral thoracic vein,blood_vessel,name,1830,3650,internal_meshes/blood_vessel/FJ2285_BP21210_FMA71211_Right lateral thoracic vein.obj,4.3
FMA22968,FJ2286,BP21283,Right median antebrachial vein,blood_vessel,name,2716,5386,internal_meshes/blood_vessel/FJ2286_BP21283_FMA22968_Right median antebrachial vein.obj,4.3
FMA22964,FJ2287,BP21273,Right median cubital vein,blood_vessel,name,1253,2502,internal_meshes/blood_vessel/FJ2287_BP21273_FMA22964_Right median cubital vein.obj,4.3
FMA22821,FJ2288,BP22471,Right dorsal carpal branch of ulnar artery,blood_vessel,name,378,730,internal_meshes/blood_vessel/FJ2288_BP22471_FMA22821_Right dorsal carpal branch of ulnar artery.obj,4.3
FMA22864,FJ2289,BP20923,Right palmar metacarpal artery,blood_vessel,name,980,1816,internal_meshes/blood_vessel/FJ2289_BP20923_FMA22864_Right palmar metacarpal artery.obj,4.3
FMA22920,FJ2290,BP21646,Right palmar metacarpal vein,blood_vessel,name,315,600,internal_meshes/blood_vessel/FJ2290_BP21646_FMA22920_Right palmar metacarpal vein.obj,4.3
FMA22685,FJ2291,BP22429,Right posterior circumflex humeral artery,blood_vessel,name,495,984,internal_meshes/blood_vessel/FJ2291_BP22429_FMA22685_Right posterior circumflex humeral artery.obj,4.3
FMA22685,FJ2292,BP22429,Right posterior circumflex humeral artery,blood_vessel,name,570,1126,internal_meshes/blood_vessel/FJ2292_BP22429_FMA22685_Right posterior circumflex humeral artery.obj,4.3
FMA22804,FJ2293,BP21310,Right posterior ulnar recurrent artery,blood_vessel,name,226,380,internal_meshes/blood_vessel/FJ2293_BP21310_FMA22804_Right posterior ulnar recurrent artery.obj,4.3
FMA22691,FJ2294,BP23743,Right brachial artery,blood_vessel,name,3738,7472,internal_meshes/blood_vessel/FJ2294_BP23743_FMA22691_Right brachial artery.obj,4.3
FMA22764,FJ2295,BP21311,Right radial recurrent artery,blood_vessel,name,1303,2602,internal_meshes/blood_vessel/FJ2295_BP21311_FMA22764_Right radial recurrent artery.obj,4.3
FMA22948,FJ2296,BP21270,Right radial vein,blood_vessel,name,2713,5282,internal_meshes/blood_vessel/FJ2296_BP21270_FMA22948_Right radial vein.obj,4.3
FMA268667,FJ2297,BP21076,Right recurrent interosseous artery,blood_vessel,name,637,1270,internal_meshes/blood_vessel/FJ2297_BP21076_FMA268667_Right recurrent interosseous artery.obj,4.3
FMA66550,FJ2298,BP23139,Trunk of right subscapular artery,blood_vessel,name,431,786,internal_meshes/blood_vessel/FJ2298_BP23139_FMA66550_Trunk of right subscapular artery.obj,4.3
FMA23114,FJ2299,BP22655,Right subscapular vein,blood_vessel,name,265,526,internal_meshes/blood_vessel/FJ2299_BP22655_FMA23114_Right subscapular vein.obj,4.3
FMA22835,FJ2300,BP23595,Right superficial palmar arterial arch,blood_vessel,name,1506,3008,internal_meshes/blood_vessel/FJ2300_BP23595_FMA22835_Right superficial palmar arterial arch.obj,4.3
FMA22915,FJ2301,BP23759,Right superficial palmar venous arch,blood_vessel,name,1256,2434,internal_meshes/blood_vessel/FJ2301_BP23759_FMA22915_Right superficial palmar venous arch.obj,4.3
FMA50859,FJ2302,BP21204,Right suprascapular vein,blood_vessel,name,1003,1986,internal_meshes/blood_vessel/FJ2302_BP21204_FMA50859_Right suprascapular vein.obj,4.3
FMA10698,FJ2303,BP22473,Right suprascapular artery,blood_vessel,name,1027,1912,internal_meshes/blood_vessel/FJ2303_BP22473_FMA10698_Right suprascapular artery.obj,4.3
FMA66563,FJ2304,BP22447,Trunk of right thoraco-acromial artery,blood_vessel,name,238,472,internal_meshes/blood_vessel/FJ2304_BP22447_FMA66563_Trunk of right thoraco-acromial artery.obj,4.3
FMA66321,FJ2305,BP22448,Right thoracodorsal artery,blood_vessel,name,1106,2108,internal_meshes/blood_vessel/FJ2305_BP22448_FMA66321_Right thoracodorsal artery.obj,4.3
FMA71214,FJ2306,BP21231,Right thoracodorsal vein,blood_vessel,name,853,1692,internal_meshes/blood_vessel/FJ2306_BP21231_FMA71214_Right thoracodorsal vein.obj,4.3
FMA3992,FJ2307,BP22483,Right thyrocervical trunk,blood_vessel,name,76,108,internal_meshes/blood_vessel/FJ2307_BP22483_FMA3992_Right thyrocervical trunk.obj,4.3
FMA10700,FJ2308,BP22959,Right superficial cervical artery,blood_vessel,name,449,624,internal_meshes/blood_vessel/FJ2308_BP22959_FMA10700_Right superficial cervical artery.obj,4.3
FMA3992,FJ2309,BP22483,Right thyrocervical trunk,blood_vessel,name,201,364,internal_meshes/blood_vessel/FJ2309_BP22483_FMA3992_Right thyrocervical trunk.obj,4.3
FMA22691,FJ2310,BP23743,Right brachial artery,blood_vessel,name,3440,6876,internal_meshes/blood_vessel/FJ2310_BP23743_FMA22691_Right brachial artery.obj,4.3
FMA22801,FJ2311,BP22454,Right anterior ulnar recurrent artery,blood_vessel,name,239,472,internal_meshes/blood_vessel/FJ2311_BP22454_FMA22801_Right anterior ulnar recurrent artery.obj,4.3
FMA22951,FJ2312,BP21281,Right ulnar vein,blood_vessel,name,3043,6076,internal_meshes/blood_vessel/FJ2312_BP21281_FMA22951_Right ulnar vein.obj,4.3
FMA22936,FJ2313,BP21287,Left medial brachial vein,blood_vessel,name,1454,2852,internal_meshes/blood_vessel/FJ2313_BP21287_FMA22936_Left medial brachial vein.obj,4.3
FMA22778,FJ2314,BP20998,Left arteria radialis indicis,blood_vessel,name,377,750,internal_meshes/blood_vessel/FJ2314_BP20998_FMA22778_Left arteria radialis indicis.obj,4.3
FMA85118,FJ2315,BP21051,Left first common palmar digital artery,blood_vessel,name,232,444,internal_meshes/blood_vessel/FJ2315_BP21051_FMA85118_Left first common palmar digital artery.obj,4.3
FMA85120,FJ2316,BP20895,Left second common palmar digital artery,blood_vessel,name,209,414,internal_meshes/blood_vessel/FJ2316_BP20895_FMA85120_Left second common palmar digital artery.obj,4.3
FMA85122,FJ2317,BP20981,Left third common palmar digital artery,blood_vessel,name,208,406,internal_meshes/blood_vessel/FJ2317_BP20981_FMA85122_Left third common palmar digital artery.obj,4.3
FMA70801,FJ2318,BP22606,Set of dorsal digital arteries,blood_vessel,name,4237,7674,internal_meshes/blood_vessel/FJ2318_BP22606_FMA70801_Set of dorsal digital arteries.obj,4.3
FMA85103,FJ2319,BP21033,Proper palmar digital vein of left little finger,blood_vessel,name,1068,2070,internal_meshes/blood_vessel/FJ2319_BP21033_FMA85103_Proper palmar digital vein of left little finger.obj,4.3
FMA22921,FJ2320,BP21649,Left palmar metacarpal vein,blood_vessel,name,629,1214,internal_meshes/blood_vessel/FJ2320_BP21649_FMA22921_Left palmar metacarpal vein.obj,4.3
FMA85103,FJ2321,BP21033,Proper palmar digital vein of left little finger,blood_vessel,name,474,878,internal_meshes/blood_vessel/FJ2321_BP21033_FMA85103_Proper palmar digital vein of left little finger.obj,4.3
FMA22923,FJ2322,BP20283,Common palmar digital vein,blood_vessel,name,280,518,internal_meshes/blood_vessel/FJ2322_BP20283_FMA22923_Common palmar digital vein.obj,4.3
FMA22921,FJ2323,BP21649,Left palmar metacarpal vein,blood_vessel,name,386,720,internal_meshes/blood_vessel/FJ2323_BP21649_FMA22921_Left palmar metacarpal vein.obj,4.3
FMA85097,FJ2324,BP21031,Proper palmar digital vein of left index finger,blood_vessel,name,307,554,internal_meshes/blood_vessel/FJ2324_BP21031_FMA85097_Proper palmar digital vein of left index finger.obj,4.3
FMA85097,FJ2325,BP21031,Proper palmar digital vein of left index finger,blood_vessel,name,438,824,internal_meshes/blood_vessel/FJ2325_BP21031_FMA85097_Proper palmar digital vein of left index finger.obj,4.3
FMA85099,FJ2326,BP20899,Proper palmar digital vein of left middle finger,blood_vessel,name,394,758,internal_meshes/blood_vessel/FJ2326_BP20899_FMA85099_Proper palmar digital vein of left middle finger.obj,4.3
FMA85101,FJ2327,BP20961,Proper palmar digital vein of left ring finger,blood_vessel,name,392,700,internal_meshes/blood_vessel/FJ2327_BP20961_FMA85101_Proper palmar digital vein of left ring finger.obj,4.3
FMA85101,FJ2328,BP20961,Proper palmar digital vein of left ring finger,blood_vessel,name,389,728,internal_meshes/blood_vessel/FJ2328_BP20961_FMA85101_Proper palmar digital vein of left ring finger.obj,4.3
FMA85103,FJ2329,BP21033,Proper palmar digital vein of left little finger,blood_vessel,name,305,538,internal_meshes/blood_vessel/FJ2329_BP21033_FMA85103_Proper palmar digital vein of left little finger.obj,4.3
FMA23064,FJ2330,BP21961,Pectoral branch of left thoraco-acromial artery,blood_vessel,name,1693,3376,internal_meshes/blood_vessel/FJ2330_BP21961_FMA23064_Pectoral branch of left thoraco-acromial artery.obj,4.3
FMA23125,FJ2331,BP21094,Middle collateral branch of left deep brachial artery,blood_vessel,name,950,1896,internal_meshes/blood_vessel/FJ2331_BP21094_FMA23125_Middle collateral branch of left deep brachial artery.obj,4.3
FMA22778,FJ2332,BP20998,Left arteria radialis indicis,blood_vessel,name,407,732,internal_meshes/blood_vessel/FJ2332_BP20998_FMA22778_Left arteria radialis indicis.obj,4.3
FMA23051,FJ2333,BP22710,Medial proper palmar digital artery of left index finger,blood_vessel,name,446,806,internal_meshes/blood_vessel/FJ2333_BP22710_FMA23051_Medial proper palmar digital artery of left index finger.obj,4.3
FMA22860,FJ2334,BP22717,Lateral proper palmar digital artery of left middle finger,blood_vessel,name,439,808,internal_meshes/blood_vessel/FJ2334_BP22717_FMA22860_Lateral proper palmar digital artery of left middle finger.obj,4.3
FMA85116,FJ2335,BP21126,Lateral proper palmar digital artery of left ring finger,blood_vessel,name,403,716,internal_meshes/blood_vessel/FJ2335_BP21126_FMA85116_Lateral proper palmar digital artery of left ring finger.obj,4.3
FMA23055,FJ2336,BP21087,Lateral proper palmar digital artery of left little finger,blood_vessel,name,328,604,internal_meshes/blood_vessel/FJ2336_BP21087_FMA23055_Lateral proper palmar digital artery of left little finger.obj,4.3
FMA85124,FJ2337,BP20776,Left fourth common palmar digital artery,blood_vessel,name,493,920,internal_meshes/blood_vessel/FJ2337_BP20776_FMA85124_Left fourth common palmar digital artery.obj,4.3
FMA22907,FJ2338,BP20903,Left arteria princeps pollicis,blood_vessel,name,575,1078,internal_meshes/blood_vessel/FJ2338_BP20903_FMA22907_Left arteria princeps pollicis.obj,4.3
FMA22907,FJ2339,BP20903,Left arteria princeps pollicis,blood_vessel,name,400,780,internal_meshes/blood_vessel/FJ2339_BP20903_FMA22907_Left arteria princeps pollicis.obj,4.3
FMA85099,FJ2340,BP20899,Proper palmar digital vein of left middle finger,blood_vessel,name,447,818,internal_meshes/blood_vessel/FJ2340_BP20899_FMA85099_Proper palmar digital vein of left middle finger.obj,4.3
FMA22935,FJ2341,BP21755,Right medial brachial vein,blood_vessel,name,1337,2570,internal_meshes/blood_vessel/FJ2341_BP21755_FMA22935_Right medial brachial vein.obj,4.3
FMA22777,FJ2342,BP21050,Right arteria radialis indicis,blood_vessel,name,375,742,internal_meshes/blood_vessel/FJ2342_BP21050_FMA22777_Right arteria radialis indicis.obj,4.3
FMA22856,FJ2343,BP20905,Right first common palmar digital artery,blood_vessel,name,221,434,internal_meshes/blood_vessel/FJ2343_BP20905_FMA22856_Right first common palmar digital artery.obj,4.3
FMA85119,FJ2344,BP20845,Right second common palmar digital artery,blood_vessel,name,209,410,internal_meshes/blood_vessel/FJ2344_BP20845_FMA85119_Right second common palmar digital artery.obj,4.3
FMA85121,FJ2345,BP21044,Right third common palmar digital artery,blood_vessel,name,210,412,internal_meshes/blood_vessel/FJ2345_BP21044_FMA85121_Right third common palmar digital artery.obj,4.3
FMA70801,FJ2346,BP22606,Set of dorsal digital arteries,blood_vessel,name,4264,7724,internal_meshes/blood_vessel/FJ2346_BP22606_FMA70801_Set of dorsal digital arteries.obj,4.3
FMA70800,FJ2347,BP22634,Set of dorsal metacarpal arteries,blood_vessel,name,2167,4314,internal_meshes/blood_vessel/FJ2347_BP22634_FMA70800_Set of dorsal metacarpal arteries.obj,4.3
FMA70800,FJ2348,BP22634,Set of dorsal metacarpal arteries,blood_vessel,name,2169,4314,internal_meshes/blood_vessel/FJ2348_BP22634_FMA70800_Set of dorsal metacarpal arteries.obj,4.3
FMA85102,FJ2349,BP20962,Proper palmar digital vein of right little finger,blood_vessel,name,1080,2088,internal_meshes/blood_vessel/FJ2349_BP20962_FMA85102_Proper palmar digital vein of right little finger.obj,4.3
FMA22920,FJ2350,BP21646,Right palmar metacarpal vein,blood_vessel,name,624,1206,internal_meshes/blood_vessel/FJ2350_BP21646_FMA22920_Right palmar metacarpal vein.obj,4.3
FMA85102,FJ2351,BP20962,Proper palmar digital vein of right little finger,blood_vessel,name,479,886,internal_meshes/blood_vessel/FJ2351_BP20962_FMA85102_Proper palmar digital vein of right little finger.obj,4.3
FMA22923,FJ2352,BP20283,Common palmar digital vein,blood_vessel,name,294,540,internal_meshes/blood_vessel/FJ2352_BP20283_FMA22923_Common palmar digital vein.obj,4.3
FMA22920,FJ2353,BP21646,Right palmar metacarpal vein,blood_vessel,name,377,724,internal_meshes/blood_vessel/FJ2353_BP21646_FMA22920_Right palmar metacarpal vein.obj,4.3
FMA85096,FJ2354,BP20953,Proper palmar digital vein of right index finger,blood_vessel,name,340,562,internal_meshes/blood_vessel/FJ2354_BP20953_FMA85096_Proper palmar digital vein of right index finger.obj,4.3
FMA85096,FJ2355,BP20953,Proper palmar digital vein of right index finger,blood_vessel,name,444,832,internal_meshes/blood_vessel/FJ2355_BP20953_FMA85096_Proper palmar digital vein of right index finger.obj,4.3
FMA85098,FJ2356,BP20611,Proper palmar digital vein of right middle finger,blood_vessel,name,392,760,internal_meshes/blood_vessel/FJ2356_BP20611_FMA85098_Proper palmar digital vein of right middle finger.obj,4.3
FMA85098,FJ2357,BP20611,Proper palmar digital vein of right middle finger,blood_vessel,name,455,826,internal_meshes/blood_vessel/FJ2357_BP20611_FMA85098_Proper palmar digital vein of right middle finger.obj,4.3
FMA85100,FJ2358,BP20801,Proper palmar digital vein of right ring finger,blood_vessel,name,372,698,internal_meshes/blood_vessel/FJ2358_BP20801_FMA85100_Proper palmar digital vein of right ring finger.obj,4.3
FMA85100,FJ2359,BP20801,Proper palmar digital vein of right ring finger,blood_vessel,name,389,726,internal_meshes/blood_vessel/FJ2359_BP20801_FMA85100_Proper palmar digital vein of right ring finger.obj,4.3
FMA85102,FJ2360,BP20962,Proper palmar digital vein of right little finger,blood_vessel,name,302,548,internal_meshes/blood_vessel/FJ2360_BP20962_FMA85102_Proper palmar digital vein of right little finger.obj,4.3
FMA23063,FJ2361,BP20917,Pectoral branch of right thoraco-acromial artery,blood_vessel,name,1702,3400,internal_meshes/blood_vessel/FJ2361_BP20917_FMA23063_Pectoral branch of right thoraco-acromial artery.obj,4.3
FMA23124,FJ2362,BP22011,Middle collateral branch of right deep brachial artery,blood_vessel,name,844,1684,internal_meshes/blood_vessel/FJ2362_BP22011_FMA23124_Middle collateral branch of right deep brachial artery.obj,4.3
FMA22777,FJ2363,BP21050,Right arteria radialis indicis,blood_vessel,name,392,726,internal_meshes/blood_vessel/FJ2363_BP21050_FMA22777_Right arteria radialis indicis.obj,4.3
FMA23050,FJ2364,BP21084,Medial proper palmar digital artery of right index finger,blood_vessel,name,442,800,internal_meshes/blood_vessel/FJ2364_BP21084_FMA23050_Medial proper palmar digital artery of right index finger.obj,4.3
FMA22858,FJ2365,BP21139,Lateral proper palmar digital artery of right middle finger,blood_vessel,name,442,806,internal_meshes/blood_vessel/FJ2365_BP21139_FMA22858_Lateral proper palmar digital artery of right middle finger.obj,4.3
FMA85115,FJ2366,BP21074,Lateral proper palmar digital artery of right ring finger,blood_vessel,name,391,720,internal_meshes/blood_vessel/FJ2366_BP21074_FMA85115_Lateral proper palmar digital artery of right ring finger.obj,4.3
FMA85112,FJ2367,BP22709,Medial proper palmar digital artery of right middle finger,blood_vessel,name,451,826,internal_meshes/blood_vessel/FJ2367_BP22709_FMA85112_Medial proper palmar digital artery of right middle finger.obj,4.3
FMA23054,FJ2368,BP21140,Lateral proper palmar digital artery of right little finger,blood_vessel,name,335,614,internal_meshes/blood_vessel/FJ2368_BP21140_FMA23054_Lateral proper palmar digital artery of right little finger.obj,4.3
FMA23052,FJ2369,BP21101,Medial proper palmar digital artery of right ring finger,blood_vessel,name,396,726,internal_meshes/blood_vessel/FJ2369_BP21101_FMA23052_Medial proper palmar digital artery of right ring finger.obj,4.3
FMA85123,FJ2370,BP20782,Right fourth common palmar digital artery,blood_vessel,name,511,936,internal_meshes/blood_vessel/FJ2370_BP20782_FMA85123_Right fourth common palmar digital artery.obj,4.3
FMA22905,FJ2371,BP20966,Right arteria princeps pollicis,blood_vessel,name,579,1070,internal_meshes/blood_vessel/FJ2371_BP20966_FMA22905_Right arteria princeps pollicis.obj,4.3
FMA22905,FJ2372,BP20966,Right arteria princeps pollicis,blood_vessel,name,401,780,internal_meshes/blood_vessel/FJ2372_BP20966_FMA22905_Right arteria princeps pollicis.obj,4.3
FMA22707,FJ2373,BP22420,Right superior ulnar collateral artery,blood_vessel,name,740,1476,internal_meshes/blood_vessel/FJ2373_BP22420_FMA22707_Right superior ulnar collateral artery.obj,4.3
FMA22708,FJ2374,BP21892,Left superior ulnar collateral artery,blood_vessel,name,740,1476,internal_meshes/blood_vessel/FJ2374_BP21892_FMA22708_Left superior ulnar collateral artery.obj,4.3
FMA70447,FJ2386,BP22665,Caudate lobe branch of right hepatic artery,blood_vessel,name,214,362,internal_meshes/blood_vessel/FJ2386_BP22665_FMA70447_Caudate lobe branch of right hepatic artery.obj,4.3
FMA71708,FJ2394,BP21167,Right lobe branch of right hepatic artery,blood_vessel,name,1016,1374,internal_meshes/blood_vessel/FJ2394_BP21167_FMA71708_Right lobe branch of right hepatic artery.obj,4.3
FMA15744,FJ2409,BP19699,Hepatovenous segment VI,blood_vessel,name,5091,8534,internal_meshes/blood_vessel/FJ2409_BP19699_FMA15744_Hepatovenous segment VI.obj,4.3
FMA7247,FJ2417,BP22537,Left anterior cusp of pulmonary valve,organ,name,708,1272,internal_meshes/organ/FJ2417_BP22537_FMA7247_Left anterior cusp of pulmonary valve.obj,4.3
FMA7265,FJ2418,BP21732,Anterolateral head of lateral papillary muscle of left ventricle,muscle,name,532,816,internal_meshes/muscle/FJ2418_BP21732_FMA7265_Anterolateral head of lateral papillary muscle of left ventricle.obj,4.3
FMA7260,FJ2419,BP22413,Anterior papillary muscle of right ventricle,muscle,name,580,882,internal_meshes/muscle/FJ2419_BP22413_FMA7260_Anterior papillary muscle of right ventricle.obj,4.3
FMA7242,FJ2420,BP22549,Anterior leaflet of mitral valve,organ,name,4052,7558,internal_meshes/organ/FJ2420_BP22549_FMA7242_Anterior leaflet of mitral valve.obj,4.3
FMA7238,FJ2421,BP22919,Anterior leaflet of tricuspid valve,organ,name,4282,8160,internal_meshes/organ/FJ2421_BP22919_FMA7238_Anterior leaflet of tricuspid valve.obj,4.3
FMA9466,FJ2422,BP22494,Cavity of left ventricle,organ,name,879,1722,internal_meshes/organ/FJ2422_BP22494_FMA9466_Cavity of left ventricle.obj,4.3
FMA9291,FJ2423,BP24005,Cavity of right ventricle,organ,name,973,1918,internal_meshes/organ/FJ2423_BP24005_FMA9291_Cavity of right ventricle.obj,4.3
FMA7254,FJ2426,BP22547,Left posterior cusp of aortic valve,organ,name,526,914,internal_meshes/organ/FJ2426_BP22547_FMA7254_Left posterior cusp of aortic valve.obj,4.3
FMA7250,FJ2427,BP21607,Posterior cusp of pulmonary valve,organ,name,573,996,internal_meshes/organ/FJ2427_BP21607_FMA7250_Posterior cusp of pulmonary valve.obj,4.3
FMA13884,FJ2428,BP21837,Wall of ventricle,organ,name,21053,37442,internal_meshes/organ/FJ2428_BP21837_FMA13884_Wall of ventricle.obj,4.3
FMA7266,FJ2429,BP22988,Posterior papillary muscle of left ventricle,muscle,name,487,780,internal_meshes/muscle/FJ2429_BP22988_FMA7266_Posterior papillary muscle of left ventricle.obj,4.3
FMA7261,FJ2430,BP21414,Posterior papillary muscle of right ventricle,muscle,name,484,692,internal_meshes/muscle/FJ2430_BP21414_FMA7261_Posterior papillary muscle of right ventricle.obj,4.3
FMA7252,FJ2431,BP22800,Right posterior cusp of aortic valve,organ,name,215,316,internal_meshes/organ/FJ2431_BP22800_FMA7252_Right posterior cusp of aortic valve.obj,4.3
FMA7243,FJ2432,BP22942,Posterior leaflet of mitral valve,organ,name,2560,3820,internal_meshes/organ/FJ2432_BP22942_FMA7243_Posterior leaflet of mitral valve.obj,4.3
FMA7239,FJ2433,BP21500,Posterior leaflet of tricuspid valve,organ,name,2729,4926,internal_meshes/organ/FJ2433_BP21500_FMA7239_Posterior leaflet of tricuspid valve.obj,4.3
FMA7249,FJ2434,BP22523,Right anterior cusp of pulmonary valve,organ,name,769,1370,internal_meshes/organ/FJ2434_BP22523_FMA7249_Right anterior cusp of pulmonary valve.obj,4.3
FMA7253,FJ2435,BP22554,Anterior cusp of aortic valve,organ,name,508,920,internal_meshes/organ/FJ2435_BP22554_FMA7253_Anterior cusp of aortic valve.obj,4.3
FMA7240,FJ2436,BP22521,Septal leaflet of tricuspid valve,organ,name,2591,4526,internal_meshes/organ/FJ2436_BP22521_FMA7240_Septal leaflet of tricuspid valve.obj,4.3
FMA7262,FJ2437,BP21554,Septal papillary muscle of right ventricle,muscle,name,539,844,internal_meshes/muscle/FJ2437_BP21554_FMA7262_Septal papillary muscle of right ventricle.obj,4.3
FMA9531,FJ2438,BP22747,Wall of left atrium,organ,name,4284,7544,internal_meshes/organ/FJ2438_BP22747_FMA9531_Wall of left atrium.obj,4.3
FMA9457,FJ2439,BP21422,Wall of right atrium,organ,name,9887,17784,internal_meshes/organ/FJ2439_BP21422_FMA9457_Wall of right atrium.obj,4.3
FMA9615,FJ2440,BP22903,Cricoid cartilage,cartilage,name,937,1702,internal_meshes/cartilage/FJ2440_BP22903_FMA9615_Cricoid cartilage.obj,4.3
FMA68227,FJ2441,BP23127,Inferior lingular bronchial tree,organ,name,631,1134,internal_meshes/organ/FJ2441_BP23127_FMA68227_Inferior lingular bronchial tree.obj,4.3
FMA68230,FJ2442,BP23836,Left medial basal segmental bronchial tree,organ,name,409,730,internal_meshes/organ/FJ2442_BP23836_FMA68230_Left medial basal segmental bronchial tree.obj,4.3
FMA68222,FJ2443,BP23746,Left anterior segmental bronchial tree,organ,name,270,440,internal_meshes/organ/FJ2443_BP23746_FMA68222_Left anterior segmental bronchial tree.obj,4.3
FMA68223,FJ2444,BP23781,Left apical segmental bronchial tree,organ,name,332,572,internal_meshes/organ/FJ2444_BP23781_FMA68223_Left apical segmental bronchial tree.obj,4.3
FMA68232,FJ2445,BP22396,Left lateral basal segmental bronchial tree,organ,name,354,626,internal_meshes/organ/FJ2445_BP22396_FMA68232_Left lateral basal segmental bronchial tree.obj,4.3
FMA68233,FJ2446,BP22359,Left posterior basal segmental bronchial tree,organ,name,405,722,internal_meshes/organ/FJ2446_BP22359_FMA68233_Left posterior basal segmental bronchial tree.obj,4.3
FMA68225,FJ2447,BP23441,Left posterior segmental bronchial tree,organ,name,175,284,internal_meshes/organ/FJ2447_BP23441_FMA68225_Left posterior segmental bronchial tree.obj,4.3
FMA68228,FJ2448,BP23530,Left superior segmental bronchial tree,organ,name,270,444,internal_meshes/organ/FJ2448_BP23530_FMA68228_Left superior segmental bronchial tree.obj,4.3
FMA68215,FJ2449,BP23125,Lateral segmental bronchial tree,organ,name,477,858,internal_meshes/organ/FJ2449_BP23125_FMA68215_Lateral segmental bronchial tree.obj,4.3
FMA68214,FJ2451,BP23098,Medial segmental bronchial tree,organ,name,297,514,internal_meshes/organ/FJ2451_BP23098_FMA68214_Medial segmental bronchial tree.obj,4.3
FMA68321,FJ2452,BP21654,Right anterior basal segmental bronchial tree,organ,name,303,528,internal_meshes/organ/FJ2452_BP21654_FMA68321_Right anterior basal segmental bronchial tree.obj,4.3
FMA68212,FJ2453,BP24079,Right anterior segmental bronchial tree,organ,name,232,390,internal_meshes/organ/FJ2453_BP24079_FMA68212_Right anterior segmental bronchial tree.obj,4.3
FMA68211,FJ2454,BP23435,Right apical segmental bronchial tree,organ,name,226,388,internal_meshes/organ/FJ2454_BP23435_FMA68211_Right apical segmental bronchial tree.obj,4.3
FMA68220,FJ2455,BP22414,Right lateral basal segmental bronchial tree,organ,name,379,650,internal_meshes/organ/FJ2455_BP22414_FMA68220_Right lateral basal segmental bronchial tree.obj,4.3
FMA68218,FJ2456,BP23914,Right medial basal segmental bronchial tree,organ,name,115,170,internal_meshes/organ/FJ2456_BP23914_FMA68218_Right medial basal segmental bronchial tree.obj,4.3
FMA68221,FJ2457,BP23851,Right posterior basal segmental bronchial tree,organ,name,373,654,internal_meshes/organ/FJ2457_BP23851_FMA68221_Right posterior basal segmental bronchial tree.obj,4.3
FMA68213,FJ2458,BP23453,Right posterior segmental bronchial tree,organ,name,291,510,internal_meshes/organ/FJ2458_BP23453_FMA68213_Right posterior segmental bronchial tree.obj,4.3
FMA68216,FJ2459,BP23999,Right superior segmental bronchial tree,organ,name,318,516,internal_meshes/organ/FJ2459_BP23999_FMA68216_Right superior segmental bronchial tree.obj,4.3
FMA68223,FJ2460,BP23781,Left apical segmental bronchial tree,organ,name,147,214,internal_meshes/organ/FJ2460_BP23781_FMA68223_Left apical segmental bronchial tree.obj,4.3
FMA68223,FJ2461,BP23781,Left apical segmental bronchial tree,organ,name,99,136,internal_meshes/organ/FJ2461_BP23781_FMA68223_Left apical segmental bronchial tree.obj,4.3
FMA68223,FJ2462,BP23781,Left apical segmental bronchial tree,organ,name,106,126,internal_meshes/organ/FJ2462_BP23781_FMA68223_Left apical segmental bronchial tree.obj,4.3
FMA68223,FJ2463,BP23781,Left apical segmental bronchial tree,organ,name,97,114,internal_meshes/organ/FJ2463_BP23781_FMA68223_Left apical segmental bronchial tree.obj,4.3
FMA68223,FJ2464,BP23781,Left apical segmental bronchial tree,organ,name,70,64,internal_meshes/organ/FJ2464_BP23781_FMA68223_Left apical segmental bronchial tree.obj,4.3
FMA68225,FJ2465,BP23441,Left posterior segmental bronchial tree,organ,name,81,92,internal_meshes/organ/FJ2465_BP23441_FMA68225_Left posterior segmental bronchial tree.obj,4.3
FMA68225,FJ2466,BP23441,Left posterior segmental bronchial tree,organ,name,68,64,internal_meshes/organ/FJ2466_BP23441_FMA68225_Left posterior segmental bronchial tree.obj,4.3
FMA68222,FJ2467,BP23746,Left anterior segmental bronchial tree,organ,name,258,418,internal_meshes/organ/FJ2467_BP23746_FMA68222_Left anterior segmental bronchial tree.obj,4.3
FMA68222,FJ2468,BP23746,Left anterior segmental bronchial tree,organ,name,161,208,internal_meshes/organ/FJ2468_BP23746_FMA68222_Left anterior segmental bronchial tree.obj,4.3
FMA68222,FJ2469,BP23746,Left anterior segmental bronchial tree,organ,name,89,84,internal_meshes/organ/FJ2469_BP23746_FMA68222_Left anterior segmental bronchial tree.obj,4.3
FMA68221,FJ2470,BP23851,Right posterior basal segmental bronchial tree,organ,name,484,846,internal_meshes/organ/FJ2470_BP23851_FMA68221_Right posterior basal segmental bronchial tree.obj,4.3
FMA68222,FJ2471,BP23746,Left anterior segmental bronchial tree,organ,name,82,108,internal_meshes/organ/FJ2471_BP23746_FMA68222_Left anterior segmental bronchial tree.obj,4.3
FMA68222,FJ2472,BP23746,Left anterior segmental bronchial tree,organ,name,101,116,internal_meshes/organ/FJ2472_BP23746_FMA68222_Left anterior segmental bronchial tree.obj,4.3
FMA68222,FJ2473,BP23746,Left anterior segmental bronchial tree,organ,name,116,116,internal_meshes/organ/FJ2473_BP23746_FMA68222_Left anterior segmental bronchial tree.obj,4.3
FMA68222,FJ2474,BP23746,Left anterior segmental bronchial tree,organ,name,119,136,internal_meshes/organ/FJ2474_BP23746_FMA68222_Left anterior segmental bronchial tree.obj,4.3
FMA68227,FJ2475,BP23127,Inferior lingular bronchial tree,organ,name,133,214,internal_meshes/organ/FJ2475_BP23127_FMA68227_Inferior lingular bronchial tree.obj,4.3
FMA68226,FJ2476,BP23363,Superior lingular bronchial tree,organ,name,108,136,internal_meshes/organ/FJ2476_BP23363_FMA68226_Superior lingular bronchial tree.obj,4.3
FMA68226,FJ2477,BP23363,Superior lingular bronchial tree,organ,name,89,74,internal_meshes/organ/FJ2477_BP23363_FMA68226_Superior lingular bronchial tree.obj,4.3
FMA68226,FJ2478,BP23363,Superior lingular bronchial tree,organ,name,87,88,internal_meshes/organ/FJ2478_BP23363_FMA68226_Superior lingular bronchial tree.obj,4.3
FMA68228,FJ2479,BP23530,Left superior segmental bronchial tree,organ,name,133,208,internal_meshes/organ/FJ2479_BP23530_FMA68228_Left superior segmental bronchial tree.obj,4.3
FMA68228,FJ2480,BP23530,Left superior segmental bronchial tree,organ,name,94,108,internal_meshes/organ/FJ2480_BP23530_FMA68228_Left superior segmental bronchial tree.obj,4.3
FMA68221,FJ2481,BP23851,Right posterior basal segmental bronchial tree,organ,name,273,344,internal_meshes/organ/FJ2481_BP23851_FMA68221_Right posterior basal segmental bronchial tree.obj,4.3
FMA68228,FJ2482,BP23530,Left superior segmental bronchial tree,organ,name,87,104,internal_meshes/organ/FJ2482_BP23530_FMA68228_Left superior segmental bronchial tree.obj,4.3
FMA68228,FJ2483,BP23530,Left superior segmental bronchial tree,organ,name,83,92,internal_meshes/organ/FJ2483_BP23530_FMA68228_Left superior segmental bronchial tree.obj,4.3
FMA68228,FJ2484,BP23530,Left superior segmental bronchial tree,organ,name,97,128,internal_meshes/organ/FJ2484_BP23530_FMA68228_Left superior segmental bronchial tree.obj,4.3
FMA68228,FJ2485,BP23530,Left superior segmental bronchial tree,organ,name,75,60,internal_meshes/organ/FJ2485_BP23530_FMA68228_Left superior segmental bronchial tree.obj,4.3
FMA68221,FJ2486,BP23851,Right posterior basal segmental bronchial tree,organ,name,167,248,internal_meshes/organ/FJ2486_BP23851_FMA68221_Right posterior basal segmental bronchial tree.obj,4.3
FMA68221,FJ2487,BP23851,Right posterior basal segmental bronchial tree,organ,name,830,1448,internal_meshes/organ/FJ2487_BP23851_FMA68221_Right posterior basal segmental bronchial tree.obj,4.3
FMA68218,FJ2488,BP23914,Right medial basal segmental bronchial tree,organ,name,477,732,internal_meshes/organ/FJ2488_BP23914_FMA68218_Right medial basal segmental bronchial tree.obj,4.3
FMA68221,FJ2489,BP23851,Right posterior basal segmental bronchial tree,organ,name,374,618,internal_meshes/organ/FJ2489_BP23851_FMA68221_Right posterior basal segmental bronchial tree.obj,4.3
FMA68220,FJ2490,BP22414,Right lateral basal segmental bronchial tree,organ,name,348,566,internal_meshes/organ/FJ2490_BP22414_FMA68220_Right lateral basal segmental bronchial tree.obj,4.3
FMA68220,FJ2491,BP22414,Right lateral basal segmental bronchial tree,organ,name,839,1440,internal_meshes/organ/FJ2491_BP22414_FMA68220_Right lateral basal segmental bronchial tree.obj,4.3
FMA68220,FJ2492,BP22414,Right lateral basal segmental bronchial tree,organ,name,206,272,internal_meshes/organ/FJ2492_BP22414_FMA68220_Right lateral basal segmental bronchial tree.obj,4.3
FMA68321,FJ2493,BP21654,Right anterior basal segmental bronchial tree,organ,name,860,1428,internal_meshes/organ/FJ2493_BP21654_FMA68321_Right anterior basal segmental bronchial tree.obj,4.3
FMA68321,FJ2494,BP21654,Right anterior basal segmental bronchial tree,organ,name,211,304,internal_meshes/organ/FJ2494_BP21654_FMA68321_Right anterior basal segmental bronchial tree.obj,4.3
FMA68216,FJ2495,BP23999,Right superior segmental bronchial tree,organ,name,527,866,internal_meshes/organ/FJ2495_BP23999_FMA68216_Right superior segmental bronchial tree.obj,4.3
FMA68216,FJ2496,BP23999,Right superior segmental bronchial tree,organ,name,1482,2752,internal_meshes/organ/FJ2496_BP23999_FMA68216_Right superior segmental bronchial tree.obj,4.3
FMA68216,FJ2497,BP23999,Right superior segmental bronchial tree,organ,name,214,294,internal_meshes/organ/FJ2497_BP23999_FMA68216_Right superior segmental bronchial tree.obj,4.3
FMA68216,FJ2498,BP23999,Right superior segmental bronchial tree,organ,name,385,660,internal_meshes/organ/FJ2498_BP23999_FMA68216_Right superior segmental bronchial tree.obj,4.3
FMA68216,FJ2499,BP23999,Right superior segmental bronchial tree,organ,name,822,1456,internal_meshes/organ/FJ2499_BP23999_FMA68216_Right superior segmental bronchial tree.obj,4.3
FMA68216,FJ2500,BP23999,Right superior segmental bronchial tree,organ,name,174,266,internal_meshes/organ/FJ2500_BP23999_FMA68216_Right superior segmental bronchial tree.obj,4.3
FMA68216,FJ2501,BP23999,Right superior segmental bronchial tree,organ,name,325,554,internal_meshes/organ/FJ2501_BP23999_FMA68216_Right superior segmental bronchial tree.obj,4.3
FMA68216,FJ2502,BP23999,Right superior segmental bronchial tree,organ,name,233,352,internal_meshes/organ/FJ2502_BP23999_FMA68216_Right superior segmental bronchial tree.obj,4.3
FMA68215,FJ2503,BP23125,Lateral segmental bronchial tree,organ,name,488,734,internal_meshes/organ/FJ2503_BP23125_FMA68215_Lateral segmental bronchial tree.obj,4.3
FMA68215,FJ2504,BP23125,Lateral segmental bronchial tree,organ,name,1419,2456,internal_meshes/organ/FJ2504_BP23125_FMA68215_Lateral segmental bronchial tree.obj,4.3
FMA68215,FJ2505,BP23125,Lateral segmental bronchial tree,organ,name,331,472,internal_meshes/organ/FJ2505_BP23125_FMA68215_Lateral segmental bronchial tree.obj,4.3
FMA68214,FJ2506,BP23098,Medial segmental bronchial tree,organ,name,1364,2482,internal_meshes/organ/FJ2506_BP23098_FMA68214_Medial segmental bronchial tree.obj,4.3
FMA68214,FJ2507,BP23098,Medial segmental bronchial tree,organ,name,881,1516,internal_meshes/organ/FJ2507_BP23098_FMA68214_Medial segmental bronchial tree.obj,4.3
FMA68214,FJ2508,BP23098,Medial segmental bronchial tree,organ,name,529,834,internal_meshes/organ/FJ2508_BP23098_FMA68214_Medial segmental bronchial tree.obj,4.3
FMA68212,FJ2509,BP24079,Right anterior segmental bronchial tree,organ,name,1307,2350,internal_meshes/organ/FJ2509_BP24079_FMA68212_Right anterior segmental bronchial tree.obj,4.3
FMA68212,FJ2510,BP24079,Right anterior segmental bronchial tree,organ,name,494,836,internal_meshes/organ/FJ2510_BP24079_FMA68212_Right anterior segmental bronchial tree.obj,4.3
FMA68212,FJ2511,BP24079,Right anterior segmental bronchial tree,organ,name,198,286,internal_meshes/organ/FJ2511_BP24079_FMA68212_Right anterior segmental bronchial tree.obj,4.3
FMA68212,FJ2512,BP24079,Right anterior segmental bronchial tree,organ,name,227,340,internal_meshes/organ/FJ2512_BP24079_FMA68212_Right anterior segmental bronchial tree.obj,4.3
FMA68212,FJ2513,BP24079,Right anterior segmental bronchial tree,organ,name,449,770,internal_meshes/organ/FJ2513_BP24079_FMA68212_Right anterior segmental bronchial tree.obj,4.3
FMA68212,FJ2514,BP24079,Right anterior segmental bronchial tree,organ,name,385,636,internal_meshes/organ/FJ2514_BP24079_FMA68212_Right anterior segmental bronchial tree.obj,4.3
FMA68213,FJ2515,BP23453,Right posterior segmental bronchial tree,organ,name,1269,2204,internal_meshes/organ/FJ2515_BP23453_FMA68213_Right posterior segmental bronchial tree.obj,4.3
FMA68213,FJ2516,BP23453,Right posterior segmental bronchial tree,organ,name,544,882,internal_meshes/organ/FJ2516_BP23453_FMA68213_Right posterior segmental bronchial tree.obj,4.3
FMA68213,FJ2517,BP23453,Right posterior segmental bronchial tree,organ,name,199,302,internal_meshes/organ/FJ2517_BP23453_FMA68213_Right posterior segmental bronchial tree.obj,4.3
FMA68213,FJ2518,BP23453,Right posterior segmental bronchial tree,organ,name,147,210,internal_meshes/organ/FJ2518_BP23453_FMA68213_Right posterior segmental bronchial tree.obj,4.3
FMA68213,FJ2519,BP23453,Right posterior segmental bronchial tree,organ,name,158,228,internal_meshes/organ/FJ2519_BP23453_FMA68213_Right posterior segmental bronchial tree.obj,4.3
FMA68211,FJ2520,BP23435,Right apical segmental bronchial tree,organ,name,1011,1794,internal_meshes/organ/FJ2520_BP23435_FMA68211_Right apical segmental bronchial tree.obj,4.3
FMA68211,FJ2521,BP23435,Right apical segmental bronchial tree,organ,name,358,600,internal_meshes/organ/FJ2521_BP23435_FMA68211_Right apical segmental bronchial tree.obj,4.3
FMA68211,FJ2522,BP23435,Right apical segmental bronchial tree,organ,name,533,882,internal_meshes/organ/FJ2522_BP23435_FMA68211_Right apical segmental bronchial tree.obj,4.3
FMA68211,FJ2523,BP23435,Right apical segmental bronchial tree,organ,name,144,208,internal_meshes/organ/FJ2523_BP23435_FMA68211_Right apical segmental bronchial tree.obj,4.3
FMA68211,FJ2524,BP23435,Right apical segmental bronchial tree,organ,name,200,286,internal_meshes/organ/FJ2524_BP23435_FMA68211_Right apical segmental bronchial tree.obj,4.3
FMA68211,FJ2525,BP23435,Right apical segmental bronchial tree,organ,name,127,176,internal_meshes/organ/FJ2525_BP23435_FMA68211_Right apical segmental bronchial tree.obj,4.3
FMA68211,FJ2526,BP23435,Right apical segmental bronchial tree,organ,name,125,170,internal_meshes/organ/FJ2526_BP23435_FMA68211_Right apical segmental bronchial tree.obj,4.3
FMA68233,FJ2527,BP22359,Left posterior basal segmental bronchial tree,organ,name,138,210,internal_meshes/organ/FJ2527_BP22359_FMA68233_Left posterior basal segmental bronchial tree.obj,4.3
FMA68233,FJ2528,BP22359,Left posterior basal segmental bronchial tree,organ,name,164,256,internal_meshes/organ/FJ2528_BP22359_FMA68233_Left posterior basal segmental bronchial tree.obj,4.3
FMA68233,FJ2529,BP22359,Left posterior basal segmental bronchial tree,organ,name,109,106,internal_meshes/organ/FJ2529_BP22359_FMA68233_Left posterior basal segmental bronchial tree.obj,4.3
FMA68233,FJ2530,BP22359,Left posterior basal segmental bronchial tree,organ,name,86,108,internal_meshes/organ/FJ2530_BP22359_FMA68233_Left posterior basal segmental bronchial tree.obj,4.3
FMA68233,FJ2531,BP22359,Left posterior basal segmental bronchial tree,organ,name,78,58,internal_meshes/organ/FJ2531_BP22359_FMA68233_Left posterior basal segmental bronchial tree.obj,4.3
FMA68232,FJ2532,BP22396,Left lateral basal segmental bronchial tree,organ,name,166,278,internal_meshes/organ/FJ2532_BP22396_FMA68232_Left lateral basal segmental bronchial tree.obj,4.3
FMA68232,FJ2533,BP22396,Left lateral basal segmental bronchial tree,organ,name,133,154,internal_meshes/organ/FJ2533_BP22396_FMA68232_Left lateral basal segmental bronchial tree.obj,4.3
FMA68232,FJ2534,BP22396,Left lateral basal segmental bronchial tree,organ,name,70,68,internal_meshes/organ/FJ2534_BP22396_FMA68232_Left lateral basal segmental bronchial tree.obj,4.3
FMA68231,FJ2535,BP22399,Left anterior basal segmental bronchial tree,organ,name,186,296,internal_meshes/organ/FJ2535_BP22399_FMA68231_Left anterior basal segmental bronchial tree.obj,4.3
FMA68231,FJ2536,BP22399,Left anterior basal segmental bronchial tree,organ,name,187,298,internal_meshes/organ/FJ2536_BP22399_FMA68231_Left anterior basal segmental bronchial tree.obj,4.3
FMA68230,FJ2537,BP23836,Left medial basal segmental bronchial tree,organ,name,76,92,internal_meshes/organ/FJ2537_BP23836_FMA68230_Left medial basal segmental bronchial tree.obj,4.3
FMA68231,FJ2538,BP22399,Left anterior basal segmental bronchial tree,organ,name,110,138,internal_meshes/organ/FJ2538_BP22399_FMA68231_Left anterior basal segmental bronchial tree.obj,4.3
FMA68418,FJ2539,BP22407,Right main bronchus proper,organ,manual,2564,4468,internal_meshes/organ/FJ2539_BP22407_FMA68418_Right main bronchus proper.obj,4.3
FMA68226,FJ2540,BP23363,Superior lingular bronchial tree,organ,name,230,366,internal_meshes/organ/FJ2540_BP23363_FMA68226_Superior lingular bronchial tree.obj,4.3
FMA7394,FJ2541,BP21463,Trachea,organ,name,2607,4996,internal_meshes/organ/FJ2541_BP21463_FMA7394_Trachea.obj,4.3
FMA46444,FJ2542,BP23597,Left coccygeus,muscle,name,1482,2082,internal_meshes/muscle/FJ2542_BP23597_FMA46444_Left coccygeus.obj,4.3
FMA21930,FJ2543,BP23384,External anal sphincter,muscle,name,240,364,internal_meshes/muscle/FJ2543_BP23384_FMA21930_External anal sphincter.obj,4.3
FMA45859,FJ2544,BP23080,Left iliococcygeus,muscle,name,2898,3846,internal_meshes/muscle/FJ2544_BP23080_FMA45859_Left iliococcygeus.obj,4.3
FMA45855,FJ2545,BP23259,Left pubococcygeus,muscle,name,2937,4670,internal_meshes/muscle/FJ2545_BP23259_FMA45855_Left pubococcygeus.obj,4.3
FMA45857,FJ2546,BP23215,Left puborectalis,muscle,name,3163,3618,internal_meshes/muscle/FJ2546_BP23215_FMA45857_Left puborectalis.obj,4.3
FMA46443,FJ2547,BP23587,Right coccygeus,muscle,name,1607,2086,internal_meshes/muscle/FJ2547_BP23587_FMA46443_Right coccygeus.obj,4.3
FMA21930,FJ2548,BP23384,External anal sphincter,muscle,name,250,368,internal_meshes/muscle/FJ2548_BP23384_FMA21930_External anal sphincter.obj,4.3
FMA45858,FJ2549,BP23163,Right iliococcygeus,muscle,name,3319,3864,internal_meshes/muscle/FJ2549_BP23163_FMA45858_Right iliococcygeus.obj,4.3
FMA45854,FJ2550,BP23334,Right pubococcygeus,muscle,name,3498,4616,internal_meshes/muscle/FJ2550_BP23334_FMA45854_Right pubococcygeus.obj,4.3
FMA45856,FJ2551,BP23238,Right puborectalis,muscle,name,4164,3638,internal_meshes/muscle/FJ2551_BP23238_FMA45856_Right puborectalis.obj,4.3
FMA46442,FJ2552,BP19735,Tendinous arch of levator ani,ligament_tendon,name,440,710,internal_meshes/ligament_tendon/FJ2552_BP19735_FMA46442_Tendinous arch of levator ani.obj,4.3
FMA46442,FJ2553,BP19735,Tendinous arch of levator ani,ligament_tendon,name,434,722,internal_meshes/ligament_tendon/FJ2553_BP19735_FMA46442_Tendinous arch of levator ani.obj,4.3
FMA7196,FJ2561,BP21570,Spleen,lymphatic,name,689,1330,internal_meshes/lymphatic/FJ2561_BP21570_FMA7196_Spleen.obj,4.3
FMA7131,FJ2563,BP22674,Esophagus,organ,name,323,578,internal_meshes/organ/FJ2563_BP22674_FMA7131_Esophagus.obj,4.3
FMA7148,FJ2564,BP22633,Stomach,organ,name,914,1810,internal_meshes/organ/FJ2564_BP22633_FMA7148_Stomach.obj,4.3
FMA14542,FJ2565,BP23696,Appendix,organ,name,244,442,internal_meshes/organ/FJ2565_BP23696_FMA14542_Appendix.obj,4.3
FMA14545,FJ2566,BP22851,Ascending colon,organ,name,1812,3310,internal_meshes/organ/FJ2566_BP22851_FMA14545_Ascending colon.obj,4.3
FMA14547,FJ2567,BP22849,Descending colon,organ,name,3039,5588,internal_meshes/organ/FJ2567_BP22849_FMA14547_Descending colon.obj,4.3
FMA15044,FJ2568,BP23047,Taenia libera,organ,manual,15598,15244,internal_meshes/organ/FJ2568_BP23047_FMA15044_Taenia libera.obj,4.3
FMA15042,FJ2569,BP24038,Taenia mesocolica,organ,manual,15282,13342,internal_meshes/organ/FJ2569_BP24038_FMA15042_Taenia mesocolica.obj,4.3
FMA15043,FJ2570,BP22836,Taenia omentalis,organ,manual,12767,15922,internal_meshes/organ/FJ2570_BP22836_FMA15043_Taenia omentalis.obj,4.3
FMA14544,FJ2571,BP21902,Rectum,organ,name,1121,2118,internal_meshes/organ/FJ2571_BP21902_FMA14544_Rectum.obj,4.3
FMA14546,FJ2572,BP23966,Transverse colon,organ,name,1923,3472,internal_meshes/organ/FJ2572_BP23966_FMA14546_Transverse colon.obj,4.3
FMA7206,FJ2573,BP24104,Duodenum,organ,name,977,1860,internal_meshes/organ/FJ2573_BP24104_FMA7206_Duodenum.obj,4.3
FMA14964,FJ2574,BP21558,Proximal part of ileum,organ,name,197,380,internal_meshes/organ/FJ2574_BP21558_FMA14964_Proximal part of ileum.obj,4.3
FMA14964,FJ2575,BP21558,Proximal part of ileum,organ,name,144,276,internal_meshes/organ/FJ2575_BP21558_FMA14964_Proximal part of ileum.obj,4.3
FMA14965,FJ2576,BP22937,Middle part of ileum,organ,name,94,172,internal_meshes/organ/FJ2576_BP22937_FMA14965_Middle part of ileum.obj,4.3
FMA14965,FJ2577,BP22937,Middle part of ileum,organ,name,174,314,internal_meshes/organ/FJ2577_BP22937_FMA14965_Middle part of ileum.obj,4.3
FMA14965,FJ2578,BP22937,Middle part of ileum,organ,name,161,292,internal_meshes/organ/FJ2578_BP22937_FMA14965_Middle part of ileum.obj,4.3
FMA14965,FJ2579,BP22937,Middle part of ileum,organ,name,150,280,internal_meshes/organ/FJ2579_BP22937_FMA14965_Middle part of ileum.obj,4.3
FMA14965,FJ2580,BP22937,Middle part of ileum,organ,name,176,344,internal_meshes/organ/FJ2580_BP22937_FMA14965_Middle part of ileum.obj,4.3
FMA14965,FJ2581,BP22937,Middle part of ileum,organ,name,118,198,internal_meshes/organ/FJ2581_BP22937_FMA14965_Middle part of ileum.obj,4.3
FMA14965,FJ2582,BP22937,Middle part of ileum,organ,name,114,212,internal_meshes/organ/FJ2582_BP22937_FMA14965_Middle part of ileum.obj,4.3
FMA14965,FJ2583,BP22937,Middle part of ileum,organ,name,102,198,internal_meshes/organ/FJ2583_BP22937_FMA14965_Middle part of ileum.obj,4.3
FMA14965,FJ2584,BP22937,Middle part of ileum,organ,name,116,228,internal_meshes/organ/FJ2584_BP22937_FMA14965_Middle part of ileum.obj,4.3
FMA14964,FJ2585,BP21558,Proximal part of ileum,organ,name,158,288,internal_meshes/organ/FJ2585_BP21558_FMA14964_Proximal part of ileum.obj,4.3
FMA14965,FJ2586,BP22937,Middle part of ileum,organ,name,143,264,internal_meshes/organ/FJ2586_BP22937_FMA14965_Middle part of ileum.obj,4.3
FMA14966,FJ2587,BP23004,Distal part of ileum,organ,name,117,228,internal_meshes/organ/FJ2587_BP23004_FMA14966_Distal part of ileum.obj,4.3
FMA14966,FJ2588,BP23004,Distal part of ileum,organ,name,142,266,internal_meshes/organ/FJ2588_BP23004_FMA14966_Distal part of ileum.obj,4.3
FMA14966,FJ2589,BP23004,Distal part of ileum,organ,name,168,326,internal_meshes/organ/FJ2589_BP23004_FMA14966_Distal part of ileum.obj,4.3
FMA14966,FJ2590,BP23004,Distal part of ileum,organ,name,97,184,internal_meshes/organ/FJ2590_BP23004_FMA14966_Distal part of ileum.obj,4.3
FMA14966,FJ2591,BP23004,Distal part of ileum,organ,name,118,226,internal_meshes/organ/FJ2591_BP23004_FMA14966_Distal part of ileum.obj,4.3
FMA14966,FJ2592,BP23004,Distal part of ileum,organ,name,129,236,internal_meshes/organ/FJ2592_BP23004_FMA14966_Distal part of ileum.obj,4.3
FMA14966,FJ2593,BP23004,Distal part of ileum,organ,name,134,262,internal_meshes/organ/FJ2593_BP23004_FMA14966_Distal part of ileum.obj,4.3
FMA14966,FJ2594,BP23004,Distal part of ileum,organ,name,113,220,internal_meshes/organ/FJ2594_BP23004_FMA14966_Distal part of ileum.obj,4.3
FMA14966,FJ2595,BP23004,Distal part of ileum,organ,name,139,258,internal_meshes/organ/FJ2595_BP23004_FMA14966_Distal part of ileum.obj,4.3
FMA14964,FJ2596,BP21558,Proximal part of ileum,organ,name,135,226,internal_meshes/organ/FJ2596_BP21558_FMA14964_Proximal part of ileum.obj,4.3
FMA14966,FJ2597,BP23004,Distal part of ileum,organ,name,106,202,internal_meshes/organ/FJ2597_BP23004_FMA14966_Distal part of ileum.obj,4.3
FMA14966,FJ2598,BP23004,Distal part of ileum,organ,name,129,246,internal_meshes/organ/FJ2598_BP23004_FMA14966_Distal part of ileum.obj,4.3
FMA14966,FJ2599,BP23004,Distal part of ileum,organ,name,156,288,internal_meshes/organ/FJ2599_BP23004_FMA14966_Distal part of ileum.obj,4.3
FMA14964,FJ2600,BP21558,Proximal part of ileum,organ,name,136,256,internal_meshes/organ/FJ2600_BP21558_FMA14964_Proximal part of ileum.obj,4.3
FMA14964,FJ2601,BP21558,Proximal part of ileum,organ,name,125,208,internal_meshes/organ/FJ2601_BP21558_FMA14964_Proximal part of ileum.obj,4.3
FMA14964,FJ2602,BP21558,Proximal part of ileum,organ,name,139,270,internal_meshes/organ/FJ2602_BP21558_FMA14964_Proximal part of ileum.obj,4.3
FMA14964,FJ2603,BP21558,Proximal part of ileum,organ,name,154,294,internal_meshes/organ/FJ2603_BP21558_FMA14964_Proximal part of ileum.obj,4.3
FMA14964,FJ2604,BP21558,Proximal part of ileum,organ,name,114,198,internal_meshes/organ/FJ2604_BP21558_FMA14964_Proximal part of ileum.obj,4.3
FMA14964,FJ2605,BP21558,Proximal part of ileum,organ,name,177,332,internal_meshes/organ/FJ2605_BP21558_FMA14964_Proximal part of ileum.obj,4.3
FMA16981,FJ2606,BP23892,Proximal part of jejunum,organ,name,207,320,internal_meshes/organ/FJ2606_BP23892_FMA16981_Proximal part of jejunum.obj,4.3
FMA16982,FJ2607,BP23049,Middle part of jejunum,organ,name,127,240,internal_meshes/organ/FJ2607_BP23049_FMA16982_Middle part of jejunum.obj,4.3
FMA16982,FJ2608,BP23049,Middle part of jejunum,organ,name,133,262,internal_meshes/organ/FJ2608_BP23049_FMA16982_Middle part of jejunum.obj,4.3
FMA16982,FJ2609,BP23049,Middle part of jejunum,organ,name,98,192,internal_meshes/organ/FJ2609_BP23049_FMA16982_Middle part of jejunum.obj,4.3
FMA16982,FJ2610,BP23049,Middle part of jejunum,organ,name,156,296,internal_meshes/organ/FJ2610_BP23049_FMA16982_Middle part of jejunum.obj,4.3
FMA16983,FJ2611,BP21888,Distal part of jejunum,organ,name,123,226,internal_meshes/organ/FJ2611_BP21888_FMA16983_Distal part of jejunum.obj,4.3
FMA16983,FJ2612,BP21888,Distal part of jejunum,organ,name,134,248,internal_meshes/organ/FJ2612_BP21888_FMA16983_Distal part of jejunum.obj,4.3
FMA16983,FJ2613,BP21888,Distal part of jejunum,organ,name,91,176,internal_meshes/organ/FJ2613_BP21888_FMA16983_Distal part of jejunum.obj,4.3
FMA16983,FJ2614,BP21888,Distal part of jejunum,organ,name,120,232,internal_meshes/organ/FJ2614_BP21888_FMA16983_Distal part of jejunum.obj,4.3
FMA16983,FJ2615,BP21888,Distal part of jejunum,organ,name,147,264,internal_meshes/organ/FJ2615_BP21888_FMA16983_Distal part of jejunum.obj,4.3
FMA16983,FJ2616,BP21888,Distal part of jejunum,organ,name,233,444,internal_meshes/organ/FJ2616_BP21888_FMA16983_Distal part of jejunum.obj,4.3
FMA16981,FJ2617,BP23892,Proximal part of jejunum,organ,name,135,234,internal_meshes/organ/FJ2617_BP23892_FMA16981_Proximal part of jejunum.obj,4.3
FMA16983,FJ2618,BP21888,Distal part of jejunum,organ,name,117,222,internal_meshes/organ/FJ2618_BP21888_FMA16983_Distal part of jejunum.obj,4.3
FMA16983,FJ2619,BP21888,Distal part of jejunum,organ,name,142,260,internal_meshes/organ/FJ2619_BP21888_FMA16983_Distal part of jejunum.obj,4.3
FMA16983,FJ2620,BP21888,Distal part of jejunum,organ,name,154,284,internal_meshes/organ/FJ2620_BP21888_FMA16983_Distal part of jejunum.obj,4.3
FMA16983,FJ2621,BP21888,Distal part of jejunum,organ,name,278,500,internal_meshes/organ/FJ2621_BP21888_FMA16983_Distal part of jejunum.obj,4.3
FMA16981,FJ2622,BP23892,Proximal part of jejunum,organ,name,99,160,internal_meshes/organ/FJ2622_BP23892_FMA16981_Proximal part of jejunum.obj,4.3
FMA16981,FJ2623,BP23892,Proximal part of jejunum,organ,name,206,386,internal_meshes/organ/FJ2623_BP23892_FMA16981_Proximal part of jejunum.obj,4.3
FMA16981,FJ2624,BP23892,Proximal part of jejunum,organ,name,94,172,internal_meshes/organ/FJ2624_BP23892_FMA16981_Proximal part of jejunum.obj,4.3
FMA16981,FJ2625,BP23892,Proximal part of jejunum,organ,name,79,152,internal_meshes/organ/FJ2625_BP23892_FMA16981_Proximal part of jejunum.obj,4.3
FMA16981,FJ2626,BP23892,Proximal part of jejunum,organ,name,188,330,internal_meshes/organ/FJ2626_BP23892_FMA16981_Proximal part of jejunum.obj,4.3
FMA16981,FJ2627,BP23892,Proximal part of jejunum,organ,name,99,190,internal_meshes/organ/FJ2627_BP23892_FMA16981_Proximal part of jejunum.obj,4.3
FMA16982,FJ2628,BP23049,Middle part of jejunum,organ,name,128,236,internal_meshes/organ/FJ2628_BP23049_FMA16982_Middle part of jejunum.obj,4.3
FMA63120,FJ2629,BP22966,Parenchyma of pancreas,organ,manual,2153,4272,internal_meshes/organ/FJ2629_BP22966_FMA63120_Parenchyma of pancreas.obj,4.3
FMA74912,FJ2631,BP24013,Trunk of anterior interventricular branch of left coronary artery,blood_vessel,name,1549,3032,internal_meshes/blood_vessel/FJ2631_BP24013_FMA74912_Trunk of anterior interventricular branch of left coronary artery.obj,4.3
FMA3872,FJ2632,BP22543,First right anterior branch of anterior interventricular branch of left coronary artery,blood_vessel,name,91,108,internal_meshes/blood_vessel/FJ2632_BP22543_FMA3872_First right anterior branch of anterior interventricular branch of left coronary artery.obj,4.3
FMA3860,FJ2633,BP22495,Diagonal branch of anterior descending branch of left coronary artery,blood_vessel,name,318,492,internal_meshes/blood_vessel/FJ2633_BP22495_FMA3860_Diagonal branch of anterior descending branch of left coronary artery.obj,4.3
FMA3860,FJ2634,BP22495,Diagonal branch of anterior descending branch of left coronary artery,blood_vessel,name,158,196,internal_meshes/blood_vessel/FJ2634_BP22495_FMA3860_Diagonal branch of anterior descending branch of left coronary artery.obj,4.3
FMA3860,FJ2635,BP22495,Diagonal branch of anterior descending branch of left coronary artery,blood_vessel,name,495,766,internal_meshes/blood_vessel/FJ2635_BP22495_FMA3860_Diagonal branch of anterior descending branch of left coronary artery.obj,4.3
FMA3860,FJ2636,BP22495,Diagonal branch of anterior descending branch of left coronary artery,blood_vessel,name,282,420,internal_meshes/blood_vessel/FJ2636_BP22495_FMA3860_Diagonal branch of anterior descending branch of left coronary artery.obj,4.3
FMA3860,FJ2637,BP22495,Diagonal branch of anterior descending branch of left coronary artery,blood_vessel,name,144,160,internal_meshes/blood_vessel/FJ2637_BP22495_FMA3860_Diagonal branch of anterior descending branch of left coronary artery.obj,4.3
FMA3860,FJ2638,BP22495,Diagonal branch of anterior descending branch of left coronary artery,blood_vessel,name,246,290,internal_meshes/blood_vessel/FJ2638_BP22495_FMA3860_Diagonal branch of anterior descending branch of left coronary artery.obj,4.3
FMA3860,FJ2639,BP22495,Diagonal branch of anterior descending branch of left coronary artery,blood_vessel,name,122,150,internal_meshes/blood_vessel/FJ2639_BP22495_FMA3860_Diagonal branch of anterior descending branch of left coronary artery.obj,4.3
FMA3860,FJ2640,BP22495,Diagonal branch of anterior descending branch of left coronary artery,blood_vessel,name,218,260,internal_meshes/blood_vessel/FJ2640_BP22495_FMA3860_Diagonal branch of anterior descending branch of left coronary artery.obj,4.3
FMA3876,FJ2641,BP22502,Third right anterior branch of anterior interventricular branch of left coronary artery,blood_vessel,name,322,442,internal_meshes/blood_vessel/FJ2641_BP22502_FMA3876_Third right anterior branch of anterior interventricular branch of left coronary artery.obj,4.3
FMA3860,FJ2642,BP22495,Diagonal branch of anterior descending branch of left coronary artery,blood_vessel,name,525,964,internal_meshes/blood_vessel/FJ2642_BP22495_FMA3860_Diagonal branch of anterior descending branch of left coronary artery.obj,4.3
FMA3868,FJ2643,BP22544,Conus branch of anterior interventricular branch of left coronary artery,blood_vessel,name,269,478,internal_meshes/blood_vessel/FJ2643_BP22544_FMA3868_Conus branch of anterior interventricular branch of left coronary artery.obj,4.3
FMA3868,FJ2644,BP22544,Conus branch of anterior interventricular branch of left coronary artery,blood_vessel,name,193,306,internal_meshes/blood_vessel/FJ2644_BP22544_FMA3868_Conus branch of anterior interventricular branch of left coronary artery.obj,4.3
FMA3872,FJ2645,BP22543,First right anterior branch of anterior interventricular branch of left coronary artery,blood_vessel,name,224,318,internal_meshes/blood_vessel/FJ2645_BP22543_FMA3872_First right anterior branch of anterior interventricular branch of left coronary artery.obj,4.3
FMA3874,FJ2646,BP22542,Second right anterior branch of anterior interventricular branch of left coronary artery,blood_vessel,name,287,470,internal_meshes/blood_vessel/FJ2646_BP22542_FMA3874_Second right anterior branch of anterior interventricular branch of left coronary artery.obj,4.3
FMA3876,FJ2647,BP22502,Third right anterior branch of anterior interventricular branch of left coronary artery,blood_vessel,name,216,306,internal_meshes/blood_vessel/FJ2647_BP22502_FMA3876_Third right anterior branch of anterior interventricular branch of left coronary artery.obj,4.3
FMA3860,FJ2648,BP22495,Diagonal branch of anterior descending branch of left coronary artery,blood_vessel,name,203,286,internal_meshes/blood_vessel/FJ2648_BP22495_FMA3860_Diagonal branch of anterior descending branch of left coronary artery.obj,4.3
FMA3895,FJ2649,BP19556,Circumflex branch of left coronary artery,blood_vessel,name,692,1380,internal_meshes/blood_vessel/FJ2649_BP19556_FMA3895_Circumflex branch of left coronary artery.obj,4.3
FMA3895,FJ2650,BP19556,Circumflex branch of left coronary artery,blood_vessel,name,316,396,internal_meshes/blood_vessel/FJ2650_BP19556_FMA3895_Circumflex branch of left coronary artery.obj,4.3
FMA3895,FJ2651,BP19556,Circumflex branch of left coronary artery,blood_vessel,name,395,510,internal_meshes/blood_vessel/FJ2651_BP19556_FMA3895_Circumflex branch of left coronary artery.obj,4.3
FMA3895,FJ2653,BP19556,Circumflex branch of left coronary artery,blood_vessel,name,232,252,internal_meshes/blood_vessel/FJ2653_BP19556_FMA3895_Circumflex branch of left coronary artery.obj,4.3
FMA3895,FJ2654,BP19556,Circumflex branch of left coronary artery,blood_vessel,name,150,172,internal_meshes/blood_vessel/FJ2654_BP19556_FMA3895_Circumflex branch of left coronary artery.obj,4.3
FMA4706,FJ2655,BP23480,Coronary sinus,organ,name,331,624,internal_meshes/organ/FJ2655_BP23480_FMA4706_Coronary sinus.obj,4.3
FMA4707,FJ2656,BP22476,Great cardiac vein,blood_vessel,name,434,826,internal_meshes/blood_vessel/FJ2656_BP22476_FMA4707_Great cardiac vein.obj,4.3
FMA66403,FJ2657,BP23846,Anterior interventricular vein,blood_vessel,name,237,336,internal_meshes/blood_vessel/FJ2657_BP23846_FMA66403_Anterior interventricular vein.obj,4.3
FMA66403,FJ2658,BP23846,Anterior interventricular vein,blood_vessel,name,268,416,internal_meshes/blood_vessel/FJ2658_BP23846_FMA66403_Anterior interventricular vein.obj,4.3
FMA66403,FJ2659,BP23846,Anterior interventricular vein,blood_vessel,name,399,556,internal_meshes/blood_vessel/FJ2659_BP23846_FMA66403_Anterior interventricular vein.obj,4.3
FMA66403,FJ2660,BP23846,Anterior interventricular vein,blood_vessel,name,182,232,internal_meshes/blood_vessel/FJ2660_BP23846_FMA66403_Anterior interventricular vein.obj,4.3
FMA66403,FJ2661,BP23846,Anterior interventricular vein,blood_vessel,name,266,430,internal_meshes/blood_vessel/FJ2661_BP23846_FMA66403_Anterior interventricular vein.obj,4.3
FMA66403,FJ2662,BP23846,Anterior interventricular vein,blood_vessel,name,126,238,internal_meshes/blood_vessel/FJ2662_BP23846_FMA66403_Anterior interventricular vein.obj,4.3
FMA66403,FJ2663,BP23846,Anterior interventricular vein,blood_vessel,name,183,266,internal_meshes/blood_vessel/FJ2663_BP23846_FMA66403_Anterior interventricular vein.obj,4.3
FMA66403,FJ2664,BP23846,Anterior interventricular vein,blood_vessel,name,137,210,internal_meshes/blood_vessel/FJ2664_BP23846_FMA66403_Anterior interventricular vein.obj,4.3
FMA66403,FJ2665,BP23846,Anterior interventricular vein,blood_vessel,name,426,624,internal_meshes/blood_vessel/FJ2665_BP23846_FMA66403_Anterior interventricular vein.obj,4.3
FMA3818,FJ2667,BP22716,Marginal branch of right coronary artery,blood_vessel,name,267,360,internal_meshes/blood_vessel/FJ2667_BP22716_FMA3818_Marginal branch of right coronary artery.obj,4.3
FMA3818,FJ2668,BP22716,Marginal branch of right coronary artery,blood_vessel,name,176,216,internal_meshes/blood_vessel/FJ2668_BP22716_FMA3818_Marginal branch of right coronary artery.obj,4.3
FMA3807,FJ2670,BP24006,Conus branch of right coronary artery,blood_vessel,name,280,442,internal_meshes/blood_vessel/FJ2670_BP24006_FMA3807_Conus branch of right coronary artery.obj,4.3
FMA3815,FJ2671,BP24086,First anterior ventricular branch of right coronary artery,blood_vessel,name,313,478,internal_meshes/blood_vessel/FJ2671_BP24086_FMA3815_First anterior ventricular branch of right coronary artery.obj,4.3
FMA3818,FJ2672,BP22716,Marginal branch of right coronary artery,blood_vessel,name,447,742,internal_meshes/blood_vessel/FJ2672_BP22716_FMA3818_Marginal branch of right coronary artery.obj,4.3
FMA3815,FJ2673,BP24086,First anterior ventricular branch of right coronary artery,blood_vessel,name,243,338,internal_meshes/blood_vessel/FJ2673_BP24086_FMA3815_First anterior ventricular branch of right coronary artery.obj,4.3
FMA3818,FJ2674,BP22716,Marginal branch of right coronary artery,blood_vessel,name,186,284,internal_meshes/blood_vessel/FJ2674_BP22716_FMA3818_Marginal branch of right coronary artery.obj,4.3
FMA3818,FJ2675,BP22716,Marginal branch of right coronary artery,blood_vessel,name,148,200,internal_meshes/blood_vessel/FJ2675_BP22716_FMA3818_Marginal branch of right coronary artery.obj,4.3
FMA3807,FJ2676,BP24006,Conus branch of right coronary artery,blood_vessel,name,233,304,internal_meshes/blood_vessel/FJ2676_BP24006_FMA3807_Conus branch of right coronary artery.obj,4.3
FMA3815,FJ2677,BP24086,First anterior ventricular branch of right coronary artery,blood_vessel,name,198,252,internal_meshes/blood_vessel/FJ2677_BP24086_FMA3815_First anterior ventricular branch of right coronary artery.obj,4.3
FMA4713,FJ2678,BP23817,Middle cardiac vein,blood_vessel,name,450,770,internal_meshes/blood_vessel/FJ2678_BP23817_FMA4713_Middle cardiac vein.obj,4.3
FMA4713,FJ2679,BP23817,Middle cardiac vein,blood_vessel,name,184,252,internal_meshes/blood_vessel/FJ2679_BP23817_FMA4713_Middle cardiac vein.obj,4.3
FMA4713,FJ2680,BP23817,Middle cardiac vein,blood_vessel,name,331,376,internal_meshes/blood_vessel/FJ2680_BP23817_FMA4713_Middle cardiac vein.obj,4.3
FMA4713,FJ2681,BP23817,Middle cardiac vein,blood_vessel,name,210,204,internal_meshes/blood_vessel/FJ2681_BP23817_FMA4713_Middle cardiac vein.obj,4.3
FMA4713,FJ2682,BP23817,Middle cardiac vein,blood_vessel,name,365,360,internal_meshes/blood_vessel/FJ2682_BP23817_FMA4713_Middle cardiac vein.obj,4.3
FMA4713,FJ2683,BP23817,Middle cardiac vein,blood_vessel,name,178,168,internal_meshes/blood_vessel/FJ2683_BP23817_FMA4713_Middle cardiac vein.obj,4.3
FMA4713,FJ2684,BP23817,Middle cardiac vein,blood_vessel,name,192,264,internal_meshes/blood_vessel/FJ2684_BP23817_FMA4713_Middle cardiac vein.obj,4.3
FMA4713,FJ2685,BP23817,Middle cardiac vein,blood_vessel,name,171,236,internal_meshes/blood_vessel/FJ2685_BP23817_FMA4713_Middle cardiac vein.obj,4.3
FMA4713,FJ2686,BP23817,Middle cardiac vein,blood_vessel,name,220,280,internal_meshes/blood_vessel/FJ2686_BP23817_FMA4713_Middle cardiac vein.obj,4.3
FMA4713,FJ2687,BP23817,Middle cardiac vein,blood_vessel,name,493,618,internal_meshes/blood_vessel/FJ2687_BP23817_FMA4713_Middle cardiac vein.obj,4.3
FMA4713,FJ2688,BP23817,Middle cardiac vein,blood_vessel,name,313,306,internal_meshes/blood_vessel/FJ2688_BP23817_FMA4713_Middle cardiac vein.obj,4.3
FMA4713,FJ2689,BP23817,Middle cardiac vein,blood_vessel,name,172,274,internal_meshes/blood_vessel/FJ2689_BP23817_FMA4713_Middle cardiac vein.obj,4.3
FMA4713,FJ2690,BP23817,Middle cardiac vein,blood_vessel,name,232,364,internal_meshes/blood_vessel/FJ2690_BP23817_FMA4713_Middle cardiac vein.obj,4.3
FMA4713,FJ2691,BP23817,Middle cardiac vein,blood_vessel,name,125,156,internal_meshes/blood_vessel/FJ2691_BP23817_FMA4713_Middle cardiac vein.obj,4.3
FMA3840,FJ2692,BP21601,Posterior interventricular branch of right coronary artery,blood_vessel,name,608,930,internal_meshes/blood_vessel/FJ2692_BP21601_FMA3840_Posterior interventricular branch of right coronary artery.obj,4.3
FMA3840,FJ2695,BP21601,Posterior interventricular branch of right coronary artery,blood_vessel,name,163,236,internal_meshes/blood_vessel/FJ2695_BP21601_FMA3840_Posterior interventricular branch of right coronary artery.obj,4.3
FMA3840,FJ2696,BP21601,Posterior interventricular branch of right coronary artery,blood_vessel,name,286,336,internal_meshes/blood_vessel/FJ2696_BP21601_FMA3840_Posterior interventricular branch of right coronary artery.obj,4.3
FMA3840,FJ2697,BP21601,Posterior interventricular branch of right coronary artery,blood_vessel,name,188,220,internal_meshes/blood_vessel/FJ2697_BP21601_FMA3840_Posterior interventricular branch of right coronary artery.obj,4.3
FMA3840,FJ2698,BP21601,Posterior interventricular branch of right coronary artery,blood_vessel,name,195,200,internal_meshes/blood_vessel/FJ2698_BP21601_FMA3840_Posterior interventricular branch of right coronary artery.obj,4.3
FMA3840,FJ2699,BP21601,Posterior interventricular branch of right coronary artery,blood_vessel,name,126,126,internal_meshes/blood_vessel/FJ2699_BP21601_FMA3840_Posterior interventricular branch of right coronary artery.obj,4.3
FMA3840,FJ2700,BP21601,Posterior interventricular branch of right coronary artery,blood_vessel,name,197,280,internal_meshes/blood_vessel/FJ2700_BP21601_FMA3840_Posterior interventricular branch of right coronary artery.obj,4.3
FMA4712,FJ2701,BP23816,Posterior vein of left ventricle,blood_vessel,name,497,834,internal_meshes/blood_vessel/FJ2701_BP23816_FMA4712_Posterior vein of left ventricle.obj,4.3
FMA4712,FJ2702,BP23816,Posterior vein of left ventricle,blood_vessel,name,229,254,internal_meshes/blood_vessel/FJ2702_BP23816_FMA4712_Posterior vein of left ventricle.obj,4.3
FMA4708,FJ2703,BP19845,Left marginal vein,blood_vessel,name,547,960,internal_meshes/blood_vessel/FJ2703_BP19845_FMA4708_Left marginal vein.obj,4.3
FMA4708,FJ2704,BP19845,Left marginal vein,blood_vessel,name,195,280,internal_meshes/blood_vessel/FJ2704_BP19845_FMA4708_Left marginal vein.obj,4.3
FMA4708,FJ2705,BP19845,Left marginal vein,blood_vessel,name,185,238,internal_meshes/blood_vessel/FJ2705_BP19845_FMA4708_Left marginal vein.obj,4.3
FMA4712,FJ2706,BP23816,Posterior vein of left ventricle,blood_vessel,name,340,356,internal_meshes/blood_vessel/FJ2706_BP23816_FMA4712_Posterior vein of left ventricle.obj,4.3
FMA4712,FJ2707,BP23816,Posterior vein of left ventricle,blood_vessel,name,377,508,internal_meshes/blood_vessel/FJ2707_BP23816_FMA4712_Posterior vein of left ventricle.obj,4.3
FMA4712,FJ2708,BP23816,Posterior vein of left ventricle,blood_vessel,name,387,446,internal_meshes/blood_vessel/FJ2708_BP23816_FMA4712_Posterior vein of left ventricle.obj,4.3
FMA4712,FJ2709,BP23816,Posterior vein of left ventricle,blood_vessel,name,352,468,internal_meshes/blood_vessel/FJ2709_BP23816_FMA4712_Posterior vein of left ventricle.obj,4.3
FMA4712,FJ2710,BP23816,Posterior vein of left ventricle,blood_vessel,name,175,224,internal_meshes/blood_vessel/FJ2710_BP23816_FMA4712_Posterior vein of left ventricle.obj,4.3
FMA4712,FJ2711,BP23816,Posterior vein of left ventricle,blood_vessel,name,172,184,internal_meshes/blood_vessel/FJ2711_BP23816_FMA4712_Posterior vein of left ventricle.obj,4.3
FMA4712,FJ2712,BP23816,Posterior vein of left ventricle,blood_vessel,name,119,126,internal_meshes/blood_vessel/FJ2712_BP23816_FMA4712_Posterior vein of left ventricle.obj,4.3
FMA4712,FJ2713,BP23816,Posterior vein of left ventricle,blood_vessel,name,310,310,internal_meshes/blood_vessel/FJ2713_BP23816_FMA4712_Posterior vein of left ventricle.obj,4.3
FMA3837,FJ2714,BP21137,First posterior ventricular branch of right coronary artery,blood_vessel,name,482,794,internal_meshes/blood_vessel/FJ2714_BP21137_FMA3837_First posterior ventricular branch of right coronary artery.obj,4.3
FMA3837,FJ2715,BP21137,First posterior ventricular branch of right coronary artery,blood_vessel,name,185,218,internal_meshes/blood_vessel/FJ2715_BP21137_FMA3837_First posterior ventricular branch of right coronary artery.obj,4.3
FMA3837,FJ2716,BP21137,First posterior ventricular branch of right coronary artery,blood_vessel,name,188,232,internal_meshes/blood_vessel/FJ2716_BP21137_FMA3837_First posterior ventricular branch of right coronary artery.obj,4.3
FMA3837,FJ2717,BP21137,First posterior ventricular branch of right coronary artery,blood_vessel,name,259,340,internal_meshes/blood_vessel/FJ2717_BP21137_FMA3837_First posterior ventricular branch of right coronary artery.obj,4.3
FMA3837,FJ2718,BP21137,First posterior ventricular branch of right coronary artery,blood_vessel,name,139,186,internal_meshes/blood_vessel/FJ2718_BP21137_FMA3837_First posterior ventricular branch of right coronary artery.obj,4.3
FMA3837,FJ2719,BP21137,First posterior ventricular branch of right coronary artery,blood_vessel,name,299,380,internal_meshes/blood_vessel/FJ2719_BP21137_FMA3837_First posterior ventricular branch of right coronary artery.obj,4.3
FMA3837,FJ2720,BP21137,First posterior ventricular branch of right coronary artery,blood_vessel,name,233,320,internal_meshes/blood_vessel/FJ2720_BP21137_FMA3837_First posterior ventricular branch of right coronary artery.obj,4.3
FMA3837,FJ2721,BP21137,First posterior ventricular branch of right coronary artery,blood_vessel,name,198,256,internal_meshes/blood_vessel/FJ2721_BP21137_FMA3837_First posterior ventricular branch of right coronary artery.obj,4.3
FMA3837,FJ2722,BP21137,First posterior ventricular branch of right coronary artery,blood_vessel,name,244,320,internal_meshes/blood_vessel/FJ2722_BP21137_FMA3837_First posterior ventricular branch of right coronary artery.obj,4.3
FMA3802,FJ2723,BP20573,Trunk of right coronary artery,blood_vessel,name,2255,4502,internal_meshes/blood_vessel/FJ2723_BP20573_FMA3802_Trunk of right coronary artery.obj,4.3
FMA4714,FJ2724,BP21382,Small cardiac vein,blood_vessel,name,294,570,internal_meshes/blood_vessel/FJ2724_BP21382_FMA4714_Small cardiac vein.obj,4.3
FMA76767,FJ2725,BP20698,Anterior cardiac vein,blood_vessel,name,288,452,internal_meshes/blood_vessel/FJ2725_BP20698_FMA76767_Anterior cardiac vein.obj,4.3
FMA4716,FJ2727,BP21314,Right marginal vein,blood_vessel,name,627,970,internal_meshes/blood_vessel/FJ2727_BP21314_FMA4716_Right marginal vein.obj,4.3
FMA4716,FJ2728,BP21314,Right marginal vein,blood_vessel,name,190,282,internal_meshes/blood_vessel/FJ2728_BP21314_FMA4716_Right marginal vein.obj,4.3
FMA4716,FJ2729,BP21314,Right marginal vein,blood_vessel,name,156,222,internal_meshes/blood_vessel/FJ2729_BP21314_FMA4716_Right marginal vein.obj,4.3
FMA76767,FJ2730,BP20698,Anterior cardiac vein,blood_vessel,name,192,278,internal_meshes/blood_vessel/FJ2730_BP20698_FMA76767_Anterior cardiac vein.obj,4.3
FMA4714,FJ2731,BP21382,Small cardiac vein,blood_vessel,name,454,892,internal_meshes/blood_vessel/FJ2731_BP21382_FMA4714_Small cardiac vein.obj,4.3
FMA3892,FJ2732,BP20760,Septal branch of anterior interventricular artery,blood_vessel,name,425,478,internal_meshes/blood_vessel/FJ2732_BP20760_FMA3892_Septal branch of anterior interventricular artery.obj,4.3
FMA3892,FJ2733,BP20760,Septal branch of anterior interventricular artery,blood_vessel,name,286,332,internal_meshes/blood_vessel/FJ2733_BP20760_FMA3892_Septal branch of anterior interventricular artery.obj,4.3
FMA3892,FJ2734,BP20760,Septal branch of anterior interventricular artery,blood_vessel,name,254,334,internal_meshes/blood_vessel/FJ2734_BP20760_FMA3892_Septal branch of anterior interventricular artery.obj,4.3
FMA3847,FJ2735,BP20835,First septal branch of right posterior interventricular artery,blood_vessel,name,285,328,internal_meshes/blood_vessel/FJ2735_BP20835_FMA3847_First septal branch of right posterior interventricular artery.obj,4.3
FMA3848,FJ2736,BP21004,Second septal branch of right posterior interventricular artery,blood_vessel,name,286,324,internal_meshes/blood_vessel/FJ2736_BP21004_FMA3848_Second septal branch of right posterior interventricular artery.obj,4.3
FMA3855,FJ2737,BP24008,Trunk of left coronary artery,blood_vessel,name,121,204,internal_meshes/blood_vessel/FJ2737_BP24008_FMA3855_Trunk of left coronary artery.obj,4.3
FMA46702,FJ2738,BP20227,Left genioglossus,muscle,name,4685,8214,internal_meshes/muscle/FJ2738_BP20227_FMA46702_Left genioglossus.obj,4.3
FMA46704,FJ2739,BP20255,Left hyoglossus,muscle,name,1709,2888,internal_meshes/muscle/FJ2739_BP20255_FMA46704_Left hyoglossus.obj,4.3
FMA46636,FJ2740,BP20100,Left inferior pharyngeal constrictor,muscle,name,4424,7422,internal_meshes/muscle/FJ2740_BP20100_FMA46636_Left inferior pharyngeal constrictor.obj,4.3
FMA46729,FJ2741,BP23383,Left levator veli palatini,muscle,name,6821,12318,internal_meshes/muscle/FJ2741_BP23383_FMA46729_Left levator veli palatini.obj,4.3
FMA46633,FJ2742,BP23923,Right middle pharyngeal constrictor,muscle,name,3497,5904,internal_meshes/muscle/FJ2742_BP23923_FMA46633_Right middle pharyngeal constrictor.obj,4.3
FMA46672,FJ2743,BP23494,Left palatopharyngeus,muscle,name,20760,41400,internal_meshes/muscle/FJ2743_BP23494_FMA46672_Left palatopharyngeus.obj,4.3
FMA55620,FJ2744,BP22596,Left pterygomandibular raphe,ligament_tendon,manual,1214,1982,internal_meshes/ligament_tendon/FJ2744_BP22596_FMA55620_Left pterygomandibular raphe.obj,4.3
FMA46670,FJ2745,BP23749,Left salpingopharyngeus,muscle,name,4846,9152,internal_meshes/muscle/FJ2745_BP23749_FMA46670_Left salpingopharyngeus.obj,4.3
FMA46668,FJ2746,BP23374,Left stylopharyngeus,muscle,name,1985,3268,internal_meshes/muscle/FJ2746_BP23374_FMA46668_Left stylopharyngeus.obj,4.3
FMA46632,FJ2747,BP20320,Left superior pharyngeal constrictor,muscle,name,6380,10702,internal_meshes/muscle/FJ2747_BP20320_FMA46632_Left superior pharyngeal constrictor.obj,4.3
FMA46732,FJ2748,BP23471,Left tensor veli palatini,muscle,name,7523,13872,internal_meshes/muscle/FJ2748_BP23471_FMA46732_Left tensor veli palatini.obj,4.3
FMA55077,FJ2749,BP21665,Pharyngeal raphe,ligament_tendon,manual,12514,12968,internal_meshes/ligament_tendon/FJ2749_BP21665_FMA55077_Pharyngeal raphe.obj,4.3
FMA46698,FJ2750,BP23936,Right genioglossus,muscle,name,4261,7594,internal_meshes/muscle/FJ2750_BP23936_FMA46698_Right genioglossus.obj,4.3
FMA46703,FJ2751,BP20180,Right hyoglossus,muscle,name,1653,2874,internal_meshes/muscle/FJ2751_BP20180_FMA46703_Right hyoglossus.obj,4.3
FMA46635,FJ2752,BP23848,Right inferior pharyngeal constrictor,muscle,name,4406,7448,internal_meshes/muscle/FJ2752_BP23848_FMA46635_Right inferior pharyngeal constrictor.obj,4.3
FMA46728,FJ2753,BP23525,Right levator veli palatini,muscle,name,6835,12312,internal_meshes/muscle/FJ2753_BP23525_FMA46728_Right levator veli palatini.obj,4.3
FMA46634,FJ2754,BP23937,Left middle pharyngeal constrictor,muscle,name,3454,5912,internal_meshes/muscle/FJ2754_BP23937_FMA46634_Left middle pharyngeal constrictor.obj,4.3
FMA46671,FJ2755,BP23433,Right palatopharyngeus,muscle,name,20746,41400,internal_meshes/muscle/FJ2755_BP23433_FMA46671_Right palatopharyngeus.obj,4.3
FMA55619,FJ2756,BP24016,Right pterygomandibular raphe,ligament_tendon,manual,1186,1982,internal_meshes/ligament_tendon/FJ2756_BP24016_FMA55619_Right pterygomandibular raphe.obj,4.3
FMA46669,FJ2757,BP23377,Right salpingopharyngeus,muscle,name,4853,9152,internal_meshes/muscle/FJ2757_BP23377_FMA46669_Right salpingopharyngeus.obj,4.3
FMA46667,FJ2758,BP23405,Right stylopharyngeus,muscle,name,13352,25752,internal_meshes/muscle/FJ2758_BP23405_FMA46667_Right stylopharyngeus.obj,4.3
FMA46631,FJ2759,BP20310,Right superior pharyngeal constrictor,muscle,name,6403,10702,internal_meshes/muscle/FJ2759_BP20310_FMA46631_Right superior pharyngeal constrictor.obj,4.3
FMA46731,FJ2760,BP23734,Right tensor veli palatini,muscle,name,7464,13872,internal_meshes/muscle/FJ2760_BP23734_FMA46731_Right tensor veli palatini.obj,4.3
FMA54640,FJ2761,BP23790,Tongue,organ,name,276,524,internal_meshes/organ/FJ2761_BP23790_FMA54640_Tongue.obj,4.3
FMA46733,FJ2762,BP23328,Uvular muscle,muscle,name,894,1632,internal_meshes/muscle/FJ2762_BP23328_FMA46733_Uvular muscle.obj,4.3
FMA72311,FJ2763,BP23229,Left stylohyoid ligament,ligament_tendon,name,3528,5758,internal_meshes/ligament_tendon/FJ2763_BP23229_FMA72311_Left stylohyoid ligament.obj,4.3
FMA72309,FJ2764,BP23302,Right stylohyoid ligament,ligament_tendon,name,3514,5758,internal_meshes/ligament_tendon/FJ2764_BP23302_FMA72309_Right stylohyoid ligament.obj,4.3
FMA59805,FJ2765,BP23722,Left sublingual gland,gland,name,143,230,internal_meshes/gland/FJ2765_BP23722_FMA59805_Left sublingual gland.obj,4.3
FMA59803,FJ2766,BP23762,Left submandibular gland,gland,name,123,228,internal_meshes/gland/FJ2766_BP23762_FMA59803_Left submandibular gland.obj,4.3
FMA59804,FJ2767,BP23401,Right sublingual gland,gland,name,143,244,internal_meshes/gland/FJ2767_BP23401_FMA59804_Right sublingual gland.obj,4.3
FMA59802,FJ2768,BP23704,Right submandibular gland,gland,name,122,228,internal_meshes/gland/FJ2768_BP23704_FMA59802_Right submandibular gland.obj,4.3
FMA9615,FJ2769,BP22903,Cricoid cartilage,cartilage,name,937,1702,internal_meshes/cartilage/FJ2769_BP22903_FMA9615_Cricoid cartilage.obj,4.3
FMA55130,FJ2770,BP21503,Epiglottis,cartilage,manual,2992,3602,internal_meshes/cartilage/FJ2770_BP21503_FMA55130_Epiglottis.obj,4.3
FMA55227,FJ2771,BP23637,Hyo-epiglottic ligament,ligament_tendon,name,1686,2112,internal_meshes/ligament_tendon/FJ2771_BP23637_FMA55227_Hyo-epiglottic ligament.obj,4.3
FMA52749,FJ2772,BP22977,Hyoid bone,bone,name,687,1196,internal_meshes/bone/FJ2772_BP22977_FMA52749_Hyoid bone.obj,4.3
FMA55118,FJ2773,BP23027,Left cuneiform cartilage,cartilage,name,91,174,internal_meshes/cartilage/FJ2773_BP23027_FMA55118_Left cuneiform cartilage.obj,4.3
FMA46605,FJ2774,BP23321,Left aryepiglotticus,muscle,manual,5804,4510,internal_meshes/muscle/FJ2774_BP23321_FMA46605_Left aryepiglotticus.obj,4.3
FMA55114,FJ2775,BP23122,Left arytenoid cartilage,cartilage,name,284,536,internal_meshes/cartilage/FJ2775_BP23122_FMA55114_Left arytenoid cartilage.obj,4.3
FMA55116,FJ2776,BP23329,Left corniculate cartilage,cartilage,name,110,136,internal_meshes/cartilage/FJ2776_BP23329_FMA55116_Left corniculate cartilage.obj,4.3
FMA55252,FJ2777,BP21521,Left conus elasticus,ligament_tendon,manual,2858,4306,internal_meshes/ligament_tendon/FJ2777_BP21521_FMA55252_Left conus elasticus.obj,4.3
FMA46581,FJ2778,BP20175,Left lateral crico-arytenoid,muscle,name,3559,6214,internal_meshes/muscle/FJ2778_BP20175_FMA46581_Left lateral crico-arytenoid.obj,4.3
FMA55141,FJ2779,BP23675,Left lateral thyrohyoid ligament,ligament_tendon,name,561,964,internal_meshes/ligament_tendon/FJ2779_BP23675_FMA55141_Left lateral thyrohyoid ligament.obj,4.3
FMA46585,FJ2780,BP19563,Left oblique arytenoid,muscle,name,4267,6304,internal_meshes/muscle/FJ2780_BP19563_FMA46585_Left oblique arytenoid.obj,4.3
FMA46614,FJ2781,BP23340,Oblique part of left cricothyroid,muscle,name,3572,5580,internal_meshes/muscle/FJ2781_BP23340_FMA46614_Oblique part of left cricothyroid.obj,4.3
FMA46578,FJ2782,BP19585,Left posterior crico-arytenoid,muscle,name,2611,4842,internal_meshes/muscle/FJ2782_BP19585_FMA46578_Left posterior crico-arytenoid.obj,4.3
FMA46612,FJ2783,BP23159,Straight part of left cricothyroid,muscle,name,2393,3270,internal_meshes/muscle/FJ2783_BP23159_FMA46612_Straight part of left cricothyroid.obj,4.3
FMA46590,FJ2784,BP20249,Left thyro-arytenoid,muscle,name,3588,6092,internal_meshes/muscle/FJ2784_BP20249_FMA46590_Left thyro-arytenoid.obj,4.3
FMA46590,FJ2785,BP20249,Left thyro-arytenoid,muscle,name,5969,9290,internal_meshes/muscle/FJ2785_BP20249_FMA46590_Left thyro-arytenoid.obj,4.3
FMA55134,FJ2786,BP22886,Left thyrohyoid membrane,muscle,name,2853,4884,internal_meshes/muscle/FJ2786_BP22886_FMA55134_Left thyrohyoid membrane.obj,4.3
FMA55246,FJ2787,BP22944,Left vocal ligament,ligament_tendon,name,2492,1858,internal_meshes/ligament_tendon/FJ2787_BP22944_FMA55246_Left vocal ligament.obj,4.3
FMA46593,FJ2788,BP23926,Left vocalis,muscle,name,679,1152,internal_meshes/muscle/FJ2788_BP23926_FMA46593_Left vocalis.obj,4.3
FMA55237,FJ2789,BP22799,Median cricothyroid ligament,ligament_tendon,name,1779,2052,internal_meshes/ligament_tendon/FJ2789_BP22799_FMA55237_Median cricothyroid ligament.obj,4.3
FMA55138,FJ2790,BP23166,Median thyrohyoid ligament,ligament_tendon,name,1842,2856,internal_meshes/ligament_tendon/FJ2790_BP23166_FMA55138_Median thyrohyoid ligament.obj,4.3
FMA46604,FJ2791,BP23240,Right aryepiglotticus,muscle,manual,4947,4366,internal_meshes/muscle/FJ2791_BP23240_FMA46604_Right aryepiglotticus.obj,4.3
FMA55113,FJ2792,BP22608,Right arytenoid cartilage,cartilage,name,282,540,internal_meshes/cartilage/FJ2792_BP22608_FMA55113_Right arytenoid cartilage.obj,4.3
FMA55115,FJ2793,BP23108,Right corniculate cartilage,cartilage,name,108,172,internal_meshes/cartilage/FJ2793_BP23108_FMA55115_Right corniculate cartilage.obj,4.3
FMA55251,FJ2794,BP21453,Right conus elasticus,ligament_tendon,manual,4274,4366,internal_meshes/ligament_tendon/FJ2794_BP21453_FMA55251_Right conus elasticus.obj,4.3
FMA55117,FJ2795,BP23768,Right cuneiform cartilage,cartilage,name,88,170,internal_meshes/cartilage/FJ2795_BP23768_FMA55117_Right cuneiform cartilage.obj,4.3
FMA46580,FJ2796,BP19550,Right lateral crico-arytenoid,muscle,name,3501,6198,internal_meshes/muscle/FJ2796_BP19550_FMA46580_Right lateral crico-arytenoid.obj,4.3
FMA55140,FJ2797,BP24107,Right lateral thyrohyoid ligament,ligament_tendon,name,554,974,internal_meshes/ligament_tendon/FJ2797_BP24107_FMA55140_Right lateral thyrohyoid ligament.obj,4.3
FMA46584,FJ2798,BP20083,Right oblique arytenoid,muscle,name,4117,6084,internal_meshes/muscle/FJ2798_BP20083_FMA46584_Right oblique arytenoid.obj,4.3
FMA46613,FJ2799,BP23769,Oblique part of right cricothyroid,muscle,name,3434,5566,internal_meshes/muscle/FJ2799_BP23769_FMA46613_Oblique part of right cricothyroid.obj,4.3
FMA46577,FJ2800,BP20041,Right posterior crico-arytenoid,muscle,name,2567,4812,internal_meshes/muscle/FJ2800_BP20041_FMA46577_Right posterior crico-arytenoid.obj,4.3
FMA46611,FJ2801,BP23271,Straight part of right cricothyroid,muscle,name,2255,3232,internal_meshes/muscle/FJ2801_BP23271_FMA46611_Straight part of right cricothyroid.obj,4.3
FMA46589,FJ2802,BP20296,Right thyro-arytenoid,muscle,name,3594,6092,internal_meshes/muscle/FJ2802_BP20296_FMA46589_Right thyro-arytenoid.obj,4.3
FMA46589,FJ2803,BP20296,Right thyro-arytenoid,muscle,name,6818,10650,internal_meshes/muscle/FJ2803_BP20296_FMA46589_Right thyro-arytenoid.obj,4.3
FMA55133,FJ2804,BP22908,Right thyrohyoid membrane,muscle,name,2832,4884,internal_meshes/muscle/FJ2804_BP22908_FMA55133_Right thyrohyoid membrane.obj,4.3
FMA55245,FJ2805,BP22941,Right vocal ligament,ligament_tendon,name,1437,1644,internal_meshes/ligament_tendon/FJ2805_BP22941_FMA55245_Right vocal ligament.obj,4.3
FMA46592,FJ2806,BP20211,Right vocalis,muscle,name,656,1148,internal_meshes/muscle/FJ2806_BP20211_FMA46592_Right vocalis.obj,4.3
FMA55230,FJ2807,BP23708,Thyro-epiglottic ligament,ligament_tendon,name,1081,1042,internal_meshes/ligament_tendon/FJ2807_BP23708_FMA55230_Thyro-epiglottic ligament.obj,4.3
FMA55099,FJ2808,BP22917,Thyroid cartilage,cartilage,name,1360,2610,internal_meshes/cartilage/FJ2808_BP22917_FMA55099_Thyroid cartilage.obj,4.3
FMA46582,FJ2809,BP23716,Transverse arytenoid,muscle,name,4869,6580,internal_meshes/muscle/FJ2809_BP23716_FMA46582_Transverse arytenoid.obj,4.3
FMA7163,FJ2810,BP22617,Skin,skin,isa,102467,203382,internal_meshes/skin/FJ2810_BP22617_FMA7163_Skin.obj,4.3
FMA52781,FJ2811,BP21857,External ear,organ,manual,1774,2910,internal_meshes/organ/FJ2811_BP21857_FMA52781_External ear.obj,4.3
FMA54237,FJ2812,BP21523,Eyebrow,skin,manual,17143,7912,internal_meshes/skin/FJ2812_BP21523_FMA54237_Eyebrow.obj,4.3
FMA54241,FJ2813,BP22643,Hair of head,skin,manual,12464,18006,internal_meshes/skin/FJ2813_BP22643_FMA54241_Hair of head.obj,4.3
FMA59816,FJ2814,BP24030,Lip,organ,manual,2240,1340,internal_meshes/organ/FJ2814_BP24030_FMA59816_Lip.obj,4.3
FMA54319,FJ2815,BP23980,Pubic hair,skin,manual,5523,2960,internal_meshes/skin/FJ2815_BP23980_FMA54319_Pubic hair.obj,4.3
FMA13365,FJ2816,BP23891,Caudate lobe of liver,organ,name,2526,5020,internal_meshes/organ/FJ2816_BP23891_FMA13365_Caudate lobe of liver.obj,4.3
FMA7202,FJ2817,BP23957,Gallbladder,organ,name,1202,2396,internal_meshes/organ/FJ2817_BP23957_FMA7202_Gallbladder.obj,4.3
FMA15739,FJ2818,BP22945,Hepatovenous segment II,blood_vessel,name,7482,14326,internal_meshes/blood_vessel/FJ2818_BP22945_FMA15739_Hepatovenous segment II.obj,4.3
FMA15741,FJ2819,BP23896,Hepatovenous segment III,blood_vessel,name,5487,10326,internal_meshes/blood_vessel/FJ2819_BP23896_FMA15741_Hepatovenous segment III.obj,4.3
FMA15742,FJ2820,BP22976,Hepatovenous segment IV,blood_vessel,name,11418,17942,internal_meshes/blood_vessel/FJ2820_BP22976_FMA15742_Hepatovenous segment IV.obj,4.3
FMA15743,FJ2821,BP22003,Hepatovenous segment V,blood_vessel,name,6605,11442,internal_meshes/blood_vessel/FJ2821_BP22003_FMA15743_Hepatovenous segment V.obj,4.3
FMA15744,FJ2822,BP19699,Hepatovenous segment VI,blood_vessel,name,9988,19450,internal_meshes/blood_vessel/FJ2822_BP19699_FMA15744_Hepatovenous segment VI.obj,4.3
FMA15746,FJ2823,BP23025,Hepatovenous segment VIII,blood_vessel,name,10230,19156,internal_meshes/blood_vessel/FJ2823_BP23025_FMA15746_Hepatovenous segment VIII.obj,4.3
FMA15746,FJ2824,BP23025,Hepatovenous segment VIII,blood_vessel,name,11459,21592,internal_meshes/blood_vessel/FJ2824_BP23025_FMA15746_Hepatovenous segment VIII.obj,4.3
FMA8647,FJ2881,BP24000,Left posterior basal segmental artery,blood_vessel,name,878,1748,internal_meshes/blood_vessel/FJ2881_BP24000_FMA8647_Left posterior basal segmental artery.obj,4.3
FMA8646,FJ2882,BP22408,Left lateral basal segmental artery,blood_vessel,name,66,62,internal_meshes/blood_vessel/FJ2882_BP22408_FMA8646_Left lateral basal segmental artery.obj,4.3
FMA8645,FJ2883,BP22452,Left anterior basal segmental artery,blood_vessel,name,1292,2400,internal_meshes/blood_vessel/FJ2883_BP22452_FMA8645_Left anterior basal segmental artery.obj,4.3
FMA8644,FJ2884,BP22450,Left medial basal segmental artery,blood_vessel,name,698,1274,internal_meshes/blood_vessel/FJ2884_BP22450_FMA8644_Left medial basal segmental artery.obj,4.3
FMA8644,FJ2885,BP22450,Left medial basal segmental artery,blood_vessel,name,276,462,internal_meshes/blood_vessel/FJ2885_BP22450_FMA8644_Left medial basal segmental artery.obj,4.3
FMA8645,FJ2886,BP22452,Left anterior basal segmental artery,blood_vessel,name,102,138,internal_meshes/blood_vessel/FJ2886_BP22452_FMA8645_Left anterior basal segmental artery.obj,4.3
FMA8645,FJ2887,BP22452,Left anterior basal segmental artery,blood_vessel,name,88,104,internal_meshes/blood_vessel/FJ2887_BP22452_FMA8645_Left anterior basal segmental artery.obj,4.3
FMA8642,FJ2888,BP22379,Left superior segmental artery,blood_vessel,name,332,590,internal_meshes/blood_vessel/FJ2888_BP22379_FMA8642_Left superior segmental artery.obj,4.3
FMA8642,FJ2889,BP22379,Left superior segmental artery,blood_vessel,name,85,94,internal_meshes/blood_vessel/FJ2889_BP22379_FMA8642_Left superior segmental artery.obj,4.3
FMA8642,FJ2890,BP22379,Left superior segmental artery,blood_vessel,name,91,114,internal_meshes/blood_vessel/FJ2890_BP22379_FMA8642_Left superior segmental artery.obj,4.3
FMA8642,FJ2891,BP22379,Left superior segmental artery,blood_vessel,name,224,418,internal_meshes/blood_vessel/FJ2891_BP22379_FMA8642_Left superior segmental artery.obj,4.3
FMA8647,FJ2892,BP24000,Left posterior basal segmental artery,blood_vessel,name,115,150,internal_meshes/blood_vessel/FJ2892_BP24000_FMA8647_Left posterior basal segmental artery.obj,4.3
FMA8642,FJ2893,BP22379,Left superior segmental artery,blood_vessel,name,87,126,internal_meshes/blood_vessel/FJ2893_BP22379_FMA8642_Left superior segmental artery.obj,4.3
FMA8642,FJ2894,BP22379,Left superior segmental artery,blood_vessel,name,242,416,internal_meshes/blood_vessel/FJ2894_BP22379_FMA8642_Left superior segmental artery.obj,4.3
FMA8642,FJ2895,BP22379,Left superior segmental artery,blood_vessel,name,96,136,internal_meshes/blood_vessel/FJ2895_BP22379_FMA8642_Left superior segmental artery.obj,4.3
FMA8640,FJ2896,BP22377,Inferior lingular artery,blood_vessel,name,1111,2112,internal_meshes/blood_vessel/FJ2896_BP22377_FMA8640_Inferior lingular artery.obj,4.3
FMA8640,FJ2897,BP22377,Inferior lingular artery,blood_vessel,name,306,486,internal_meshes/blood_vessel/FJ2897_BP22377_FMA8640_Inferior lingular artery.obj,4.3
FMA8639,FJ2898,BP22362,Superior lingular artery,blood_vessel,name,609,1084,internal_meshes/blood_vessel/FJ2898_BP22362_FMA8639_Superior lingular artery.obj,4.3
FMA8639,FJ2899,BP22362,Superior lingular artery,blood_vessel,name,85,84,internal_meshes/blood_vessel/FJ2899_BP22362_FMA8639_Superior lingular artery.obj,4.3
FMA8639,FJ2900,BP22362,Superior lingular artery,blood_vessel,name,133,210,internal_meshes/blood_vessel/FJ2900_BP22362_FMA8639_Superior lingular artery.obj,4.3
FMA8639,FJ2901,BP22362,Superior lingular artery,blood_vessel,name,105,200,internal_meshes/blood_vessel/FJ2901_BP22362_FMA8639_Superior lingular artery.obj,4.3
FMA13279,FJ2902,BP22360,Left anterior segmental artery,blood_vessel,name,400,692,internal_meshes/blood_vessel/FJ2902_BP22360_FMA13279_Left anterior segmental artery.obj,4.3
FMA8647,FJ2903,BP24000,Left posterior basal segmental artery,blood_vessel,name,354,618,internal_meshes/blood_vessel/FJ2903_BP24000_FMA8647_Left posterior basal segmental artery.obj,4.3
FMA13279,FJ2904,BP22360,Left anterior segmental artery,blood_vessel,name,127,210,internal_meshes/blood_vessel/FJ2904_BP22360_FMA13279_Left anterior segmental artery.obj,4.3
FMA13279,FJ2905,BP22360,Left anterior segmental artery,blood_vessel,name,147,280,internal_meshes/blood_vessel/FJ2905_BP22360_FMA13279_Left anterior segmental artery.obj,4.3
FMA13279,FJ2906,BP22360,Left anterior segmental artery,blood_vessel,name,543,1006,internal_meshes/blood_vessel/FJ2906_BP22360_FMA13279_Left anterior segmental artery.obj,4.3
FMA13279,FJ2907,BP22360,Left anterior segmental artery,blood_vessel,name,131,150,internal_meshes/blood_vessel/FJ2907_BP22360_FMA13279_Left anterior segmental artery.obj,4.3
FMA13279,FJ2908,BP22360,Left anterior segmental artery,blood_vessel,name,435,786,internal_meshes/blood_vessel/FJ2908_BP22360_FMA13279_Left anterior segmental artery.obj,4.3
FMA13279,FJ2909,BP22360,Left anterior segmental artery,blood_vessel,name,101,120,internal_meshes/blood_vessel/FJ2909_BP22360_FMA13279_Left anterior segmental artery.obj,4.3
FMA13279,FJ2910,BP22360,Left anterior segmental artery,blood_vessel,name,146,210,internal_meshes/blood_vessel/FJ2910_BP22360_FMA13279_Left anterior segmental artery.obj,4.3
FMA8635,FJ2911,BP22382,Left posterior segmental artery,blood_vessel,name,184,318,internal_meshes/blood_vessel/FJ2911_BP22382_FMA8635_Left posterior segmental artery.obj,4.3
FMA8635,FJ2912,BP22382,Left posterior segmental artery,blood_vessel,name,118,150,internal_meshes/blood_vessel/FJ2912_BP22382_FMA8635_Left posterior segmental artery.obj,4.3
FMA8635,FJ2913,BP22382,Left posterior segmental artery,blood_vessel,name,125,198,internal_meshes/blood_vessel/FJ2913_BP22382_FMA8635_Left posterior segmental artery.obj,4.3
FMA8647,FJ2914,BP24000,Left posterior basal segmental artery,blood_vessel,name,79,92,internal_meshes/blood_vessel/FJ2914_BP24000_FMA8647_Left posterior basal segmental artery.obj,4.3
FMA8634,FJ2915,BP22439,Left apical segmental artery,blood_vessel,name,220,418,internal_meshes/blood_vessel/FJ2915_BP22439_FMA8634_Left apical segmental artery.obj,4.3
FMA8634,FJ2916,BP22439,Left apical segmental artery,blood_vessel,name,121,174,internal_meshes/blood_vessel/FJ2916_BP22439_FMA8634_Left apical segmental artery.obj,4.3
FMA8634,FJ2917,BP22439,Left apical segmental artery,blood_vessel,name,133,196,internal_meshes/blood_vessel/FJ2917_BP22439_FMA8634_Left apical segmental artery.obj,4.3
FMA8634,FJ2918,BP22439,Left apical segmental artery,blood_vessel,name,123,188,internal_meshes/blood_vessel/FJ2918_BP22439_FMA8634_Left apical segmental artery.obj,4.3
FMA8647,FJ2919,BP24000,Left posterior basal segmental artery,blood_vessel,name,330,560,internal_meshes/blood_vessel/FJ2919_BP24000_FMA8647_Left posterior basal segmental artery.obj,4.3
FMA8647,FJ2920,BP24000,Left posterior basal segmental artery,blood_vessel,name,164,262,internal_meshes/blood_vessel/FJ2920_BP24000_FMA8647_Left posterior basal segmental artery.obj,4.3
FMA8646,FJ2921,BP22408,Left lateral basal segmental artery,blood_vessel,name,861,1710,internal_meshes/blood_vessel/FJ2921_BP22408_FMA8646_Left lateral basal segmental artery.obj,4.3
FMA8646,FJ2922,BP22408,Left lateral basal segmental artery,blood_vessel,name,397,670,internal_meshes/blood_vessel/FJ2922_BP22408_FMA8646_Left lateral basal segmental artery.obj,4.3
FMA8646,FJ2923,BP22408,Left lateral basal segmental artery,blood_vessel,name,151,236,internal_meshes/blood_vessel/FJ2923_BP22408_FMA8646_Left lateral basal segmental artery.obj,4.3
FMA8614,FJ2924,BP23660,Trunk of left pulmonary artery,blood_vessel,name,2727,5450,internal_meshes/blood_vessel/FJ2924_BP23660_FMA8614_Trunk of left pulmonary artery.obj,4.3
FMA50305,FJ2925,BP22893,Trunk of left superior pulmonary vein,blood_vessel,name,209,414,internal_meshes/blood_vessel/FJ2925_BP22893_FMA50305_Trunk of left superior pulmonary vein.obj,4.3
FMA9438,FJ2926,BP22465,Left posterior segmental vein,blood_vessel,name,144,250,internal_meshes/blood_vessel/FJ2926_BP22465_FMA9438_Left posterior segmental vein.obj,4.3
FMA9438,FJ2927,BP22465,Left posterior segmental vein,blood_vessel,name,178,332,internal_meshes/blood_vessel/FJ2927_BP22465_FMA9438_Left posterior segmental vein.obj,4.3
FMA9438,FJ2928,BP22465,Left posterior segmental vein,blood_vessel,name,216,334,internal_meshes/blood_vessel/FJ2928_BP22465_FMA9438_Left posterior segmental vein.obj,4.3
FMA9438,FJ2929,BP22465,Left posterior segmental vein,blood_vessel,name,98,150,internal_meshes/blood_vessel/FJ2929_BP22465_FMA9438_Left posterior segmental vein.obj,4.3
FMA8667,FJ2930,BP22406,Left anterior segmental vein,blood_vessel,name,239,468,internal_meshes/blood_vessel/FJ2930_BP22406_FMA8667_Left anterior segmental vein.obj,4.3
FMA8667,FJ2931,BP22406,Left anterior segmental vein,blood_vessel,name,150,242,internal_meshes/blood_vessel/FJ2931_BP22406_FMA8667_Left anterior segmental vein.obj,4.3
FMA8667,FJ2932,BP22406,Left anterior segmental vein,blood_vessel,name,88,128,internal_meshes/blood_vessel/FJ2932_BP22406_FMA8667_Left anterior segmental vein.obj,4.3
FMA50305,FJ2933,BP22893,Trunk of left superior pulmonary vein,blood_vessel,name,239,472,internal_meshes/blood_vessel/FJ2933_BP22893_FMA50305_Trunk of left superior pulmonary vein.obj,4.3
FMA8669,FJ2934,BP22405,Inferior lingular vein,blood_vessel,name,161,278,internal_meshes/blood_vessel/FJ2934_BP22405_FMA8669_Inferior lingular vein.obj,4.3
FMA8669,FJ2935,BP22405,Inferior lingular vein,blood_vessel,name,115,136,internal_meshes/blood_vessel/FJ2935_BP22405_FMA8669_Inferior lingular vein.obj,4.3
FMA9437,FJ2936,BP22422,Left apical segmental vein,blood_vessel,name,228,448,internal_meshes/blood_vessel/FJ2936_BP22422_FMA9437_Left apical segmental vein.obj,4.3
FMA8668,FJ2937,BP22393,Superior lingular vein,blood_vessel,name,218,416,internal_meshes/blood_vessel/FJ2937_BP22393_FMA8668_Superior lingular vein.obj,4.3
FMA8668,FJ2938,BP22393,Superior lingular vein,blood_vessel,name,125,180,internal_meshes/blood_vessel/FJ2938_BP22393_FMA8668_Superior lingular vein.obj,4.3
FMA9438,FJ2939,BP22465,Left posterior segmental vein,blood_vessel,name,293,522,internal_meshes/blood_vessel/FJ2939_BP22465_FMA9438_Left posterior segmental vein.obj,4.3
FMA9438,FJ2940,BP22465,Left posterior segmental vein,blood_vessel,name,90,112,internal_meshes/blood_vessel/FJ2940_BP22465_FMA9438_Left posterior segmental vein.obj,4.3
FMA9438,FJ2941,BP22465,Left posterior segmental vein,blood_vessel,name,106,190,internal_meshes/blood_vessel/FJ2941_BP22465_FMA9438_Left posterior segmental vein.obj,4.3
FMA9438,FJ2942,BP22465,Left posterior segmental vein,blood_vessel,name,105,168,internal_meshes/blood_vessel/FJ2942_BP22465_FMA9438_Left posterior segmental vein.obj,4.3
FMA9438,FJ2943,BP22465,Left posterior segmental vein,blood_vessel,name,109,176,internal_meshes/blood_vessel/FJ2943_BP22465_FMA9438_Left posterior segmental vein.obj,4.3
FMA50306,FJ2944,BP22896,Trunk of left inferior pulmonary vein,blood_vessel,name,157,310,internal_meshes/blood_vessel/FJ2944_BP22896_FMA50306_Trunk of left inferior pulmonary vein.obj,4.3
FMA9451,FJ2945,BP24001,Left posterior basal segmental vein,blood_vessel,name,209,376,internal_meshes/blood_vessel/FJ2945_BP24001_FMA9451_Left posterior basal segmental vein.obj,4.3
FMA9451,FJ2946,BP24001,Left posterior basal segmental vein,blood_vessel,name,117,200,internal_meshes/blood_vessel/FJ2946_BP24001_FMA9451_Left posterior basal segmental vein.obj,4.3
FMA9437,FJ2947,BP22422,Left apical segmental vein,blood_vessel,name,90,174,internal_meshes/blood_vessel/FJ2947_BP22422_FMA9437_Left apical segmental vein.obj,4.3
FMA9451,FJ2948,BP24001,Left posterior basal segmental vein,blood_vessel,name,83,104,internal_meshes/blood_vessel/FJ2948_BP24001_FMA9451_Left posterior basal segmental vein.obj,4.3
FMA9451,FJ2949,BP24001,Left posterior basal segmental vein,blood_vessel,name,119,190,internal_meshes/blood_vessel/FJ2949_BP24001_FMA9451_Left posterior basal segmental vein.obj,4.3
FMA50306,FJ2950,BP22896,Trunk of left inferior pulmonary vein,blood_vessel,name,165,326,internal_meshes/blood_vessel/FJ2950_BP22896_FMA50306_Trunk of left inferior pulmonary vein.obj,4.3
FMA9450,FJ2951,BP21488,Left lateral basal segmental vein,blood_vessel,name,355,678,internal_meshes/blood_vessel/FJ2951_BP21488_FMA9450_Left lateral basal segmental vein.obj,4.3
FMA9450,FJ2952,BP21488,Left lateral basal segmental vein,blood_vessel,name,82,144,internal_meshes/blood_vessel/FJ2952_BP21488_FMA9450_Left lateral basal segmental vein.obj,4.3
FMA9450,FJ2953,BP21488,Left lateral basal segmental vein,blood_vessel,name,114,168,internal_meshes/blood_vessel/FJ2953_BP21488_FMA9450_Left lateral basal segmental vein.obj,4.3
FMA9450,FJ2954,BP21488,Left lateral basal segmental vein,blood_vessel,name,92,110,internal_meshes/blood_vessel/FJ2954_BP21488_FMA9450_Left lateral basal segmental vein.obj,4.3
FMA50306,FJ2955,BP22896,Trunk of left inferior pulmonary vein,blood_vessel,name,280,556,internal_meshes/blood_vessel/FJ2955_BP22896_FMA50306_Trunk of left inferior pulmonary vein.obj,4.3
FMA8678,FJ2956,BP22438,Left anterior basal segmental vein,blood_vessel,name,312,590,internal_meshes/blood_vessel/FJ2956_BP22438_FMA8678_Left anterior basal segmental vein.obj,4.3
FMA8678,FJ2957,BP22438,Left anterior basal segmental vein,blood_vessel,name,93,136,internal_meshes/blood_vessel/FJ2957_BP22438_FMA8678_Left anterior basal segmental vein.obj,4.3
FMA9437,FJ2958,BP22422,Left apical segmental vein,blood_vessel,name,186,314,internal_meshes/blood_vessel/FJ2958_BP22422_FMA9437_Left apical segmental vein.obj,4.3
FMA8678,FJ2959,BP22438,Left anterior basal segmental vein,blood_vessel,name,274,504,internal_meshes/blood_vessel/FJ2959_BP22438_FMA8678_Left anterior basal segmental vein.obj,4.3
FMA8678,FJ2960,BP22438,Left anterior basal segmental vein,blood_vessel,name,101,162,internal_meshes/blood_vessel/FJ2960_BP22438_FMA8678_Left anterior basal segmental vein.obj,4.3
FMA9437,FJ2961,BP22422,Left apical segmental vein,blood_vessel,name,103,188,internal_meshes/blood_vessel/FJ2961_BP22422_FMA9437_Left apical segmental vein.obj,4.3
FMA9437,FJ2962,BP22422,Left apical segmental vein,blood_vessel,name,117,200,internal_meshes/blood_vessel/FJ2962_BP22422_FMA9437_Left apical segmental vein.obj,4.3
FMA9437,FJ2963,BP22422,Left apical segmental vein,blood_vessel,name,76,114,internal_meshes/blood_vessel/FJ2963_BP22422_FMA9437_Left apical segmental vein.obj,4.3
FMA9437,FJ2964,BP22422,Left apical segmental vein,blood_vessel,name,104,174,internal_meshes/blood_vessel/FJ2964_BP22422_FMA9437_Left apical segmental vein.obj,4.3
FMA9438,FJ2965,BP22465,Left posterior segmental vein,blood_vessel,name,100,142,internal_meshes/blood_vessel/FJ2965_BP22465_FMA9438_Left posterior segmental vein.obj,4.3
FMA8612,FJ2966,BP23682,Pulmonary trunk,blood_vessel,name,871,1302,internal_meshes/blood_vessel/FJ2966_BP23682_FMA8612_Pulmonary trunk.obj,4.3
FMA68662,FJ2967,BP21386,Apical part of right apical segmental artery,blood_vessel,name,234,360,internal_meshes/blood_vessel/FJ2967_BP21386_FMA68662_Apical part of right apical segmental artery.obj,4.3
FMA68670,FJ2968,BP22472,Apical part of right posterior segmental artery,blood_vessel,name,88,90,internal_meshes/blood_vessel/FJ2968_BP22472_FMA68670_Apical part of right posterior segmental artery.obj,4.3
FMA68670,FJ2969,BP22472,Apical part of right posterior segmental artery,blood_vessel,name,100,120,internal_meshes/blood_vessel/FJ2969_BP22472_FMA68670_Apical part of right posterior segmental artery.obj,4.3
FMA68673,FJ2970,BP22481,Posterior part of right posterior segmental artery,blood_vessel,name,408,726,internal_meshes/blood_vessel/FJ2970_BP22481_FMA68673_Posterior part of right posterior segmental artery.obj,4.3
FMA68673,FJ2971,BP22481,Posterior part of right posterior segmental artery,blood_vessel,name,121,134,internal_meshes/blood_vessel/FJ2971_BP22481_FMA68673_Posterior part of right posterior segmental artery.obj,4.3
FMA68673,FJ2972,BP22481,Posterior part of right posterior segmental artery,blood_vessel,name,167,236,internal_meshes/blood_vessel/FJ2972_BP22481_FMA68673_Posterior part of right posterior segmental artery.obj,4.3
FMA8616,FJ2973,BP23254,Trunk of right upper lobar artery,blood_vessel,name,325,486,internal_meshes/blood_vessel/FJ2973_BP23254_FMA8616_Trunk of right upper lobar artery.obj,4.3
FMA68677,FJ2974,BP22456,Posterior branch of right anterior segmental artery,blood_vessel,name,165,302,internal_meshes/blood_vessel/FJ2974_BP22456_FMA68677_Posterior branch of right anterior segmental artery.obj,4.3
FMA68683,FJ2975,BP21788,Anterior branch of right anterior segmental artery,blood_vessel,name,162,240,internal_meshes/blood_vessel/FJ2975_BP21788_FMA68683_Anterior branch of right anterior segmental artery.obj,4.3
FMA68683,FJ2976,BP21788,Anterior branch of right anterior segmental artery,blood_vessel,name,90,102,internal_meshes/blood_vessel/FJ2976_BP21788_FMA68683_Anterior branch of right anterior segmental artery.obj,4.3
FMA68683,FJ2977,BP21788,Anterior branch of right anterior segmental artery,blood_vessel,name,125,178,internal_meshes/blood_vessel/FJ2977_BP21788_FMA68683_Anterior branch of right anterior segmental artery.obj,4.3
FMA68665,FJ2978,BP22479,Anterior part of right apical segmental artery,blood_vessel,name,167,250,internal_meshes/blood_vessel/FJ2978_BP22479_FMA68665_Anterior part of right apical segmental artery.obj,4.3
FMA68683,FJ2979,BP21788,Anterior branch of right anterior segmental artery,blood_vessel,name,109,130,internal_meshes/blood_vessel/FJ2979_BP21788_FMA68683_Anterior branch of right anterior segmental artery.obj,4.3
FMA68677,FJ2980,BP22456,Posterior branch of right anterior segmental artery,blood_vessel,name,102,130,internal_meshes/blood_vessel/FJ2980_BP22456_FMA68677_Posterior branch of right anterior segmental artery.obj,4.3
FMA68677,FJ2981,BP22456,Posterior branch of right anterior segmental artery,blood_vessel,name,263,424,internal_meshes/blood_vessel/FJ2981_BP22456_FMA68677_Posterior branch of right anterior segmental artery.obj,4.3
FMA68691,FJ2982,BP22451,Anterior branch of lateral segmental artery,blood_vessel,name,296,490,internal_meshes/blood_vessel/FJ2982_BP22451_FMA68691_Anterior branch of lateral segmental artery.obj,4.3
FMA68690,FJ2983,BP22475,Posterior branch of lateral segmental artery,blood_vessel,name,149,232,internal_meshes/blood_vessel/FJ2983_BP22475_FMA68690_Posterior branch of lateral segmental artery.obj,4.3
FMA68690,FJ2984,BP22475,Posterior branch of lateral segmental artery,blood_vessel,name,68,68,internal_meshes/blood_vessel/FJ2984_BP22475_FMA68690_Posterior branch of lateral segmental artery.obj,4.3
FMA68691,FJ2985,BP22451,Anterior branch of lateral segmental artery,blood_vessel,name,83,80,internal_meshes/blood_vessel/FJ2985_BP22451_FMA68691_Anterior branch of lateral segmental artery.obj,4.3
FMA68693,FJ2986,BP22470,Superior branch of medial segmental artery,blood_vessel,name,76,72,internal_meshes/blood_vessel/FJ2986_BP22470_FMA68693_Superior branch of medial segmental artery.obj,4.3
FMA68694,FJ2987,BP20428,Inferior branch of medial segmental artery,blood_vessel,name,89,108,internal_meshes/blood_vessel/FJ2987_BP20428_FMA68694_Inferior branch of medial segmental artery.obj,4.3
FMA68694,FJ2988,BP20428,Inferior branch of medial segmental artery,blood_vessel,name,130,180,internal_meshes/blood_vessel/FJ2988_BP20428_FMA68694_Inferior branch of medial segmental artery.obj,4.3
FMA68665,FJ2989,BP22479,Anterior part of right apical segmental artery,blood_vessel,name,368,620,internal_meshes/blood_vessel/FJ2989_BP22479_FMA68665_Anterior part of right apical segmental artery.obj,4.3
FMA68693,FJ2990,BP22470,Superior branch of medial segmental artery,blood_vessel,name,313,604,internal_meshes/blood_vessel/FJ2990_BP22470_FMA68693_Superior branch of medial segmental artery.obj,4.3
FMA68712,FJ2991,BP21385,Lateral branch of right superior segmental artery,blood_vessel,name,366,630,internal_meshes/blood_vessel/FJ2991_BP21385_FMA68712_Lateral branch of right superior segmental artery.obj,4.3
FMA68712,FJ2992,BP21385,Lateral branch of right superior segmental artery,blood_vessel,name,143,172,internal_meshes/blood_vessel/FJ2992_BP21385_FMA68712_Lateral branch of right superior segmental artery.obj,4.3
FMA68712,FJ2993,BP21385,Lateral branch of right superior segmental artery,blood_vessel,name,60,56,internal_meshes/blood_vessel/FJ2993_BP21385_FMA68712_Lateral branch of right superior segmental artery.obj,4.3
FMA68706,FJ2994,BP21398,Medial branch of right superior segmental artery,blood_vessel,name,167,236,internal_meshes/blood_vessel/FJ2994_BP21398_FMA68706_Medial branch of right superior segmental artery.obj,4.3
FMA68706,FJ2995,BP21398,Medial branch of right superior segmental artery,blood_vessel,name,353,604,internal_meshes/blood_vessel/FJ2995_BP21398_FMA68706_Medial branch of right superior segmental artery.obj,4.3
FMA68706,FJ2996,BP21398,Medial branch of right superior segmental artery,blood_vessel,name,200,296,internal_meshes/blood_vessel/FJ2996_BP21398_FMA68706_Medial branch of right superior segmental artery.obj,4.3
FMA68709,FJ2997,BP22065,Superior branch of right superior segmental artery,blood_vessel,name,178,294,internal_meshes/blood_vessel/FJ2997_BP22065_FMA68709_Superior branch of right superior segmental artery.obj,4.3
FMA68709,FJ2998,BP22065,Superior branch of right superior segmental artery,blood_vessel,name,173,254,internal_meshes/blood_vessel/FJ2998_BP22065_FMA68709_Superior branch of right superior segmental artery.obj,4.3
FMA68709,FJ2999,BP22065,Superior branch of right superior segmental artery,blood_vessel,name,511,854,internal_meshes/blood_vessel/FJ2999_BP22065_FMA68709_Superior branch of right superior segmental artery.obj,4.3
FMA68665,FJ3000,BP22479,Anterior part of right apical segmental artery,blood_vessel,name,134,202,internal_meshes/blood_vessel/FJ3000_BP22479_FMA68665_Anterior part of right apical segmental artery.obj,4.3
FMA68725,FJ3001,BP24010,Lateral branch of right anterior basal segmental artery,blood_vessel,name,241,414,internal_meshes/blood_vessel/FJ3001_BP24010_FMA68725_Lateral branch of right anterior basal segmental artery.obj,4.3
FMA68723,FJ3002,BP21005,Basal branch of right anterior basal segmental artery,blood_vessel,name,109,144,internal_meshes/blood_vessel/FJ3002_BP21005_FMA68723_Basal branch of right anterior basal segmental artery.obj,4.3
FMA68723,FJ3003,BP21005,Basal branch of right anterior basal segmental artery,blood_vessel,name,232,316,internal_meshes/blood_vessel/FJ3003_BP21005_FMA68723_Basal branch of right anterior basal segmental artery.obj,4.3
FMA68728,FJ3004,BP20023,Lateral branch of right lateral basal segmental artery,blood_vessel,name,111,190,internal_meshes/blood_vessel/FJ3004_BP20023_FMA68728_Lateral branch of right lateral basal segmental artery.obj,4.3
FMA68728,FJ3005,BP20023,Lateral branch of right lateral basal segmental artery,blood_vessel,name,237,416,internal_meshes/blood_vessel/FJ3005_BP20023_FMA68728_Lateral branch of right lateral basal segmental artery.obj,4.3
FMA68728,FJ3006,BP20023,Lateral branch of right lateral basal segmental artery,blood_vessel,name,730,1456,internal_meshes/blood_vessel/FJ3006_BP20023_FMA68728_Lateral branch of right lateral basal segmental artery.obj,4.3
FMA68728,FJ3007,BP20023,Lateral branch of right lateral basal segmental artery,blood_vessel,name,222,310,internal_meshes/blood_vessel/FJ3007_BP20023_FMA68728_Lateral branch of right lateral basal segmental artery.obj,4.3
FMA68741,FJ3008,BP24009,Mediobasal branch of right posterior basal segmental artery,blood_vessel,name,466,806,internal_meshes/blood_vessel/FJ3008_BP24009_FMA68741_Mediobasal branch of right posterior basal segmental artery.obj,4.3
FMA68735,FJ3009,BP20860,Accessory subsuperior branch of right posterior basal segmental artery,blood_vessel,name,118,154,internal_meshes/blood_vessel/FJ3009_BP20860_FMA68735_Accessory subsuperior branch of right posterior basal segmental artery.obj,4.3
FMA68735,FJ3010,BP20860,Accessory subsuperior branch of right posterior basal segmental artery,blood_vessel,name,75,68,internal_meshes/blood_vessel/FJ3010_BP20860_FMA68735_Accessory subsuperior branch of right posterior basal segmental artery.obj,4.3
FMA68665,FJ3011,BP22479,Anterior part of right apical segmental artery,blood_vessel,name,130,174,internal_meshes/blood_vessel/FJ3011_BP22479_FMA68665_Anterior part of right apical segmental artery.obj,4.3
FMA68741,FJ3012,BP24009,Mediobasal branch of right posterior basal segmental artery,blood_vessel,name,71,70,internal_meshes/blood_vessel/FJ3012_BP24009_FMA68741_Mediobasal branch of right posterior basal segmental artery.obj,4.3
FMA68738,FJ3013,BP24004,Laterobasal branch of right posterior basal segmental artery,blood_vessel,name,841,1506,internal_meshes/blood_vessel/FJ3013_BP24004_FMA68738_Laterobasal branch of right posterior basal segmental artery.obj,4.3
FMA68738,FJ3014,BP24004,Laterobasal branch of right posterior basal segmental artery,blood_vessel,name,376,642,internal_meshes/blood_vessel/FJ3014_BP24004_FMA68738_Laterobasal branch of right posterior basal segmental artery.obj,4.3
FMA68662,FJ3015,BP21386,Apical part of right apical segmental artery,blood_vessel,name,101,112,internal_meshes/blood_vessel/FJ3015_BP21386_FMA68662_Apical part of right apical segmental artery.obj,4.3
FMA68662,FJ3016,BP21386,Apical part of right apical segmental artery,blood_vessel,name,517,856,internal_meshes/blood_vessel/FJ3016_BP21386_FMA68662_Apical part of right apical segmental artery.obj,4.3
FMA68662,FJ3017,BP21386,Apical part of right apical segmental artery,blood_vessel,name,148,212,internal_meshes/blood_vessel/FJ3017_BP21386_FMA68662_Apical part of right apical segmental artery.obj,4.3
FMA68670,FJ3018,BP22472,Apical part of right posterior segmental artery,blood_vessel,name,498,912,internal_meshes/blood_vessel/FJ3018_BP22472_FMA68670_Apical part of right posterior segmental artery.obj,4.3
FMA8613,FJ3019,BP23698,Trunk of right pulmonary artery,blood_vessel,name,341,678,internal_meshes/blood_vessel/FJ3019_BP23698_FMA8613_Trunk of right pulmonary artery.obj,4.3
FMA50302,FJ3020,BP23802,Trunk of right superior pulmonary vein,blood_vessel,name,171,324,internal_meshes/blood_vessel/FJ3020_BP23802_FMA50302_Trunk of right superior pulmonary vein.obj,4.3
FMA68926,FJ3021,BP23217,Superior part of right anterior segmental vein,blood_vessel,name,158,254,internal_meshes/blood_vessel/FJ3021_BP23217_FMA68926_Superior part of right anterior segmental vein.obj,4.3
FMA8663,FJ3022,BP20545,Right posterior segmental vein,blood_vessel,name,141,228,internal_meshes/blood_vessel/FJ3022_BP20545_FMA8663_Right posterior segmental vein.obj,4.3
FMA8663,FJ3023,BP20545,Right posterior segmental vein,blood_vessel,name,109,168,internal_meshes/blood_vessel/FJ3023_BP20545_FMA8663_Right posterior segmental vein.obj,4.3
FMA8663,FJ3024,BP20545,Right posterior segmental vein,blood_vessel,name,77,110,internal_meshes/blood_vessel/FJ3024_BP20545_FMA8663_Right posterior segmental vein.obj,4.3
FMA8663,FJ3025,BP20545,Right posterior segmental vein,blood_vessel,name,100,164,internal_meshes/blood_vessel/FJ3025_BP20545_FMA8663_Right posterior segmental vein.obj,4.3
FMA8663,FJ3026,BP20545,Right posterior segmental vein,blood_vessel,name,106,188,internal_meshes/blood_vessel/FJ3026_BP20545_FMA8663_Right posterior segmental vein.obj,4.3
FMA68926,FJ3027,BP23217,Superior part of right anterior segmental vein,blood_vessel,name,171,298,internal_meshes/blood_vessel/FJ3027_BP23217_FMA68926_Superior part of right anterior segmental vein.obj,4.3
FMA68928,FJ3028,BP23218,Inferior part of right anterior segmental vein,blood_vessel,name,111,202,internal_meshes/blood_vessel/FJ3028_BP23218_FMA68928_Inferior part of right anterior segmental vein.obj,4.3
FMA68928,FJ3029,BP23218,Inferior part of right anterior segmental vein,blood_vessel,name,86,124,internal_meshes/blood_vessel/FJ3029_BP23218_FMA68928_Inferior part of right anterior segmental vein.obj,4.3
FMA68982,FJ3030,BP22432,Superior part of medial segmental vein,blood_vessel,name,282,526,internal_meshes/blood_vessel/FJ3030_BP22432_FMA68982_Superior part of medial segmental vein.obj,4.3
FMA68880,FJ3031,BP22430,Trunk of right apical segmental vein,blood_vessel,name,140,266,internal_meshes/blood_vessel/FJ3031_BP22430_FMA68880_Trunk of right apical segmental vein.obj,4.3
FMA68983,FJ3032,BP22952,Inferior part of medial segmental vein,blood_vessel,name,258,486,internal_meshes/blood_vessel/FJ3032_BP22952_FMA68983_Inferior part of medial segmental vein.obj,4.3
FMA68983,FJ3033,BP22952,Inferior part of medial segmental vein,blood_vessel,name,75,106,internal_meshes/blood_vessel/FJ3033_BP22952_FMA68983_Inferior part of medial segmental vein.obj,4.3
FMA68945,FJ3034,BP21724,Anterior part of lateral segmental vein,blood_vessel,name,197,390,internal_meshes/blood_vessel/FJ3034_BP21724_FMA68945_Anterior part of lateral segmental vein.obj,4.3
FMA68945,FJ3035,BP21724,Anterior part of lateral segmental vein,blood_vessel,name,117,226,internal_meshes/blood_vessel/FJ3035_BP21724_FMA68945_Anterior part of lateral segmental vein.obj,4.3
FMA68945,FJ3036,BP21724,Anterior part of lateral segmental vein,blood_vessel,name,161,308,internal_meshes/blood_vessel/FJ3036_BP21724_FMA68945_Anterior part of lateral segmental vein.obj,4.3
FMA68944,FJ3037,BP22423,Posterior part of lateral segmental vein,blood_vessel,name,212,416,internal_meshes/blood_vessel/FJ3037_BP22423_FMA68944_Posterior part of lateral segmental vein.obj,4.3
FMA68944,FJ3038,BP22423,Posterior part of lateral segmental vein,blood_vessel,name,137,250,internal_meshes/blood_vessel/FJ3038_BP22423_FMA68944_Posterior part of lateral segmental vein.obj,4.3
FMA68944,FJ3039,BP22423,Posterior part of lateral segmental vein,blood_vessel,name,123,224,internal_meshes/blood_vessel/FJ3039_BP22423_FMA68944_Posterior part of lateral segmental vein.obj,4.3
FMA50303,FJ3040,BP22871,Trunk of right inferior pulmonary vein,blood_vessel,name,113,196,internal_meshes/blood_vessel/FJ3040_BP22871_FMA50303_Trunk of right inferior pulmonary vein.obj,4.3
FMA9428,FJ3041,BP22650,Right posterior basal segmental vein,blood_vessel,name,297,586,internal_meshes/blood_vessel/FJ3041_BP22650_FMA9428_Right posterior basal segmental vein.obj,4.3
FMA68921,FJ3042,BP24070,Anterior part of right apical segmental vein,blood_vessel,name,134,188,internal_meshes/blood_vessel/FJ3042_BP24070_FMA68921_Anterior part of right apical segmental vein.obj,4.3
FMA9428,FJ3043,BP22650,Right posterior basal segmental vein,blood_vessel,name,159,254,internal_meshes/blood_vessel/FJ3043_BP22650_FMA9428_Right posterior basal segmental vein.obj,4.3
FMA9428,FJ3044,BP22650,Right posterior basal segmental vein,blood_vessel,name,98,126,internal_meshes/blood_vessel/FJ3044_BP22650_FMA9428_Right posterior basal segmental vein.obj,4.3
FMA9428,FJ3045,BP22650,Right posterior basal segmental vein,blood_vessel,name,127,206,internal_meshes/blood_vessel/FJ3045_BP22650_FMA9428_Right posterior basal segmental vein.obj,4.3
FMA9428,FJ3046,BP22650,Right posterior basal segmental vein,blood_vessel,name,121,178,internal_meshes/blood_vessel/FJ3046_BP22650_FMA9428_Right posterior basal segmental vein.obj,4.3
FMA9428,FJ3047,BP22650,Right posterior basal segmental vein,blood_vessel,name,131,226,internal_meshes/blood_vessel/FJ3047_BP22650_FMA9428_Right posterior basal segmental vein.obj,4.3
FMA9428,FJ3048,BP22650,Right posterior basal segmental vein,blood_vessel,name,101,170,internal_meshes/blood_vessel/FJ3048_BP22650_FMA9428_Right posterior basal segmental vein.obj,4.3
FMA8673,FJ3049,BP23998,Right anterior basal segmental vein,blood_vessel,name,171,322,internal_meshes/blood_vessel/FJ3049_BP23998_FMA8673_Right anterior basal segmental vein.obj,4.3
FMA8670,FJ3050,BP22533,Right superior segmental vein,blood_vessel,name,284,548,internal_meshes/blood_vessel/FJ3050_BP22533_FMA8670_Right superior segmental vein.obj,4.3
FMA8670,FJ3051,BP22533,Right superior segmental vein,blood_vessel,name,205,338,internal_meshes/blood_vessel/FJ3051_BP22533_FMA8670_Right superior segmental vein.obj,4.3
FMA8670,FJ3052,BP22533,Right superior segmental vein,blood_vessel,name,68,102,internal_meshes/blood_vessel/FJ3052_BP22533_FMA8670_Right superior segmental vein.obj,4.3
FMA68921,FJ3053,BP24070,Anterior part of right apical segmental vein,blood_vessel,name,103,178,internal_meshes/blood_vessel/FJ3053_BP24070_FMA68921_Anterior part of right apical segmental vein.obj,4.3
FMA9422,FJ3054,BP22431,Right medial basal segmental vein,blood_vessel,name,143,206,internal_meshes/blood_vessel/FJ3054_BP22431_FMA9422_Right medial basal segmental vein.obj,4.3
FMA9422,FJ3055,BP22431,Right medial basal segmental vein,blood_vessel,name,73,80,internal_meshes/blood_vessel/FJ3055_BP22431_FMA9422_Right medial basal segmental vein.obj,4.3
FMA8673,FJ3056,BP23998,Right anterior basal segmental vein,blood_vessel,name,136,264,internal_meshes/blood_vessel/FJ3056_BP23998_FMA8673_Right anterior basal segmental vein.obj,4.3
FMA9428,FJ3057,BP22650,Right posterior basal segmental vein,blood_vessel,name,89,122,internal_meshes/blood_vessel/FJ3057_BP22650_FMA9428_Right posterior basal segmental vein.obj,4.3
FMA9428,FJ3058,BP22650,Right posterior basal segmental vein,blood_vessel,name,100,174,internal_meshes/blood_vessel/FJ3058_BP22650_FMA9428_Right posterior basal segmental vein.obj,4.3
FMA9425,FJ3059,BP22388,Right lateral basal segmental vein,blood_vessel,name,231,424,internal_meshes/blood_vessel/FJ3059_BP22388_FMA9425_Right lateral basal segmental vein.obj,4.3
FMA9425,FJ3060,BP22388,Right lateral basal segmental vein,blood_vessel,name,123,216,internal_meshes/blood_vessel/FJ3060_BP22388_FMA9425_Right lateral basal segmental vein.obj,4.3
FMA9425,FJ3061,BP22388,Right lateral basal segmental vein,blood_vessel,name,85,152,internal_meshes/blood_vessel/FJ3061_BP22388_FMA9425_Right lateral basal segmental vein.obj,4.3
FMA9425,FJ3062,BP22388,Right lateral basal segmental vein,blood_vessel,name,120,218,internal_meshes/blood_vessel/FJ3062_BP22388_FMA9425_Right lateral basal segmental vein.obj,4.3
FMA8670,FJ3063,BP22533,Right superior segmental vein,blood_vessel,name,97,134,internal_meshes/blood_vessel/FJ3063_BP22533_FMA8670_Right superior segmental vein.obj,4.3
FMA8681,FJ3064,BP22389,Apical part of right apical segmental vein,blood_vessel,name,132,230,internal_meshes/blood_vessel/FJ3064_BP22389_FMA8681_Apical part of right apical segmental vein.obj,4.3
FMA8670,FJ3065,BP22533,Right superior segmental vein,blood_vessel,name,95,146,internal_meshes/blood_vessel/FJ3065_BP22533_FMA8670_Right superior segmental vein.obj,4.3
FMA8670,FJ3066,BP22533,Right superior segmental vein,blood_vessel,name,100,136,internal_meshes/blood_vessel/FJ3066_BP22533_FMA8670_Right superior segmental vein.obj,4.3
FMA8681,FJ3067,BP22389,Apical part of right apical segmental vein,blood_vessel,name,107,204,internal_meshes/blood_vessel/FJ3067_BP22389_FMA8681_Apical part of right apical segmental vein.obj,4.3
FMA8681,FJ3068,BP22389,Apical part of right apical segmental vein,blood_vessel,name,81,102,internal_meshes/blood_vessel/FJ3068_BP22389_FMA8681_Apical part of right apical segmental vein.obj,4.3
FMA8663,FJ3069,BP20545,Right posterior segmental vein,blood_vessel,name,185,356,internal_meshes/blood_vessel/FJ3069_BP20545_FMA8663_Right posterior segmental vein.obj,4.3
FMA8663,FJ3070,BP20545,Right posterior segmental vein,blood_vessel,name,132,230,internal_meshes/blood_vessel/FJ3070_BP20545_FMA8663_Right posterior segmental vein.obj,4.3
FMA71867,FJ3071,BP23050,Anterior superior tributary of right hepatic biliary tree,organ,name,395,686,internal_meshes/organ/FJ3071_BP23050_FMA71867_Anterior superior tributary of right hepatic biliary tree.obj,4.3
FMA71868,FJ3072,BP23979,Anterior inferior tributary of right hepatic biliary tree,organ,name,1265,1708,internal_meshes/organ/FJ3072_BP23979_FMA71868_Anterior inferior tributary of right hepatic biliary tree.obj,4.3
FMA15420,FJ3073,BP22093,Anterior superior segmental branch of right portal vein,blood_vessel,name,404,770,internal_meshes/blood_vessel/FJ3073_BP22093_FMA15420_Anterior superior segmental branch of right portal vein.obj,4.3
FMA15421,FJ3074,BP22742,Anterior inferior segmental branch of right portal vein,blood_vessel,name,1582,2832,internal_meshes/blood_vessel/FJ3074_BP22742_FMA15421_Anterior inferior segmental branch of right portal vein.obj,4.3
FMA70443,FJ3075,BP22275,Anterior inferior segmental hepatic artery,blood_vessel,name,1244,1666,internal_meshes/blood_vessel/FJ3075_BP22275_FMA70443_Anterior inferior segmental hepatic artery.obj,4.3
FMA70442,FJ3076,BP22295,Anterior superior segmental hepatic artery,blood_vessel,name,459,892,internal_meshes/blood_vessel/FJ3076_BP22295_FMA70442_Anterior superior segmental hepatic artery.obj,4.3
FMA70455,FJ3077,BP22145,Caudate lobe branch of left hepatic artery,blood_vessel,name,250,430,internal_meshes/blood_vessel/FJ3077_BP22145_FMA70455_Caudate lobe branch of left hepatic artery.obj,4.3
FMA76536,FJ3078,BP24054,Trunk of common hepatic artery,blood_vessel,name,184,348,internal_meshes/blood_vessel/FJ3078_BP24054_FMA76536_Trunk of common hepatic artery.obj,4.3
FMA14668,FJ3079,BP21345,Common hepatic duct,organ,name,684,1364,internal_meshes/organ/FJ3079_BP21345_FMA14668_Common hepatic duct.obj,4.3
FMA14539,FJ3080,BP23311,Cystic duct,organ,name,156,278,internal_meshes/organ/FJ3080_BP23311_FMA14539_Cystic duct.obj,4.3
FMA76548,FJ3081,BP24024,Trunk of hepatic artery proper,blood_vessel,name,181,358,internal_meshes/blood_vessel/FJ3081_BP24024_FMA76548_Trunk of hepatic artery proper.obj,4.3
FMA71904,FJ3082,BP23408,Pre-hepatic portal vein,blood_vessel,name,1793,3582,internal_meshes/blood_vessel/FJ3082_BP23408_FMA71904_Pre-hepatic portal vein.obj,4.3
FMA15800,FJ3083,BP21901,Anterior inferior segmental tributary of middle hepatic vein,blood_vessel,name,1409,2806,internal_meshes/blood_vessel/FJ3083_BP21901_FMA15800_Anterior inferior segmental tributary of middle hepatic vein.obj,4.3
FMA15801,FJ3084,BP20972,Medial inferior segmental tributary of middle hepatic vein,blood_vessel,name,1515,3026,internal_meshes/blood_vessel/FJ3084_BP20972_FMA15801_Medial inferior segmental tributary of middle hepatic vein.obj,4.3
FMA15801,FJ3085,BP20972,Medial inferior segmental tributary of middle hepatic vein,blood_vessel,name,293,582,internal_meshes/blood_vessel/FJ3085_BP20972_FMA15801_Medial inferior segmental tributary of middle hepatic vein.obj,4.3
FMA15800,FJ3086,BP21901,Anterior inferior segmental tributary of middle hepatic vein,blood_vessel,name,502,990,internal_meshes/blood_vessel/FJ3086_BP21901_FMA15800_Anterior inferior segmental tributary of middle hepatic vein.obj,4.3
FMA71887,FJ3088,BP23985,Lateral superior tributary of left hepatic biliary tree,organ,name,368,608,internal_meshes/organ/FJ3088_BP23985_FMA71887_Lateral superior tributary of left hepatic biliary tree.obj,4.3
FMA71888,FJ3089,BP23105,Lateral inferior tributary of left hepatic biliary tree,organ,name,443,664,internal_meshes/organ/FJ3089_BP23105_FMA71888_Lateral inferior tributary of left hepatic biliary tree.obj,4.3
FMA71887,FJ3090,BP23985,Lateral superior tributary of left hepatic biliary tree,organ,name,503,808,internal_meshes/organ/FJ3090_BP23985_FMA71887_Lateral superior tributary of left hepatic biliary tree.obj,4.3
FMA70452,FJ3091,BP22266,Lateral superior segmental hepatic artery,blood_vessel,name,341,598,internal_meshes/blood_vessel/FJ3091_BP22266_FMA70452_Lateral superior segmental hepatic artery.obj,4.3
FMA70453,FJ3092,BP21208,Lateral inferior segmental hepatic artery,blood_vessel,name,364,618,internal_meshes/blood_vessel/FJ3092_BP21208_FMA70453_Lateral inferior segmental hepatic artery.obj,4.3
FMA70452,FJ3093,BP22266,Lateral superior segmental hepatic artery,blood_vessel,name,460,658,internal_meshes/blood_vessel/FJ3093_BP22266_FMA70452_Lateral superior segmental hepatic artery.obj,4.3
FMA76903,FJ3094,BP21473,Left duct of caudate lobe of liver,organ,name,281,428,internal_meshes/organ/FJ3094_BP21473_FMA76903_Left duct of caudate lobe of liver.obj,4.3
FMA70457,FJ3095,BP22203,Trunk of left hepatic artery,blood_vessel,name,666,1328,internal_meshes/blood_vessel/FJ3095_BP22203_FMA70457_Trunk of left hepatic artery.obj,4.3
FMA14670,FJ3096,BP23316,Left hepatic duct,organ,name,428,848,internal_meshes/organ/FJ3096_BP23316_FMA14670_Left hepatic duct.obj,4.3
FMA15804,FJ3097,BP20866,Lateral inferior segmental tributary of left hepatic vein,blood_vessel,name,385,722,internal_meshes/blood_vessel/FJ3097_BP20866_FMA15804_Lateral inferior segmental tributary of left hepatic vein.obj,4.3
FMA15803,FJ3098,BP20983,Lateral superior segmental tributary of left hepatic vein,blood_vessel,name,348,684,internal_meshes/blood_vessel/FJ3098_BP20983_FMA15803_Lateral superior segmental tributary of left hepatic vein.obj,4.3
FMA15804,FJ3099,BP20866,Lateral inferior segmental tributary of left hepatic vein,blood_vessel,name,272,488,internal_meshes/blood_vessel/FJ3099_BP20866_FMA15804_Lateral inferior segmental tributary of left hepatic vein.obj,4.3
FMA15804,FJ3100,BP20866,Lateral inferior segmental tributary of left hepatic vein,blood_vessel,name,195,354,internal_meshes/blood_vessel/FJ3100_BP20866_FMA15804_Lateral inferior segmental tributary of left hepatic vein.obj,4.3
FMA15802,FJ3101,BP20769,Medial superior segmental tributary of left hepatic vein,blood_vessel,name,440,872,internal_meshes/blood_vessel/FJ3101_BP20769_FMA15802_Medial superior segmental tributary of left hepatic vein.obj,4.3
FMA82697,FJ3102,BP20329,Trunk of left portal vein,blood_vessel,name,367,730,internal_meshes/blood_vessel/FJ3102_BP20329_FMA82697_Trunk of left portal vein.obj,4.3
FMA71886,FJ3103,BP23284,Medial inferior tributary of left hepatic biliary tree,organ,name,432,698,internal_meshes/organ/FJ3103_BP23284_FMA71886_Medial inferior tributary of left hepatic biliary tree.obj,4.3
FMA71885,FJ3104,BP23162,Medial superior tributary of left hepatic biliary tree,organ,name,344,570,internal_meshes/organ/FJ3104_BP23162_FMA71885_Medial superior tributary of left hepatic biliary tree.obj,4.3
FMA71885,FJ3105,BP23162,Medial superior tributary of left hepatic biliary tree,organ,name,371,494,internal_meshes/organ/FJ3105_BP23162_FMA71885_Medial superior tributary of left hepatic biliary tree.obj,4.3
FMA70450,FJ3106,BP22109,Medial inferior segmental hepatic artery,blood_vessel,name,425,754,internal_meshes/blood_vessel/FJ3106_BP22109_FMA70450_Medial inferior segmental hepatic artery.obj,4.3
FMA70449,FJ3107,BP22318,Medial superior segmental hepatic artery,blood_vessel,name,496,612,internal_meshes/blood_vessel/FJ3107_BP22318_FMA70449_Medial superior segmental hepatic artery.obj,4.3
FMA71870,FJ3108,BP23258,Posterior inferior tributary of right hepatic biliary tree,organ,name,503,870,internal_meshes/organ/FJ3108_BP23258_FMA71870_Posterior inferior tributary of right hepatic biliary tree.obj,4.3
FMA71869,FJ3109,BP23126,Posterior superior tributary of right hepatic biliary tree,organ,name,404,628,internal_meshes/organ/FJ3109_BP23126_FMA71869_Posterior superior tributary of right hepatic biliary tree.obj,4.3
FMA71869,FJ3110,BP23126,Posterior superior tributary of right hepatic biliary tree,organ,name,896,1196,internal_meshes/organ/FJ3110_BP23126_FMA71869_Posterior superior tributary of right hepatic biliary tree.obj,4.3
FMA15424,FJ3111,BP22119,Posterior inferior segmental branch of right portal vein,blood_vessel,name,1100,2194,internal_meshes/blood_vessel/FJ3111_BP22119_FMA15424_Posterior inferior segmental branch of right portal vein.obj,4.3
FMA15423,FJ3112,BP20568,Posterior superior segmental branch of right portal vein,blood_vessel,name,554,1100,internal_meshes/blood_vessel/FJ3112_BP20568_FMA15423_Posterior superior segmental branch of right portal vein.obj,4.3
FMA15423,FJ3113,BP20568,Posterior superior segmental branch of right portal vein,blood_vessel,name,1031,1712,internal_meshes/blood_vessel/FJ3113_BP20568_FMA15423_Posterior superior segmental branch of right portal vein.obj,4.3
FMA70446,FJ3114,BP22340,Posterior inferior segmental hepatic artery,blood_vessel,name,479,772,internal_meshes/blood_vessel/FJ3114_BP22340_FMA70446_Posterior inferior segmental hepatic artery.obj,4.3
FMA70445,FJ3115,BP22296,Posterior superior segmental hepatic artery,blood_vessel,name,1037,1616,internal_meshes/blood_vessel/FJ3115_BP22296_FMA70445_Posterior superior segmental hepatic artery.obj,4.3
FMA70445,FJ3116,BP22296,Posterior superior segmental hepatic artery,blood_vessel,name,631,814,internal_meshes/blood_vessel/FJ3116_BP22296_FMA70445_Posterior superior segmental hepatic artery.obj,4.3
FMA70456,FJ3117,BP20946,Trunk of right hepatic artery,blood_vessel,name,223,442,internal_meshes/blood_vessel/FJ3117_BP20946_FMA70456_Trunk of right hepatic artery.obj,4.3
FMA15797,FJ3118,BP20814,Posterior inferior segmental tributary of right hepatic vein,blood_vessel,name,728,1402,internal_meshes/blood_vessel/FJ3118_BP20814_FMA15797_Posterior inferior segmental tributary of right hepatic vein.obj,4.3
FMA15796,FJ3119,BP20813,Posterior superior segmental tributary of right hepatic vein,blood_vessel,name,1033,2062,internal_meshes/blood_vessel/FJ3119_BP20813_FMA15796_Posterior superior segmental tributary of right hepatic vein.obj,4.3
FMA15797,FJ3120,BP20814,Posterior inferior segmental tributary of right hepatic vein,blood_vessel,name,718,1418,internal_meshes/blood_vessel/FJ3120_BP20814_FMA15797_Posterior inferior segmental tributary of right hepatic vein.obj,4.3
FMA15798,FJ3121,BP20974,Anterior superior segmental tributary of right hepatic vein,blood_vessel,name,1882,3722,internal_meshes/blood_vessel/FJ3121_BP20974_FMA15798_Anterior superior segmental tributary of right hepatic vein.obj,4.3
FMA82695,FJ3122,BP22047,Trunk of right portal vein,blood_vessel,name,105,206,internal_meshes/blood_vessel/FJ3122_BP22047_FMA82695_Trunk of right portal vein.obj,4.3
FMA14669,FJ3123,BP23145,Right hepatic duct,organ,name,115,226,internal_meshes/organ/FJ3123_BP23145_FMA14669_Right hepatic duct.obj,4.3
FMA15425,FJ3124,BP22043,Caudate lobe branch of left portal vein,blood_vessel,name,319,494,internal_meshes/blood_vessel/FJ3124_BP22043_FMA15425_Caudate lobe branch of left portal vein.obj,4.3
FMA15432,FJ3125,BP22128,Lateral inferior segmental branch of left portal vein,blood_vessel,name,1161,2284,internal_meshes/blood_vessel/FJ3125_BP22128_FMA15432_Lateral inferior segmental branch of left portal vein.obj,4.3
FMA15431,FJ3126,BP22053,Lateral superior segmental branch of left portal vein,blood_vessel,name,1217,2364,internal_meshes/blood_vessel/FJ3126_BP22053_FMA15431_Lateral superior segmental branch of left portal vein.obj,4.3
FMA15428,FJ3127,BP22057,Medial superior segmental branch of left portal vein,blood_vessel,name,662,1162,internal_meshes/blood_vessel/FJ3127_BP22057_FMA15428_Medial superior segmental branch of left portal vein.obj,4.3
FMA15429,FJ3128,BP22056,Medial inferior segmental branch of left portal vein,blood_vessel,name,838,1660,internal_meshes/blood_vessel/FJ3128_BP22056_FMA15429_Medial inferior segmental branch of left portal vein.obj,4.3
FMA15630,FJ3129,BP22924,Left adrenal gland,gland,name,2000,3996,internal_meshes/gland/FJ3129_BP22924_FMA15630_Left adrenal gland.obj,4.3
FMA15629,FJ3130,BP23803,Right adrenal gland,gland,name,1149,2294,internal_meshes/gland/FJ3130_BP23803_FMA15629_Right adrenal gland.obj,4.3
FMA13295,FJ3131,BP23131,Diaphragm,muscle,name,35527,68522,internal_meshes/muscle/FJ3131_BP23131_FMA13295_Diaphragm.obj,4.3
FMA19618,FJ3132,BP21512,Corpus cavernosum of penis,organ,name,830,1272,internal_meshes/organ/FJ3132_BP21512_FMA19618_Corpus cavernosum of penis.obj,4.3
FMA19617,FJ3133,BP21164,Corpus spongiosum of penis,organ,name,296,576,internal_meshes/organ/FJ3133_BP21164_FMA19617_Corpus spongiosum of penis.obj,4.3
FMA18247,FJ3134,BP23770,Glans penis,organ,name,942,1374,internal_meshes/organ/FJ3134_BP23770_FMA18247_Glans penis.obj,4.3
FMA19236,FJ3135,BP22870,Left deferent duct,organ,name,863,1110,internal_meshes/organ/FJ3135_BP22870_FMA19236_Left deferent duct.obj,4.3
FMA18257,FJ3136,BP23180,Left epididymis,organ,name,184,238,internal_meshes/organ/FJ3136_BP23180_FMA18257_Left epididymis.obj,4.3
FMA19388,FJ3137,BP21861,Left seminal vesicle,organ,name,244,370,internal_meshes/organ/FJ3137_BP21861_FMA19388_Left seminal vesicle.obj,4.3
FMA7212,FJ3138,BP22947,Left testis,organ,name,107,210,internal_meshes/organ/FJ3138_BP22947_FMA7212_Left testis.obj,4.3
FMA9600,FJ3139,BP21548,Prostate,organ,name,223,442,internal_meshes/organ/FJ3139_BP21548_FMA9600_Prostate.obj,4.3
FMA19235,FJ3140,BP22833,Right deferent duct,organ,name,787,944,internal_meshes/organ/FJ3140_BP22833_FMA19235_Right deferent duct.obj,4.3
FMA18256,FJ3141,BP23020,Right epididymis,organ,name,115,76,internal_meshes/organ/FJ3141_BP23020_FMA18256_Right epididymis.obj,4.3
FMA7211,FJ3142,BP22902,Right testis,organ,name,108,212,internal_meshes/organ/FJ3142_BP22902_FMA7211_Right testis.obj,4.3
FMA19387,FJ3143,BP21468,Right seminal vesicle,organ,name,235,360,internal_meshes/organ/FJ3143_BP21468_FMA19387_Right seminal vesicle.obj,4.3
FMA15572,FJ3144,BP21722,Left ureter,organ,name,1125,2062,internal_meshes/organ/FJ3144_BP21722_FMA15572_Left ureter.obj,4.3
FMA7205,FJ3145,BP21596,Left kidney,organ,name,1497,2982,internal_meshes/organ/FJ3145_BP21596_FMA7205_Left kidney.obj,4.3
FMA15571,FJ3146,BP22675,Right ureter,organ,name,1132,1924,internal_meshes/organ/FJ3146_BP22675_FMA15571_Right ureter.obj,4.3
FMA7204,FJ3147,BP23801,Right kidney,organ,name,1163,2310,internal_meshes/organ/FJ3147_BP23801_FMA7204_Right kidney.obj,4.3
FMA19667,FJ3148,BP22605,Urethra,organ,name,358,440,internal_meshes/organ/FJ3148_BP22605_FMA19667_Urethra.obj,4.3
FMA15900,FJ3149,BP22630,Urinary bladder,organ,name,127,226,internal_meshes/organ/FJ3149_BP22630_FMA15900_Urinary bladder.obj,4.3
FMA71195,FJ3150,BP22421,Left lobe of thymus,lymphatic,name,606,1050,internal_meshes/lymphatic/FJ3150_BP22421_FMA71195_Left lobe of thymus.obj,4.3
FMA71194,FJ3151,BP23141,Right lobe of thymus,lymphatic,name,599,1030,internal_meshes/lymphatic/FJ3151_BP23141_FMA71194_Right lobe of thymus.obj,4.3
FMA16586,FJ3152,BP23294,Right hip bone,bone,name,1282,2374,internal_meshes/bone/FJ3152_BP23294_FMA16586_Right hip bone.obj,4.3
FMA7488,FJ3153,BP22299,Xiphoid process,bone,manual,495,922,internal_meshes/bone/FJ3153_BP22299_FMA7488_Xiphoid process.obj,4.3
FMA10037,FJ3154,BP23555,Tenth thoracic vertebra,bone,name,1584,2790,internal_meshes/bone/FJ3154_BP23555_FMA10037_Tenth thoracic vertebra.obj,4.3
FMA10059,FJ3155,BP23648,Eleventh thoracic vertebra,bone,name,1593,2674,internal_meshes/bone/FJ3155_BP23648_FMA10059_Eleventh thoracic vertebra.obj,4.3
FMA10081,FJ3156,BP23373,Twelfth thoracic vertebra,bone,name,1593,2772,internal_meshes/bone/FJ3156_BP23373_FMA10081_Twelfth thoracic vertebra.obj,4.3
FMA13072,FJ3157,BP23647,First lumbar vertebra,bone,name,1682,2972,internal_meshes/bone/FJ3157_BP23647_FMA13072_First lumbar vertebra.obj,4.3
FMA9165,FJ3158,BP23701,First thoracic vertebra,bone,name,1078,1700,internal_meshes/bone/FJ3158_BP23701_FMA9165_First thoracic vertebra.obj,4.3
FMA13073,FJ3159,BP23671,Second lumbar vertebra,bone,name,1875,3214,internal_meshes/bone/FJ3159_BP23671_FMA13073_Second lumbar vertebra.obj,4.3
FMA9187,FJ3160,BP23621,Second thoracic vertebra,bone,name,1161,1938,internal_meshes/bone/FJ3160_BP23621_FMA9187_Second thoracic vertebra.obj,4.3
FMA12521,FJ3161,BP23693,Third cervical vertebra,bone,name,1323,2030,internal_meshes/bone/FJ3161_BP23693_FMA12521_Third cervical vertebra.obj,4.3
FMA13074,FJ3162,BP23454,Third lumbar vertebra,bone,name,1849,3272,internal_meshes/bone/FJ3162_BP23454_FMA13074_Third lumbar vertebra.obj,4.3
FMA9209,FJ3163,BP23513,Third thoracic vertebra,bone,name,1175,2038,internal_meshes/bone/FJ3163_BP23513_FMA9209_Third thoracic vertebra.obj,4.3
FMA12522,FJ3164,BP23757,Fourth cervical vertebra,bone,name,1469,2410,internal_meshes/bone/FJ3164_BP23757_FMA12522_Fourth cervical vertebra.obj,4.3
FMA13075,FJ3165,BP23680,Fourth lumbar vertebra,bone,name,1968,3512,internal_meshes/bone/FJ3165_BP23680_FMA13075_Fourth lumbar vertebra.obj,4.3
FMA9248,FJ3166,BP23564,Fourth thoracic vertebra,bone,name,1210,2066,internal_meshes/bone/FJ3166_BP23564_FMA9248_Fourth thoracic vertebra.obj,4.3
FMA12523,FJ3167,BP23524,Fifth cervical vertebra,bone,name,1539,2196,internal_meshes/bone/FJ3167_BP23524_FMA12523_Fifth cervical vertebra.obj,4.3
FMA13076,FJ3168,BP23617,Fifth lumbar vertebra,bone,name,2115,3892,internal_meshes/bone/FJ3168_BP23617_FMA13076_Fifth lumbar vertebra.obj,4.3
FMA9922,FJ3169,BP23466,Fifth thoracic vertebra,bone,name,1321,2280,internal_meshes/bone/FJ3169_BP23466_FMA9922_Fifth thoracic vertebra.obj,4.3
FMA12524,FJ3170,BP24077,Sixth cervical vertebra,bone,name,1498,2374,internal_meshes/bone/FJ3170_BP24077_FMA12524_Sixth cervical vertebra.obj,4.3
FMA9945,FJ3171,BP24088,Sixth thoracic vertebra,bone,name,1353,2248,internal_meshes/bone/FJ3171_BP24088_FMA9945_Sixth thoracic vertebra.obj,4.3
FMA12525,FJ3172,BP23626,Seventh cervical vertebra,bone,name,1324,1820,internal_meshes/bone/FJ3172_BP23626_FMA12525_Seventh cervical vertebra.obj,4.3
FMA9968,FJ3173,BP23615,Seventh thoracic vertebra,bone,name,1478,2574,internal_meshes/bone/FJ3173_BP23615_FMA9968_Seventh thoracic vertebra.obj,4.3
FMA9991,FJ3174,BP23727,Eighth thoracic vertebra,bone,name,1392,2424,internal_meshes/bone/FJ3174_BP23727_FMA9991_Eighth thoracic vertebra.obj,4.3
FMA10014,FJ3175,BP23429,Ninth thoracic vertebra,bone,name,1443,2586,internal_meshes/bone/FJ3175_BP23429_FMA10014_Ninth thoracic vertebra.obj,4.3
FMA12519,FJ3176,BP23663,Atlas,bone,name,1433,2094,internal_meshes/bone/FJ3176_BP23663_FMA12519_Atlas.obj,4.3
FMA12520,FJ3177,BP23565,Axis,bone,name,1540,2288,internal_meshes/bone/FJ3177_BP23565_FMA12520_Axis.obj,4.3
FMA7487,FJ3178,BP22232,Body of sternum,bone,name,3691,4646,internal_meshes/bone/FJ3178_BP22232_FMA7487_Body of sternum.obj,4.3
FMA32653,FJ3179,BP21928,Distal phalanx of left second toe,bone,name,169,240,internal_meshes/bone/FJ3179_BP21928_FMA32653_Distal phalanx of left second toe.obj,4.3
FMA32655,FJ3180,BP21935,Distal phalanx of left third toe,bone,name,188,336,internal_meshes/bone/FJ3180_BP21935_FMA32655_Distal phalanx of left third toe.obj,4.3
FMA32657,FJ3181,BP21950,Distal phalanx of left fourth toe,bone,name,146,226,internal_meshes/bone/FJ3181_BP21950_FMA32657_Distal phalanx of left fourth toe.obj,4.3
FMA32651,FJ3182,BP23971,Distal phalanx of left big toe,bone,name,256,378,internal_meshes/bone/FJ3182_BP23971_FMA32651_Distal phalanx of left big toe.obj,4.3
FMA23953,FJ3183,BP23969,Distal phalanx of left index finger,bone,name,204,328,internal_meshes/bone/FJ3183_BP23969_FMA23953_Distal phalanx of left index finger.obj,4.3
FMA23959,FJ3184,BP21916,Distal phalanx of left little finger,bone,name,154,198,internal_meshes/bone/FJ3184_BP21916_FMA23959_Distal phalanx of left little finger.obj,4.3
FMA32659,FJ3185,BP21949,Distal phalanx of left little toe,bone,name,160,220,internal_meshes/bone/FJ3185_BP21949_FMA32659_Distal phalanx of left little toe.obj,4.3
FMA23955,FJ3186,BP23915,Distal phalanx of left middle finger,bone,name,173,266,internal_meshes/bone/FJ3186_BP23915_FMA23955_Distal phalanx of left middle finger.obj,4.3
FMA23957,FJ3187,BP21666,Distal phalanx of left ring finger,bone,name,140,196,internal_meshes/bone/FJ3187_BP21666_FMA23957_Distal phalanx of left ring finger.obj,4.3
FMA23951,FJ3188,BP21923,Distal phalanx of left thumb,bone,name,189,270,internal_meshes/bone/FJ3188_BP21923_FMA23951_Distal phalanx of left thumb.obj,4.3
FMA32652,FJ3189,BP21864,Distal phalanx of right second toe,bone,name,170,200,internal_meshes/bone/FJ3189_BP21864_FMA32652_Distal phalanx of right second toe.obj,4.3
FMA32654,FJ3190,BP23850,Distal phalanx of right third toe,bone,name,162,260,internal_meshes/bone/FJ3190_BP23850_FMA32654_Distal phalanx of right third toe.obj,4.3
FMA32656,FJ3191,BP21925,Distal phalanx of right fourth toe,bone,name,144,244,internal_meshes/bone/FJ3191_BP21925_FMA32656_Distal phalanx of right fourth toe.obj,4.3
FMA32650,FJ3192,BP21927,Distal phalanx of right big toe,bone,name,289,440,internal_meshes/bone/FJ3192_BP21927_FMA32650_Distal phalanx of right big toe.obj,4.3
FMA24460,FJ3193,BP21690,Distal phalanx of right index finger,bone,name,188,210,internal_meshes/bone/FJ3193_BP21690_FMA24460_Distal phalanx of right index finger.obj,4.3
FMA24463,FJ3194,BP21896,Distal phalanx of right little finger,bone,name,140,188,internal_meshes/bone/FJ3194_BP21896_FMA24463_Distal phalanx of right little finger.obj,4.3
FMA32658,FJ3195,BP21926,Distal phalanx of right little toe,bone,name,178,210,internal_meshes/bone/FJ3195_BP21926_FMA32658_Distal phalanx of right little toe.obj,4.3
FMA24461,FJ3196,BP21955,Distal phalanx of right middle finger,bone,name,143,174,internal_meshes/bone/FJ3196_BP21955_FMA24461_Distal phalanx of right middle finger.obj,4.3
FMA24462,FJ3197,BP22672,Distal phalanx of right ring finger,bone,name,114,112,internal_meshes/bone/FJ3197_BP22672_FMA24462_Distal phalanx of right ring finger.obj,4.3
FMA24459,FJ3198,BP23933,Distal phalanx of right thumb,bone,name,187,240,internal_meshes/bone/FJ3198_BP23933_FMA24459_Distal phalanx of right thumb.obj,4.3
FMA52734,FJ3200,BP22997,Frontal bone,bone,name,8472,14510,internal_meshes/bone/FJ3200_BP22997_FMA52734_Frontal bone.obj,4.3
FMA52749,FJ3201,BP22977,Hyoid bone,bone,name,687,1196,internal_meshes/bone/FJ3201_BP22977_FMA52749_Hyoid bone.obj,4.3
FMA25058,FJ3202,BP23556,Intervertebral disk of axis,cartilage,name,1941,3712,internal_meshes/cartilage/FJ3202_BP23556_FMA25058_Intervertebral disk of axis.obj,4.3
FMA13501,FJ3203,BP23395,Intervertebral disk of fourth thoracic vertebra,bone,name,1164,1560,internal_meshes/bone/FJ3203_BP23395_FMA13501_Intervertebral disk of fourth thoracic vertebra.obj,4.3
FMA13502,FJ3204,BP23548,Intervertebral disk of fifth thoracic vertebra,bone,name,1470,1836,internal_meshes/bone/FJ3204_BP23548_FMA13502_Intervertebral disk of fifth thoracic vertebra.obj,4.3
FMA13503,FJ3205,BP23378,Intervertebral disk of sixth thoracic vertebra,bone,name,2106,2564,internal_meshes/bone/FJ3205_BP23378_FMA13503_Intervertebral disk of sixth thoracic vertebra.obj,4.3
FMA13504,FJ3206,BP23588,Intervertebral disk of seventh thoracic vertebra,bone,name,2105,2630,internal_meshes/bone/FJ3206_BP23588_FMA13504_Intervertebral disk of seventh thoracic vertebra.obj,4.3
FMA13505,FJ3207,BP23381,Intervertebral disk of eighth thoracic vertebra,bone,name,2919,2894,internal_meshes/bone/FJ3207_BP23381_FMA13505_Intervertebral disk of eighth thoracic vertebra.obj,4.3
FMA13506,FJ3208,BP23570,Intervertebral disk of ninth thoracic vertebra,bone,name,2876,2940,internal_meshes/bone/FJ3208_BP23570_FMA13506_Intervertebral disk of ninth thoracic vertebra.obj,4.3
FMA13507,FJ3209,BP23730,Intervertebral disk of tenth thoracic vertebra,bone,name,2963,3102,internal_meshes/bone/FJ3209_BP23730_FMA13507_Intervertebral disk of tenth thoracic vertebra.obj,4.3
FMA13508,FJ3210,BP23504,Intervertebral disk of eleventh thoracic vertebra,bone,name,3353,3336,internal_meshes/bone/FJ3210_BP23504_FMA13508_Intervertebral disk of eleventh thoracic vertebra.obj,4.3
FMA13509,FJ3211,BP19656,Intervertebral disk of twelfth thoracic vertebra,bone,name,4131,3476,internal_meshes/bone/FJ3211_BP19656_FMA13509_Intervertebral disk of twelfth thoracic vertebra.obj,4.3
FMA16033,FJ3212,BP23645,Intervertebral disk of first lumbar vertebra,bone,name,3874,3498,internal_meshes/bone/FJ3212_BP23645_FMA16033_Intervertebral disk of first lumbar vertebra.obj,4.3
FMA13896,FJ3213,BP23714,Intervertebral disk of third cervical vertebra,bone,name,608,770,internal_meshes/bone/FJ3213_BP23714_FMA13896_Intervertebral disk of third cervical vertebra.obj,4.3
FMA16034,FJ3214,BP23406,Intervertebral disk of second lumbar vertebra,bone,name,3518,3406,internal_meshes/bone/FJ3214_BP23406_FMA16034_Intervertebral disk of second lumbar vertebra.obj,4.3
FMA16035,FJ3215,BP23492,Intervertebral disk of third lumbar vertebra,bone,name,4151,3454,internal_meshes/bone/FJ3215_BP23492_FMA16035_Intervertebral disk of third lumbar vertebra.obj,4.3
FMA16036,FJ3216,BP24073,Intervertebral disk of fourth lumbar vertebra,bone,name,3650,3512,internal_meshes/bone/FJ3216_BP24073_FMA16036_Intervertebral disk of fourth lumbar vertebra.obj,4.3
FMA16037,FJ3217,BP23709,Intervertebral disk of fifth lumbar vertebra,bone,name,2582,3498,internal_meshes/bone/FJ3217_BP23709_FMA16037_Intervertebral disk of fifth lumbar vertebra.obj,4.3
FMA13897,FJ3218,BP23423,Intervertebral disk of fourth cervical vertebra,bone,name,676,926,internal_meshes/bone/FJ3218_BP23423_FMA13897_Intervertebral disk of fourth cervical vertebra.obj,4.3
FMA13898,FJ3219,BP23710,Intervertebral disk of fifth cervical vertebra,bone,name,685,956,internal_meshes/bone/FJ3219_BP23710_FMA13898_Intervertebral disk of fifth cervical vertebra.obj,4.3
FMA13899,FJ3220,BP23991,Intervertebral disk of sixth cervical vertebra,bone,name,888,892,internal_meshes/bone/FJ3220_BP23991_FMA13899_Intervertebral disk of sixth cervical vertebra.obj,4.3
FMA13900,FJ3221,BP23990,Intervertebral disk of seventh cervical vertebra,bone,name,949,1092,internal_meshes/bone/FJ3221_BP23990_FMA13900_Intervertebral disk of seventh cervical vertebra.obj,4.3
FMA10458,FJ3222,BP23623,Intervertebral disk of first thoracic vertebra,bone,name,1049,1232,internal_meshes/bone/FJ3222_BP23623_FMA10458_Intervertebral disk of first thoracic vertebra.obj,4.3
FMA13495,FJ3223,BP23787,Intervertebral disk of second thoracic vertebra,bone,name,1237,1374,internal_meshes/bone/FJ3223_BP23787_FMA13495_Intervertebral disk of second thoracic vertebra.obj,4.3
FMA13500,FJ3224,BP23785,Intervertebral disk of third thoracic vertebra,bone,name,1495,1474,internal_meshes/bone/FJ3224_BP23785_FMA13500_Intervertebral disk of third thoracic vertebra.obj,4.3
FMA8472,FJ3225,BP23877,Left tenth rib,bone,name,3419,6826,internal_meshes/bone/FJ3225_BP23877_FMA8472_Left tenth rib.obj,4.3
FMA8532,FJ3226,BP22277,Left eleventh rib,bone,name,2435,4866,internal_meshes/bone/FJ3226_BP22277_FMA8532_Left eleventh rib.obj,4.3
FMA8534,FJ3227,BP22319,Left twelfth rib,bone,name,1411,2818,internal_meshes/bone/FJ3227_BP22319_FMA8534_Left twelfth rib.obj,4.3
FMA7987,FJ3228,BP22221,Left first rib,bone,name,1641,3276,internal_meshes/bone/FJ3228_BP22221_FMA7987_Left first rib.obj,4.3
FMA8012,FJ3229,BP22527,Left second rib,bone,name,2862,5594,internal_meshes/bone/FJ3229_BP22527_FMA8012_Left second rib.obj,4.3
FMA8039,FJ3230,BP22294,Left third rib,bone,name,3637,7254,internal_meshes/bone/FJ3230_BP22294_FMA8039_Left third rib.obj,4.3
FMA8148,FJ3231,BP22488,Left fourth rib,bone,name,4445,8850,internal_meshes/bone/FJ3231_BP22488_FMA8148_Left fourth rib.obj,4.3
FMA8093,FJ3232,BP22285,Left fifth rib,bone,name,4912,9710,internal_meshes/bone/FJ3232_BP22285_FMA8093_Left fifth rib.obj,4.3
FMA8202,FJ3233,BP22298,Left sixth rib,bone,name,5172,10264,internal_meshes/bone/FJ3233_BP22298_FMA8202_Left sixth rib.obj,4.3
FMA8256,FJ3234,BP22332,Left seventh rib,bone,name,5054,10032,internal_meshes/bone/FJ3234_BP22332_FMA8256_Left seventh rib.obj,4.3
FMA8310,FJ3235,BP23684,Left eighth rib,bone,name,4211,8336,internal_meshes/bone/FJ3235_BP23684_FMA8310_Left eighth rib.obj,4.3
FMA8391,FJ3236,BP22343,Left ninth rib,bone,name,3805,7576,internal_meshes/bone/FJ3236_BP22343_FMA8391_Left ninth rib.obj,4.3
FMA13323,FJ3237,BP23283,Left clavicle,bone,name,602,1176,internal_meshes/bone/FJ3237_BP23283_FMA13323_Left clavicle.obj,4.3
FMA8005,FJ3239,BP21373,Left first costal cartilage,cartilage,name,418,642,internal_meshes/cartilage/FJ3239_BP21373_FMA8005_Left first costal cartilage.obj,4.3
FMA24465,FJ3240,BP23735,Left first metacarpal bone,bone,name,304,578,internal_meshes/bone/FJ3240_BP23735_FMA24465_Left first metacarpal bone.obj,4.3
FMA24508,FJ3241,BP23618,Left first metatarsal bone,bone,name,614,1172,internal_meshes/bone/FJ3241_BP23618_FMA24508_Left first metatarsal bone.obj,4.3
FMA8031,FJ3242,BP22752,Left second costal cartilage,cartilage,name,330,588,internal_meshes/cartilage/FJ3242_BP22752_FMA8031_Left second costal cartilage.obj,4.3
FMA24467,FJ3243,BP23703,Left second metacarpal bone,bone,name,420,774,internal_meshes/bone/FJ3243_BP23703_FMA24467_Left second metacarpal bone.obj,4.3
FMA24510,FJ3244,BP23753,Left second metatarsal bone,bone,name,487,774,internal_meshes/bone/FJ3244_BP23753_FMA24510_Left second metatarsal bone.obj,4.3
FMA8058,FJ3245,BP22750,Left third costal cartilage,cartilage,name,328,604,internal_meshes/cartilage/FJ3245_BP22750_FMA8058_Left third costal cartilage.obj,4.3
FMA24469,FJ3246,BP23394,Left third metacarpal bone,bone,name,392,708,internal_meshes/bone/FJ3246_BP23394_FMA24469_Left third metacarpal bone.obj,4.3
FMA24512,FJ3247,BP23506,Left third metatarsal bone,bone,name,429,742,internal_meshes/bone/FJ3247_BP23506_FMA24512_Left third metatarsal bone.obj,4.3
FMA8167,FJ3248,BP22751,Left fourth costal cartilage,cartilage,name,371,658,internal_meshes/cartilage/FJ3248_BP22751_FMA8167_Left fourth costal cartilage.obj,4.3
FMA24471,FJ3249,BP23976,Left fourth metacarpal bone,bone,name,316,528,internal_meshes/bone/FJ3249_BP23976_FMA24471_Left fourth metacarpal bone.obj,4.3
FMA24514,FJ3250,BP23526,Left fourth metatarsal bone,bone,name,437,772,internal_meshes/bone/FJ3250_BP23526_FMA24514_Left fourth metatarsal bone.obj,4.3
FMA8112,FJ3251,BP21380,Left fifth costal cartilage,cartilage,name,594,1086,internal_meshes/cartilage/FJ3251_BP21380_FMA8112_Left fifth costal cartilage.obj,4.3
FMA24473,FJ3252,BP23700,Left fifth metacarpal bone,bone,name,282,500,internal_meshes/bone/FJ3252_BP23700_FMA24473_Left fifth metacarpal bone.obj,4.3
FMA24516,FJ3253,BP23673,Left fifth metatarsal bone,bone,name,447,864,internal_meshes/bone/FJ3253_BP23673_FMA24516_Left fifth metatarsal bone.obj,4.3
FMA8221,FJ3254,BP21377,Left sixth costal cartilage,cartilage,name,815,1498,internal_meshes/cartilage/FJ3254_BP21377_FMA8221_Left sixth costal cartilage.obj,4.3
FMA8275,FJ3255,BP22753,Left seventh costal cartilage,cartilage,name,1367,2314,internal_meshes/cartilage/FJ3255_BP22753_FMA8275_Left seventh costal cartilage.obj,4.3
FMA24498,FJ3256,BP23796,Left calcaneus,bone,name,719,1288,internal_meshes/bone/FJ3256_BP23796_FMA24498_Left calcaneus.obj,4.3
FMA24447,FJ3257,BP21759,Left capitate,bone,name,237,402,internal_meshes/bone/FJ3257_BP21759_FMA24447_Left capitate.obj,4.3
FMA24529,FJ3258,BP23392,Left cuboid bone,bone,name,494,886,internal_meshes/bone/FJ3258_BP23392_FMA24529_Left cuboid bone.obj,4.3
FMA24475,FJ3259,BP23820,Left femur,bone,name,1623,3204,internal_meshes/bone/FJ3259_BP23820_FMA24475_Left femur.obj,4.3
FMA24481,FJ3260,BP24067,Left fibula,bone,name,577,1124,internal_meshes/bone/FJ3260_BP24067_FMA24481_Left fibula.obj,4.3
FMA24449,FJ3261,BP23940,Left hamate,bone,name,280,452,internal_meshes/bone/FJ3261_BP23940_FMA24449_Left hamate.obj,4.3
FMA23131,FJ3262,BP24066,Left humerus,bone,name,2073,3844,internal_meshes/bone/FJ3262_BP24066_FMA23131_Left humerus.obj,4.3
FMA54738,FJ3263,BP22607,Left inferior nasal concha,bone,name,482,738,internal_meshes/bone/FJ3263_BP22607_FMA54738_Left inferior nasal concha.obj,4.3
FMA24524,FJ3264,BP20273,Left intermediate cuneiform bone,bone,name,305,466,internal_meshes/bone/FJ3264_BP20273_FMA24524_Left intermediate cuneiform bone.obj,4.3
FMA53646,FJ3265,BP23042,Left lacrimal bone,bone,name,366,640,internal_meshes/bone/FJ3265_BP23042_FMA53646_Left lacrimal bone.obj,4.3
FMA45098,FJ3266,BP23738,Sesamoid bone of left foot,bone,name,78,100,internal_meshes/bone/FJ3266_BP23738_FMA45098_Sesamoid bone of left foot.obj,4.3
FMA24526,FJ3267,BP23844,Left lateral cuneiform bone,bone,name,405,680,internal_meshes/bone/FJ3267_BP23844_FMA24526_Left lateral cuneiform bone.obj,4.3
FMA24438,FJ3268,BP21780,Left lunate,bone,name,187,314,internal_meshes/bone/FJ3268_BP21780_FMA24438_Left lunate.obj,4.3
FMA53650,FJ3269,BP23755,Left maxilla,bone,name,3577,5198,internal_meshes/bone/FJ3269_BP23755_FMA53650_Left maxilla.obj,4.3
FMA45098,FJ3270,BP23738,Sesamoid bone of left foot,bone,name,96,144,internal_meshes/bone/FJ3270_BP23738_FMA45098_Sesamoid bone of left foot.obj,4.3
FMA24522,FJ3271,BP21821,Left medial cuneiform bone,bone,name,582,996,internal_meshes/bone/FJ3271_BP21821_FMA24522_Left medial cuneiform bone.obj,4.3
FMA53656,FJ3273,BP23315,Left palatine bone,bone,name,1164,1938,internal_meshes/bone/FJ3273_BP23315_FMA53656_Left palatine bone.obj,4.3
FMA52789,FJ3274,BP23158,Left parietal bone,bone,name,8367,13210,internal_meshes/bone/FJ3274_BP23158_FMA52789_Left parietal bone.obj,4.3
FMA24487,FJ3275,BP23711,Left patella,bone,name,180,310,internal_meshes/bone/FJ3275_BP23711_FMA24487_Left patella.obj,4.3
FMA24442,FJ3276,BP21678,Left pisiform,bone,name,116,210,internal_meshes/bone/FJ3276_BP21678_FMA24442_Left pisiform.obj,4.3
FMA23465,FJ3277,BP23197,Left radius,bone,name,368,632,internal_meshes/bone/FJ3277_BP23197_FMA23465_Left radius.obj,4.3
FMA24436,FJ3278,BP21685,Left scaphoid,bone,name,176,312,internal_meshes/bone/FJ3278_BP21685_FMA24436_Left scaphoid.obj,4.3
FMA13396,FJ3279,BP23279,Left scapula,bone,name,14068,28106,internal_meshes/bone/FJ3279_BP23279_FMA13396_Left scapula.obj,4.3
FMA24483,FJ3280,BP23443,Left talus,bone,name,776,1356,internal_meshes/bone/FJ3280_BP23443_FMA24483_Left talus.obj,4.3
FMA52739,FJ3281,BP23760,Left temporal bone,bone,name,3013,4936,internal_meshes/bone/FJ3281_BP23760_FMA52739_Left temporal bone.obj,4.3
FMA24478,FJ3282,BP23963,Left tibia,bone,name,880,1692,internal_meshes/bone/FJ3282_BP23963_FMA24478_Left tibia.obj,4.3
FMA24444,FJ3283,BP21682,Left trapezium,bone,name,226,356,internal_meshes/bone/FJ3283_BP21682_FMA24444_Left trapezium.obj,4.3
FMA24445,FJ3284,BP21753,Left trapezoid,bone,name,279,398,internal_meshes/bone/FJ3284_BP21753_FMA24445_Left trapezoid.obj,4.3
FMA24440,FJ3285,BP23878,Left triquetral,bone,name,180,304,internal_meshes/bone/FJ3285_BP23878_FMA24440_Left triquetral.obj,4.3
FMA23468,FJ3286,BP23154,Left ulna,bone,name,496,824,internal_meshes/bone/FJ3286_BP23154_FMA23468_Left ulna.obj,4.3
FMA52893,FJ3287,BP23337,Left zygomatic bone,bone,name,929,1434,internal_meshes/bone/FJ3287_BP23337_FMA52893_Left zygomatic bone.obj,4.3
FMA16587,FJ3288,BP23152,Left hip bone,bone,name,1257,2332,internal_meshes/bone/FJ3288_BP23152_FMA16587_Left hip bone.obj,4.3
FMA52748,FJ3289,BP22817,Mandible,bone,name,2845,5576,internal_meshes/bone/FJ3289_BP22817_FMA52748_Mandible.obj,4.3
FMA7486,FJ3290,BP22794,Manubrium,bone,manual,1446,2546,internal_meshes/bone/FJ3290_BP22794_FMA7486_Manubrium.obj,4.3
FMA23942,FJ3291,BP23924,Middle phalanx of left ring finger,bone,name,216,340,internal_meshes/bone/FJ3291_BP23924_FMA23942_Middle phalanx of left ring finger.obj,4.3
FMA24457,FJ3292,BP20655,Middle phalanx of right ring finger,bone,name,219,316,internal_meshes/bone/FJ3292_BP20655_FMA24457_Middle phalanx of right ring finger.obj,4.3
FMA32643,FJ3293,BP21870,Middle phalanx of left second toe,bone,name,197,324,internal_meshes/bone/FJ3293_BP21870_FMA32643_Middle phalanx of left second toe.obj,4.3
FMA32645,FJ3294,BP21664,Middle phalanx of left third toe,bone,name,185,294,internal_meshes/bone/FJ3294_BP21664_FMA32645_Middle phalanx of left third toe.obj,4.3
FMA32647,FJ3295,BP21930,Middle phalanx of left fourth toe,bone,name,183,284,internal_meshes/bone/FJ3295_BP21930_FMA32647_Middle phalanx of left fourth toe.obj,4.3
FMA23938,FJ3296,BP23918,Middle phalanx of left index finger,bone,name,188,306,internal_meshes/bone/FJ3296_BP23918_FMA23938_Middle phalanx of left index finger.obj,4.3
FMA23944,FJ3297,BP21913,Middle phalanx of left little finger,bone,name,192,254,internal_meshes/bone/FJ3297_BP21913_FMA23944_Middle phalanx of left little finger.obj,4.3
FMA230988,FJ3298,BP21689,Middle phalanx of left little toe,bone,name,143,226,internal_meshes/bone/FJ3298_BP21689_FMA230988_Middle phalanx of left little toe.obj,4.3
FMA23940,FJ3299,BP22657,Middle phalanx of left middle finger,bone,name,229,384,internal_meshes/bone/FJ3299_BP22657_FMA23940_Middle phalanx of left middle finger.obj,4.3
FMA32642,FJ3300,BP21966,Middle phalanx of right second toe,bone,name,192,264,internal_meshes/bone/FJ3300_BP21966_FMA32642_Middle phalanx of right second toe.obj,4.3
FMA32644,FJ3301,BP21691,Middle phalanx of right third toe,bone,name,190,292,internal_meshes/bone/FJ3301_BP21691_FMA32644_Middle phalanx of right third toe.obj,4.3
FMA32646,FJ3302,BP21929,Middle phalanx of right fourth toe,bone,name,220,350,internal_meshes/bone/FJ3302_BP21929_FMA32646_Middle phalanx of right fourth toe.obj,4.3
FMA24455,FJ3303,BP20064,Middle phalanx of right index finger,bone,name,190,264,internal_meshes/bone/FJ3303_BP20064_FMA24455_Middle phalanx of right index finger.obj,4.3
FMA24458,FJ3304,BP21922,Middle phalanx of right little finger,bone,name,169,208,internal_meshes/bone/FJ3304_BP21922_FMA24458_Middle phalanx of right little finger.obj,4.3
FMA230986,FJ3305,BP21890,Middle phalanx of right little toe,bone,name,102,136,internal_meshes/bone/FJ3305_BP21890_FMA230986_Middle phalanx of right little toe.obj,4.3
FMA24456,FJ3306,BP21846,Middle phalanx of right middle finger,bone,name,227,342,internal_meshes/bone/FJ3306_BP21846_FMA24456_Middle phalanx of right middle finger.obj,4.3
FMA24501,FJ3307,BP23683,Navicular bone of left foot,bone,name,459,744,internal_meshes/bone/FJ3307_BP23683_FMA24501_Navicular bone of left foot.obj,4.3
FMA24500,FJ3308,BP24109,Navicular bone of right foot,bone,name,455,716,internal_meshes/bone/FJ3308_BP24109_FMA24500_Navicular bone of right foot.obj,4.3
FMA52735,FJ3309,BP23972,Occipital bone,bone,name,6995,12450,internal_meshes/bone/FJ3309_BP23972_FMA52735_Occipital bone.obj,4.3
FMA43253,FJ3310,BP21948,Proximal phalanx of right big toe,bone,name,281,486,internal_meshes/bone/FJ3310_BP21948_FMA43253_Proximal phalanx of right big toe.obj,4.3
FMA32637,FJ3311,BP21898,Proximal phalanx of left third toe,bone,name,248,408,internal_meshes/bone/FJ3311_BP21898_FMA32637_Proximal phalanx of left third toe.obj,4.3
FMA32639,FJ3312,BP23880,Proximal phalanx of left fourth toe,bone,name,255,438,internal_meshes/bone/FJ3312_BP23880_FMA32639_Proximal phalanx of left fourth toe.obj,4.3
FMA71915,FJ3313,BP21883,Proximal phalanx of left index finger,bone,name,222,392,internal_meshes/bone/FJ3313_BP21883_FMA71915_Proximal phalanx of left index finger.obj,4.3
FMA66791,FJ3314,BP23837,Proximal phalanx of left little finger,bone,name,164,274,internal_meshes/bone/FJ3314_BP23837_FMA66791_Proximal phalanx of left little finger.obj,4.3
FMA32641,FJ3315,BP21965,Proximal phalanx of left little toe,bone,name,231,396,internal_meshes/bone/FJ3315_BP21965_FMA32641_Proximal phalanx of left little toe.obj,4.3
FMA71908,FJ3316,BP21937,Proximal phalanx of left middle finger,bone,name,264,460,internal_meshes/bone/FJ3316_BP21937_FMA71908_Proximal phalanx of left middle finger.obj,4.3
FMA71916,FJ3317,BP21939,Proximal phalanx of left ring finger,bone,name,205,376,internal_meshes/bone/FJ3317_BP21939_FMA71916_Proximal phalanx of left ring finger.obj,4.3
FMA65470,FJ3318,BP21907,Proximal phalanx of left thumb,bone,name,202,346,internal_meshes/bone/FJ3318_BP21907_FMA65470_Proximal phalanx of left thumb.obj,4.3
FMA32634,FJ3319,BP21897,Proximal phalanx of right second toe,bone,name,236,414,internal_meshes/bone/FJ3319_BP21897_FMA32634_Proximal phalanx of right second toe.obj,4.3
FMA32636,FJ3320,BP21918,Proximal phalanx of right third toe,bone,name,276,422,internal_meshes/bone/FJ3320_BP21918_FMA32636_Proximal phalanx of right third toe.obj,4.3
FMA32638,FJ3321,BP21914,Proximal phalanx of right fourth toe,bone,name,254,438,internal_meshes/bone/FJ3321_BP21914_FMA32638_Proximal phalanx of right fourth toe.obj,4.3
FMA24451,FJ3322,BP21887,Proximal phalanx of right index finger,bone,name,226,386,internal_meshes/bone/FJ3322_BP21887_FMA24451_Proximal phalanx of right index finger.obj,4.3
FMA24454,FJ3323,BP21904,Proximal phalanx of right little finger,bone,name,187,314,internal_meshes/bone/FJ3323_BP21904_FMA24454_Proximal phalanx of right little finger.obj,4.3
FMA32640,FJ3324,BP21863,Proximal phalanx of right little toe,bone,name,238,406,internal_meshes/bone/FJ3324_BP21863_FMA32640_Proximal phalanx of right little toe.obj,4.3
FMA24452,FJ3325,BP21934,Proximal phalanx of right middle finger,bone,name,271,458,internal_meshes/bone/FJ3325_BP21934_FMA24452_Proximal phalanx of right middle finger.obj,4.3
FMA24453,FJ3326,BP21866,Proximal phalanx of right ring finger,bone,name,209,376,internal_meshes/bone/FJ3326_BP21866_FMA24453_Proximal phalanx of right ring finger.obj,4.3
FMA24450,FJ3327,BP23922,Proximal phalanx of right thumb,bone,name,197,318,internal_meshes/bone/FJ3327_BP23922_FMA24450_Proximal phalanx of right thumb.obj,4.3
FMA32635,FJ3328,BP21940,Proximal phalanx of left second toe,bone,name,233,380,internal_meshes/bone/FJ3328_BP21940_FMA32635_Proximal phalanx of left second toe.obj,4.3
FMA43254,FJ3329,BP23919,Proximal phalanx of left big toe,bone,name,318,516,internal_meshes/bone/FJ3329_BP23919_FMA43254_Proximal phalanx of left big toe.obj,4.3
FMA8445,FJ3330,BP22326,Right tenth rib,bone,name,3415,6820,internal_meshes/bone/FJ3330_BP22326_FMA8445_Right tenth rib.obj,4.3
FMA8531,FJ3331,BP22303,Right eleventh rib,bone,name,2437,4866,internal_meshes/bone/FJ3331_BP22303_FMA8531_Right eleventh rib.obj,4.3
FMA8533,FJ3332,BP22528,Right twelfth rib,bone,name,1412,2818,internal_meshes/bone/FJ3332_BP22528_FMA8533_Right twelfth rib.obj,4.3
FMA7875,FJ3333,BP21366,Right first costal cartilage,cartilage,name,436,676,internal_meshes/cartilage/FJ3333_BP21366_FMA7875_Right first costal cartilage.obj,4.3
FMA7857,FJ3334,BP22293,Right first rib,bone,name,1642,3276,internal_meshes/bone/FJ3334_BP22293_FMA7857_Right first rib.obj,4.3
FMA7886,FJ3335,BP21383,Right second costal cartilage,cartilage,name,383,658,internal_meshes/cartilage/FJ3335_BP21383_FMA7886_Right second costal cartilage.obj,4.3
FMA7882,FJ3336,BP22251,Right second rib,bone,name,2861,5594,internal_meshes/bone/FJ3336_BP22251_FMA7882_Right second rib.obj,4.3
FMA7913,FJ3337,BP21360,Right third costal cartilage,cartilage,name,386,652,internal_meshes/cartilage/FJ3337_BP21360_FMA7913_Right third costal cartilage.obj,4.3
FMA7909,FJ3338,BP22334,Right third rib,bone,name,3634,7254,internal_meshes/bone/FJ3338_BP22334_FMA7909_Right third rib.obj,4.3
FMA7976,FJ3339,BP21410,Right fourth costal cartilage,cartilage,name,391,694,internal_meshes/cartilage/FJ3339_BP21410_FMA7976_Right fourth costal cartilage.obj,4.3
FMA7957,FJ3340,BP22336,Right fourth rib,bone,name,4435,8832,internal_meshes/bone/FJ3340_BP22336_FMA7957_Right fourth rib.obj,4.3
FMA8070,FJ3341,BP21376,Right fifth costal cartilage,cartilage,name,652,1168,internal_meshes/cartilage/FJ3341_BP21376_FMA8070_Right fifth costal cartilage.obj,4.3
FMA8066,FJ3342,BP22307,Right fifth rib,bone,name,4910,9710,internal_meshes/bone/FJ3342_BP22307_FMA8066_Right fifth rib.obj,4.3
FMA8194,FJ3343,BP22071,Right sixth costal cartilage,cartilage,name,971,1546,internal_meshes/cartilage/FJ3343_BP22071_FMA8194_Right sixth costal cartilage.obj,4.3
FMA8175,FJ3344,BP22272,Right sixth rib,bone,name,5168,10246,internal_meshes/bone/FJ3344_BP22272_FMA8175_Right sixth rib.obj,4.3
FMA8248,FJ3345,BP21381,Right seventh costal cartilage,cartilage,name,1538,2450,internal_meshes/cartilage/FJ3345_BP21381_FMA8248_Right seventh costal cartilage.obj,4.3
FMA8229,FJ3346,BP22330,Right seventh rib,bone,name,5058,10032,internal_meshes/bone/FJ3346_BP22330_FMA8229_Right seventh rib.obj,4.3
FMA8283,FJ3347,BP23993,Right eighth rib,bone,name,4199,8336,internal_meshes/bone/FJ3347_BP23993_FMA8283_Right eighth rib.obj,4.3
FMA8364,FJ3348,BP23888,Right ninth rib,bone,name,3808,7576,internal_meshes/bone/FJ3348_BP23888_FMA8364_Right ninth rib.obj,4.3
FMA23464,FJ3349,BP23239,Right radius,bone,name,388,672,internal_meshes/bone/FJ3349_BP23239_FMA23464_Right radius.obj,4.3
FMA24464,FJ3350,BP23975,Right first metacarpal bone,bone,name,307,566,internal_meshes/bone/FJ3350_BP23975_FMA24464_Right first metacarpal bone.obj,4.3
FMA24507,FJ3351,BP23412,Right first metatarsal bone,bone,name,602,1122,internal_meshes/bone/FJ3351_BP23412_FMA24507_Right first metatarsal bone.obj,4.3
FMA24466,FJ3352,BP23440,Right second metacarpal bone,bone,name,418,748,internal_meshes/bone/FJ3352_BP23440_FMA24466_Right second metacarpal bone.obj,4.3
FMA24509,FJ3353,BP23620,Right second metatarsal bone,bone,name,515,752,internal_meshes/bone/FJ3353_BP23620_FMA24509_Right second metatarsal bone.obj,4.3
FMA24468,FJ3354,BP23643,Right third metacarpal bone,bone,name,404,702,internal_meshes/bone/FJ3354_BP23643_FMA24468_Right third metacarpal bone.obj,4.3
FMA24511,FJ3355,BP23610,Right third metatarsal bone,bone,name,423,700,internal_meshes/bone/FJ3355_BP23610_FMA24511_Right third metatarsal bone.obj,4.3
FMA24470,FJ3356,BP23371,Right fourth metacarpal bone,bone,name,340,536,internal_meshes/bone/FJ3356_BP23371_FMA24470_Right fourth metacarpal bone.obj,4.3
FMA24513,FJ3357,BP23640,Right fourth metatarsal bone,bone,name,397,674,internal_meshes/bone/FJ3357_BP23640_FMA24513_Right fourth metatarsal bone.obj,4.3
FMA24472,FJ3358,BP23729,Right fifth metacarpal bone,bone,name,279,506,internal_meshes/bone/FJ3358_BP23729_FMA24472_Right fifth metacarpal bone.obj,4.3
FMA24515,FJ3359,BP23705,Right fifth metatarsal bone,bone,name,436,794,internal_meshes/bone/FJ3359_BP23705_FMA24515_Right fifth metatarsal bone.obj,4.3
FMA24497,FJ3360,BP23541,Right calcaneus,bone,name,739,1262,internal_meshes/bone/FJ3360_BP23541_FMA24497_Right calcaneus.obj,4.3
FMA24446,FJ3361,BP21773,Right capitate,bone,name,256,428,internal_meshes/bone/FJ3361_BP21773_FMA24446_Right capitate.obj,4.3
FMA13322,FJ3362,BP23174,Right clavicle,bone,name,583,1146,internal_meshes/bone/FJ3362_BP23174_FMA13322_Right clavicle.obj,4.3
FMA24528,FJ3364,BP24103,Right cuboid bone,bone,name,543,932,internal_meshes/bone/FJ3364_BP24103_FMA24528_Right cuboid bone.obj,4.3
FMA24474,FJ3365,BP23346,Right femur,bone,name,1574,3102,internal_meshes/bone/FJ3365_BP23346_FMA24474_Right femur.obj,4.3
FMA24480,FJ3366,BP23268,Right fibula,bone,name,593,1142,internal_meshes/bone/FJ3366_BP23268_FMA24480_Right fibula.obj,4.3
FMA24448,FJ3367,BP23822,Right hamate,bone,name,335,522,internal_meshes/bone/FJ3367_BP23822_FMA24448_Right hamate.obj,4.3
FMA23130,FJ3368,BP23164,Right humerus,bone,name,2233,3784,internal_meshes/bone/FJ3368_BP23164_FMA23130_Right humerus.obj,4.3
FMA54737,FJ3369,BP23235,Right inferior nasal concha,bone,name,572,714,internal_meshes/bone/FJ3369_BP23235_FMA54737_Right inferior nasal concha.obj,4.3
FMA24523,FJ3370,BP20141,Right intermediate cuneiform bone,bone,name,288,450,internal_meshes/bone/FJ3370_BP20141_FMA24523_Right intermediate cuneiform bone.obj,4.3
FMA53645,FJ3371,BP23129,Right lacrimal bone,bone,name,401,702,internal_meshes/bone/FJ3371_BP23129_FMA53645_Right lacrimal bone.obj,4.3
FMA45097,FJ3372,BP23488,Sesamoid bone of right foot,bone,name,73,80,internal_meshes/bone/FJ3372_BP23488_FMA45097_Sesamoid bone of right foot.obj,4.3
FMA24525,FJ3373,BP23823,Right lateral cuneiform bone,bone,name,395,626,internal_meshes/bone/FJ3373_BP23823_FMA24525_Right lateral cuneiform bone.obj,4.3
FMA24437,FJ3374,BP23841,Right lunate,bone,name,196,332,internal_meshes/bone/FJ3374_BP23841_FMA24437_Right lunate.obj,4.3
FMA53649,FJ3375,BP23661,Right maxilla,bone,name,3513,5324,internal_meshes/bone/FJ3375_BP23661_FMA53649_Right maxilla.obj,4.3
FMA45097,FJ3376,BP23488,Sesamoid bone of right foot,bone,name,104,158,internal_meshes/bone/FJ3376_BP23488_FMA45097_Sesamoid bone of right foot.obj,4.3
FMA24521,FJ3377,BP21781,Right medial cuneiform bone,bone,name,615,952,internal_meshes/bone/FJ3377_BP21781_FMA24521_Right medial cuneiform bone.obj,4.3
FMA53655,FJ3379,BP24091,Right palatine bone,bone,name,1132,1736,internal_meshes/bone/FJ3379_BP24091_FMA53655_Right palatine bone.obj,4.3
FMA52788,FJ3380,BP23064,Right parietal bone,bone,name,8028,13002,internal_meshes/bone/FJ3380_BP23064_FMA52788_Right parietal bone.obj,4.3
FMA24486,FJ3381,BP23756,Right patella,bone,name,178,306,internal_meshes/bone/FJ3381_BP23756_FMA24486_Right patella.obj,4.3
FMA24441,FJ3382,BP21756,Right pisiform,bone,name,110,190,internal_meshes/bone/FJ3382_BP21756_FMA24441_Right pisiform.obj,4.3
FMA24435,FJ3383,BP21772,Right scaphoid,bone,name,195,322,internal_meshes/bone/FJ3383_BP21772_FMA24435_Right scaphoid.obj,4.3
FMA13395,FJ3384,BP23090,Right scapula,bone,name,13118,26172,internal_meshes/bone/FJ3384_BP23090_FMA13395_Right scapula.obj,4.3
FMA24482,FJ3385,BP23520,Right talus,bone,name,812,1380,internal_meshes/bone/FJ3385_BP23520_FMA24482_Right talus.obj,4.3
FMA52738,FJ3386,BP23685,Right temporal bone,bone,name,3102,4928,internal_meshes/bone/FJ3386_BP23685_FMA52738_Right temporal bone.obj,4.3
FMA24477,FJ3387,BP23960,Right tibia,bone,name,857,1664,internal_meshes/bone/FJ3387_BP23960_FMA24477_Right tibia.obj,4.3
FMA24443,FJ3388,BP20135,Right trapezium,bone,name,277,434,internal_meshes/bone/FJ3388_BP20135_FMA24443_Right trapezium.obj,4.3
FMA23725,FJ3389,BP23964,Right trapezoid,bone,name,271,360,internal_meshes/bone/FJ3389_BP23964_FMA23725_Right trapezoid.obj,4.3
FMA24439,FJ3390,BP21751,Right triquetral,bone,name,139,170,internal_meshes/bone/FJ3390_BP21751_FMA24439_Right triquetral.obj,4.3
FMA23467,FJ3391,BP23195,Right ulna,bone,name,500,834,internal_meshes/bone/FJ3391_BP23195_FMA23467_Right ulna.obj,4.3
FMA52892,FJ3392,BP23110,Right zygomatic bone,bone,name,934,1556,internal_meshes/bone/FJ3392_BP23110_FMA52892_Right zygomatic bone.obj,4.3
FMA16202,FJ3393,BP22840,Sacrum,bone,name,5293,9922,internal_meshes/bone/FJ3393_BP22840_FMA16202_Sacrum.obj,4.3
FMA52736,FJ3394,BP23082,Sphenoid bone,bone,name,4957,8154,internal_meshes/bone/FJ3394_BP23082_FMA52736_Sphenoid bone.obj,4.3
FMA14643,FJ3396,BP22743,Mesentery of small intestine,organ,manual,56947,38274,internal_meshes/organ/FJ3396_BP22743_FMA14643_Mesentery of small intestine.obj,4.3
FMA16549,FJ3397,BP22741,Mesoappendix,organ,manual,812,1388,internal_meshes/organ/FJ3397_BP22741_FMA16549_Mesoappendix.obj,4.3
FMA14647,FJ3398,BP21448,Transverse mesocolon,organ,manual,1366,1484,internal_meshes/organ/FJ3398_BP21448_FMA14647_Transverse mesocolon.obj,4.3
FMA14828,FJ3399,BP22242,Ascending branch of left colic artery,blood_vessel,name,329,498,internal_meshes/blood_vessel/FJ3399_BP22242_FMA14828_Ascending branch of left colic artery.obj,4.3
FMA15394,FJ3400,BP20949,Left colic vein,blood_vessel,name,343,542,internal_meshes/blood_vessel/FJ3400_BP20949_FMA15394_Left colic vein.obj,4.3
FMA70479,FJ3401,BP20430,Anterior inferior pancreaticoduodenal artery,blood_vessel,name,218,356,internal_meshes/blood_vessel/FJ3401_BP20430_FMA70479_Anterior inferior pancreaticoduodenal artery.obj,4.3
FMA14816,FJ3406,BP22077,Anterior cecal artery,blood_vessel,name,97,120,internal_meshes/blood_vessel/FJ3406_BP22077_FMA14816_Anterior cecal artery.obj,4.3
FMA14782,FJ3409,BP22070,Anterior superior pancreaticoduodenal artery,blood_vessel,name,287,454,internal_meshes/blood_vessel/FJ3409_BP22070_FMA14782_Anterior superior pancreaticoduodenal artery.obj,4.3
FMA14818,FJ3410,BP22112,Appendicular artery,blood_vessel,name,733,868,internal_meshes/blood_vessel/FJ3410_BP22112_FMA14818_Appendicular artery.obj,4.3
FMA3768,FJ3411,BP23913,Arch of aorta,blood_vessel,name,381,670,internal_meshes/blood_vessel/FJ3411_BP23913_FMA3768_Arch of aorta.obj,4.3
FMA3736,FJ3413,BP20272,Ascending aorta,blood_vessel,name,229,396,internal_meshes/blood_vessel/FJ3413_BP20272_FMA3736_Ascending aorta.obj,4.3
FMA75856,FJ3414,BP20758,Trunk of superior branch of ileocolic artery,blood_vessel,name,262,358,internal_meshes/blood_vessel/FJ3414_BP20758_FMA75856_Trunk of superior branch of ileocolic artery.obj,4.3
FMA15408,FJ3415,BP20351,Ileocolic vein,blood_vessel,name,275,444,internal_meshes/blood_vessel/FJ3415_BP20351_FMA15408_Ileocolic vein.obj,4.3
FMA4838,FJ3416,BP22361,Azygos vein,blood_vessel,name,9132,18260,internal_meshes/blood_vessel/FJ3416_BP22361_FMA4838_Azygos vein.obj,4.3
FMA69316,FJ3417,BP23234,Trunk of brachiocephalic artery,blood_vessel,name,160,262,internal_meshes/blood_vessel/FJ3417_BP23234_FMA69316_Trunk of brachiocephalic artery.obj,4.3
FMA14177,FJ3418,BP20410,Bronchial branch of arch of aorta,blood_vessel,name,794,1142,internal_meshes/blood_vessel/FJ3418_BP20410_FMA14177_Bronchial branch of arch of aorta.obj,4.3
FMA14793,FJ3419,BP20977,Caudal pancreatic artery,blood_vessel,name,642,656,internal_meshes/blood_vessel/FJ3419_BP20977_FMA14793_Caudal pancreatic artery.obj,4.3
FMA14773,FJ3420,BP20232,Splenic artery,blood_vessel,name,599,440,internal_meshes/blood_vessel/FJ3420_BP20232_FMA14773_Splenic artery.obj,4.3
FMA14812,FJ3421,BP23568,Celiac trunk,blood_vessel,name,133,238,internal_meshes/blood_vessel/FJ3421_BP23568_FMA14812_Celiac trunk.obj,4.3
FMA21386,FJ3426,BP22069,Left superficial dorsal vein of penis,blood_vessel,name,2453,4878,internal_meshes/blood_vessel/FJ3426_BP22069_FMA21386_Left superficial dorsal vein of penis.obj,4.3
FMA3784,FJ3427,BP23707,Descending aorta,blood_vessel,name,2351,4562,internal_meshes/blood_vessel/FJ3427_BP23707_FMA3784_Descending aorta.obj,4.3
FMA14829,FJ3428,BP22516,Descending branch of left colic artery,blood_vessel,name,297,482,internal_meshes/blood_vessel/FJ3428_BP22516_FMA14829_Descending branch of left colic artery.obj,4.3
FMA15394,FJ3429,BP20949,Left colic vein,blood_vessel,name,317,472,internal_meshes/blood_vessel/FJ3429_BP20949_FMA15394_Left colic vein.obj,4.3
FMA14787,FJ3430,BP20791,Dorsal pancreatic artery,blood_vessel,name,687,1330,internal_meshes/blood_vessel/FJ3430_BP20791_FMA14787_Dorsal pancreatic artery.obj,4.3
FMA71537,FJ3431,BP21484,Set of oesophageal branches of thoracic aorta,blood_vessel,name,925,1338,internal_meshes/blood_vessel/FJ3431_BP21484_FMA71537_Set of oesophageal branches of thoracic aorta.obj,4.3
FMA76574,FJ3432,BP22087,Trunk of gastroduodenal artery,blood_vessel,name,119,204,internal_meshes/blood_vessel/FJ3432_BP22087_FMA76574_Trunk of gastroduodenal artery.obj,4.3
FMA14792,FJ3433,BP20766,Great pancreatic artery,blood_vessel,name,144,270,internal_meshes/blood_vessel/FJ3433_BP20766_FMA14792_Great pancreatic artery.obj,4.3
FMA4944,FJ3434,BP22357,Hemiazygos vein,blood_vessel,name,2135,4266,internal_meshes/blood_vessel/FJ3434_BP22357_FMA4944_Hemiazygos vein.obj,4.3
FMA75857,FJ3437,BP24021,Trunk of inferior branch of ileocolic artery,blood_vessel,name,134,186,internal_meshes/blood_vessel/FJ3437_BP24021_FMA75857_Trunk of inferior branch of ileocolic artery.obj,4.3
FMA15405,FJ3438,BP19815,Ileal vein,blood_vessel,name,140,212,internal_meshes/blood_vessel/FJ3438_BP19815_FMA15405_Ileal vein.obj,4.3
FMA66499,FJ3439,BP22663,Trunk of ileocolic artery,blood_vessel,name,136,244,internal_meshes/blood_vessel/FJ3439_BP22663_FMA66499_Trunk of ileocolic artery.obj,4.3
FMA15408,FJ3440,BP20351,Ileocolic vein,blood_vessel,name,164,250,internal_meshes/blood_vessel/FJ3440_BP20351_FMA15408_Ileocolic vein.obj,4.3
FMA10951,FJ3441,BP23720,Inferior vena cava,blood_vessel,name,793,1410,internal_meshes/blood_vessel/FJ3441_BP23720_FMA10951_Inferior vena cava.obj,4.3
FMA66359,FJ3442,BP23699,Trunk of inferior mesenteric artery,blood_vessel,name,299,546,internal_meshes/blood_vessel/FJ3442_BP23699_FMA66359_Trunk of inferior mesenteric artery.obj,4.3
FMA15391,FJ3443,BP20470,Inferior mesenteric vein,blood_vessel,name,574,1108,internal_meshes/blood_vessel/FJ3443_BP20470_FMA15391_Inferior mesenteric vein.obj,4.3
FMA14790,FJ3444,BP22698,Inferior pancreatic artery,blood_vessel,name,500,928,internal_meshes/blood_vessel/FJ3444_BP22698_FMA14790_Inferior pancreatic artery.obj,4.3
FMA14805,FJ3446,BP20203,Inferior pancreaticoduodenal artery,blood_vessel,name,154,260,internal_meshes/blood_vessel/FJ3446_BP20203_FMA14805_Inferior pancreaticoduodenal artery.obj,4.3
FMA68068,FJ3447,BP21792,Inferior phrenic vein,blood_vessel,name,651,1042,internal_meshes/blood_vessel/FJ3447_BP21792_FMA68068_Inferior phrenic vein.obj,4.3
FMA68068,FJ3448,BP21792,Inferior phrenic vein,blood_vessel,name,654,798,internal_meshes/blood_vessel/FJ3448_BP21792_FMA68068_Inferior phrenic vein.obj,4.3
FMA68068,FJ3449,BP21792,Inferior phrenic vein,blood_vessel,name,478,500,internal_meshes/blood_vessel/FJ3449_BP21792_FMA68068_Inferior phrenic vein.obj,4.3
FMA68068,FJ3450,BP21792,Inferior phrenic vein,blood_vessel,name,297,328,internal_meshes/blood_vessel/FJ3450_BP21792_FMA68068_Inferior phrenic vein.obj,4.3
FMA68068,FJ3451,BP21792,Inferior phrenic vein,blood_vessel,name,624,592,internal_meshes/blood_vessel/FJ3451_BP21792_FMA68068_Inferior phrenic vein.obj,4.3
FMA68068,FJ3452,BP21792,Inferior phrenic vein,blood_vessel,name,510,992,internal_meshes/blood_vessel/FJ3452_BP21792_FMA68068_Inferior phrenic vein.obj,4.3
FMA70487,FJ3458,BP19915,Anterior division of left renal artery,blood_vessel,name,736,1468,internal_meshes/blood_vessel/FJ3458_BP19915_FMA70487_Anterior division of left renal artery.obj,4.3
FMA70487,FJ3459,BP19915,Anterior division of left renal artery,blood_vessel,name,310,534,internal_meshes/blood_vessel/FJ3459_BP19915_FMA70487_Anterior division of left renal artery.obj,4.3
FMA70487,FJ3460,BP19915,Anterior division of left renal artery,blood_vessel,name,392,598,internal_meshes/blood_vessel/FJ3460_BP19915_FMA70487_Anterior division of left renal artery.obj,4.3
FMA70487,FJ3461,BP19915,Anterior division of left renal artery,blood_vessel,name,2917,4366,internal_meshes/blood_vessel/FJ3461_BP19915_FMA70487_Anterior division of left renal artery.obj,4.3
FMA70487,FJ3462,BP19915,Anterior division of left renal artery,blood_vessel,name,758,1510,internal_meshes/blood_vessel/FJ3462_BP19915_FMA70487_Anterior division of left renal artery.obj,4.3
FMA70487,FJ3463,BP19915,Anterior division of left renal artery,blood_vessel,name,1471,2932,internal_meshes/blood_vessel/FJ3463_BP19915_FMA70487_Anterior division of left renal artery.obj,4.3
FMA69384,FJ3464,BP22662,Trunk of left common iliac artery,blood_vessel,name,128,248,internal_meshes/blood_vessel/FJ3464_BP22662_FMA69384_Trunk of left common iliac artery.obj,4.3
FMA21388,FJ3465,BP21633,Left common iliac vein,blood_vessel,name,244,430,internal_meshes/blood_vessel/FJ3465_BP21633_FMA21388_Left common iliac vein.obj,4.3
FMA69391,FJ3466,BP23478,Trunk proper of left external iliac artery,blood_vessel,name,236,462,internal_meshes/blood_vessel/FJ3466_BP23478_FMA69391_Trunk proper of left external iliac artery.obj,4.3
FMA69266,FJ3467,BP22653,Left inferior suprarenal artery,blood_vessel,name,810,954,internal_meshes/blood_vessel/FJ3467_BP22653_FMA69266_Left inferior suprarenal artery.obj,4.3
FMA70187,FJ3468,BP20757,Trunk of left internal iliac artery,blood_vessel,name,194,270,internal_meshes/blood_vessel/FJ3468_BP20757_FMA70187_Trunk of left internal iliac artery.obj,4.3
FMA18888,FJ3469,BP21482,Left internal iliac vein,blood_vessel,name,134,208,internal_meshes/blood_vessel/FJ3469_BP21482_FMA18888_Left internal iliac vein.obj,4.3
FMA18888,FJ3470,BP21482,Left internal iliac vein,blood_vessel,name,121,176,internal_meshes/blood_vessel/FJ3470_BP21482_FMA18888_Left internal iliac vein.obj,4.3
FMA18888,FJ3471,BP21482,Left internal iliac vein,blood_vessel,name,144,180,internal_meshes/blood_vessel/FJ3471_BP21482_FMA18888_Left internal iliac vein.obj,4.3
FMA14756,FJ3472,BP23927,Left middle suprarenal artery,blood_vessel,name,540,552,internal_meshes/blood_vessel/FJ3472_BP23927_FMA14756_Left middle suprarenal artery.obj,4.3
FMA70490,FJ3473,BP20416,Posterior division of left renal artery,blood_vessel,name,288,334,internal_meshes/blood_vessel/FJ3473_BP20416_FMA70490_Posterior division of left renal artery.obj,4.3
FMA70490,FJ3474,BP20416,Posterior division of left renal artery,blood_vessel,name,174,254,internal_meshes/blood_vessel/FJ3474_BP20416_FMA70490_Posterior division of left renal artery.obj,4.3
FMA70490,FJ3475,BP20416,Posterior division of left renal artery,blood_vessel,name,244,398,internal_meshes/blood_vessel/FJ3475_BP20416_FMA70490_Posterior division of left renal artery.obj,4.3
FMA66364,FJ3476,BP22669,Trunk of left renal artery,blood_vessel,name,132,258,internal_meshes/blood_vessel/FJ3476_BP22669_FMA66364_Trunk of left renal artery.obj,4.3
FMA14336,FJ3477,BP22197,Left renal vein,blood_vessel,name,334,652,internal_meshes/blood_vessel/FJ3477_BP22197_FMA14336_Left renal vein.obj,4.3
FMA14336,FJ3478,BP22197,Left renal vein,blood_vessel,name,3657,4260,internal_meshes/blood_vessel/FJ3478_BP22197_FMA14336_Left renal vein.obj,4.3
FMA69319,FJ3479,BP23654,Trunk of left subclavian artery,blood_vessel,name,362,646,internal_meshes/blood_vessel/FJ3479_BP23654_FMA69319_Trunk of left subclavian artery.obj,4.3
FMA14349,FJ3480,BP21800,Left suprarenal vein,blood_vessel,name,476,674,internal_meshes/blood_vessel/FJ3480_BP21800_FMA14349_Left suprarenal vein.obj,4.3
FMA70493,FJ3481,BP21867,Ureteric segment of left renal artery,blood_vessel,name,868,1296,internal_meshes/blood_vessel/FJ3481_BP21867_FMA70493_Ureteric segment of left renal artery.obj,4.3
FMA4761,FJ3482,BP21752,Left brachiocephalic vein,blood_vessel,name,377,748,internal_meshes/blood_vessel/FJ3482_BP21752_FMA4761_Left brachiocephalic vein.obj,4.3
FMA75867,FJ3483,BP23219,Trunk of left internal carotid artery,blood_vessel,name,126,170,internal_meshes/blood_vessel/FJ3483_BP23219_FMA75867_Trunk of left internal carotid artery.obj,4.3
FMA18886,FJ3484,BP23965,Left external iliac vein,blood_vessel,name,376,670,internal_meshes/blood_vessel/FJ3484_BP23965_FMA18886_Left external iliac vein.obj,4.3
FMA4762,FJ3485,BP20878,Left internal jugular vein,blood_vessel,name,158,280,internal_meshes/blood_vessel/FJ3485_BP20878_FMA4762_Left internal jugular vein.obj,4.3
FMA4763,FJ3486,BP20970,Left subclavian vein,blood_vessel,name,271,434,internal_meshes/blood_vessel/FJ3486_BP20970_FMA4763_Left subclavian vein.obj,4.3
FMA4950,FJ3493,BP20994,Left ascending lumbar vein,blood_vessel,name,893,1772,internal_meshes/blood_vessel/FJ3493_BP20994_FMA4950_Left ascending lumbar vein.obj,4.3
FMA14826,FJ3494,BP20214,Left colic artery,blood_vessel,name,131,182,internal_meshes/blood_vessel/FJ3494_BP20214_FMA14826_Left colic artery.obj,4.3
FMA15394,FJ3495,BP20949,Left colic vein,blood_vessel,name,67,102,internal_meshes/blood_vessel/FJ3495_BP20949_FMA15394_Left colic vein.obj,4.3
FMA20819,FJ3496,BP21108,Left dorsal artery of penis,blood_vessel,name,2867,5076,internal_meshes/blood_vessel/FJ3496_BP21108_FMA20819_Left dorsal artery of penis.obj,4.3
FMA20819,FJ3497,BP21108,Left dorsal artery of penis,blood_vessel,name,758,1456,internal_meshes/blood_vessel/FJ3497_BP21108_FMA20819_Left dorsal artery of penis.obj,4.3
FMA14768,FJ3499,BP21932,Left gastric artery,blood_vessel,name,578,1100,internal_meshes/blood_vessel/FJ3499_BP21932_FMA14768_Left gastric artery.obj,4.3
FMA15399,FJ3500,BP20528,Left gastric vein,blood_vessel,name,672,1166,internal_meshes/blood_vessel/FJ3500_BP20528_FMA15399_Left gastric vein.obj,4.3
FMA14796,FJ3501,BP20519,Left gastro-epiploic artery,blood_vessel,name,1232,2420,internal_meshes/blood_vessel/FJ3501_BP20519_FMA14796_Left gastro-epiploic artery.obj,4.3
FMA15390,FJ3502,BP22508,Left gastroepiploic vein,blood_vessel,name,316,444,internal_meshes/blood_vessel/FJ3502_BP22508_FMA15390_Left gastroepiploic vein.obj,4.3
FMA18904,FJ3510,BP20875,Left iliolumbar vein,blood_vessel,name,5400,10692,internal_meshes/blood_vessel/FJ3510_BP20875_FMA18904_Left iliolumbar vein.obj,4.3
FMA20689,FJ3511,BP22007,Left inferior epigastric artery,blood_vessel,name,3414,6824,internal_meshes/blood_vessel/FJ3511_BP22007_FMA20689_Left inferior epigastric artery.obj,4.3
FMA21164,FJ3512,BP20837,Left inferior epigastric vein,blood_vessel,name,3740,7466,internal_meshes/blood_vessel/FJ3512_BP20837_FMA21164_Left inferior epigastric vein.obj,4.3
FMA18913,FJ3513,BP20957,Left inferior gluteal vein,blood_vessel,name,5681,11352,internal_meshes/blood_vessel/FJ3513_BP20957_FMA18913_Left inferior gluteal vein.obj,4.3
FMA14747,FJ3514,BP21807,Left inferior phrenic artery,blood_vessel,name,594,742,internal_meshes/blood_vessel/FJ3514_BP21807_FMA14747_Left inferior phrenic artery.obj,4.3
FMA14747,FJ3515,BP21807,Left inferior phrenic artery,blood_vessel,name,603,772,internal_meshes/blood_vessel/FJ3515_BP21807_FMA14747_Left inferior phrenic artery.obj,4.3
FMA14747,FJ3516,BP21807,Left inferior phrenic artery,blood_vessel,name,305,334,internal_meshes/blood_vessel/FJ3516_BP21807_FMA14747_Left inferior phrenic artery.obj,4.3
FMA14747,FJ3517,BP21807,Left inferior phrenic artery,blood_vessel,name,338,384,internal_meshes/blood_vessel/FJ3517_BP21807_FMA14747_Left inferior phrenic artery.obj,4.3
FMA14747,FJ3518,BP21807,Left inferior phrenic artery,blood_vessel,name,496,556,internal_meshes/blood_vessel/FJ3518_BP21807_FMA14747_Left inferior phrenic artery.obj,4.3
FMA14747,FJ3519,BP21807,Left inferior phrenic artery,blood_vessel,name,233,266,internal_meshes/blood_vessel/FJ3519_BP21807_FMA14747_Left inferior phrenic artery.obj,4.3
FMA14747,FJ3520,BP21807,Left inferior phrenic artery,blood_vessel,name,190,188,internal_meshes/blood_vessel/FJ3520_BP21807_FMA14747_Left inferior phrenic artery.obj,4.3
FMA18886,FJ3522,BP23965,Left external iliac vein,blood_vessel,name,100,168,internal_meshes/blood_vessel/FJ3522_BP23965_FMA18886_Left external iliac vein.obj,4.3
FMA18886,FJ3523,BP23965,Left external iliac vein,blood_vessel,name,100,186,internal_meshes/blood_vessel/FJ3523_BP23965_FMA18886_Left external iliac vein.obj,4.3
FMA18886,FJ3524,BP23965,Left external iliac vein,blood_vessel,name,88,112,internal_meshes/blood_vessel/FJ3524_BP23965_FMA18886_Left external iliac vein.obj,4.3
FMA18919,FJ3525,BP20838,Left internal pudendal vein,blood_vessel,name,3813,7452,internal_meshes/blood_vessel/FJ3525_BP20838_FMA18919_Left internal pudendal vein.obj,4.3
FMA18907,FJ3526,BP22699,Left lateral sacral vein,blood_vessel,name,1610,3046,internal_meshes/blood_vessel/FJ3526_BP22699_FMA18907_Left lateral sacral vein.obj,4.3
FMA18916,FJ3527,BP21028,Left obturator vein,blood_vessel,name,2480,4954,internal_meshes/blood_vessel/FJ3527_BP21028_FMA18916_Left obturator vein.obj,4.3
FMA20736,FJ3529,BP23984,Left superficial epigastric artery,blood_vessel,name,1391,2622,internal_meshes/blood_vessel/FJ3529_BP23984_FMA20736_Left superficial epigastric artery.obj,4.3
FMA4785,FJ3530,BP21100,Left superior epigastric vein,blood_vessel,name,1597,2938,internal_meshes/blood_vessel/FJ3530_BP21100_FMA4785_Left superior epigastric vein.obj,4.3
FMA18910,FJ3531,BP20786,Left superior gluteal vein,blood_vessel,name,262,320,internal_meshes/blood_vessel/FJ3531_BP20786_FMA18910_Left superior gluteal vein.obj,4.3
FMA14760,FJ3532,BP23839,Left testicular artery,blood_vessel,name,6233,12420,internal_meshes/blood_vessel/FJ3532_BP23839_FMA14760_Left testicular artery.obj,4.3
FMA14345,FJ3533,BP20558,Left testicular vein,blood_vessel,name,7286,14488,internal_meshes/blood_vessel/FJ3533_BP20558_FMA14345_Left testicular vein.obj,4.3
FMA77168,FJ3541,BP20343,Median sacral vein,blood_vessel,name,2391,4666,internal_meshes/blood_vessel/FJ3541_BP20343_FMA77168_Median sacral vein.obj,4.3
FMA14810,FJ3542,BP20153,Middle colic artery,blood_vessel,name,944,1430,internal_meshes/blood_vessel/FJ3542_BP20153_FMA14810_Middle colic artery.obj,4.3
FMA15406,FJ3543,BP22248,Middle colic vein,blood_vessel,name,889,1324,internal_meshes/blood_vessel/FJ3543_BP22248_FMA15406_Middle colic vein.obj,4.3
FMA14773,FJ3544,BP20232,Splenic artery,blood_vessel,name,2325,2588,internal_meshes/blood_vessel/FJ3544_BP20232_FMA14773_Splenic artery.obj,4.3
FMA15398,FJ3545,BP22437,Pancreaticoduodenal vein,blood_vessel,name,540,660,internal_meshes/blood_vessel/FJ3545_BP22437_FMA15398_Pancreaticoduodenal vein.obj,4.3
FMA70480,FJ3546,BP22238,Posterior inferior pancreaticoduodenal artery,blood_vessel,name,246,384,internal_meshes/blood_vessel/FJ3546_BP22238_FMA70480_Posterior inferior pancreaticoduodenal artery.obj,4.3
FMA14817,FJ3553,BP23977,Posterior cecal artery,blood_vessel,name,132,90,internal_meshes/blood_vessel/FJ3553_BP23977_FMA14817_Posterior cecal artery.obj,4.3
FMA14784,FJ3557,BP21132,Posterior superior pancreaticoduodenal artery,blood_vessel,name,278,394,internal_meshes/blood_vessel/FJ3557_BP21132_FMA14784_Posterior superior pancreaticoduodenal artery.obj,4.3
FMA70486,FJ3558,BP19907,Anterior division of right renal artery,blood_vessel,name,570,1066,internal_meshes/blood_vessel/FJ3558_BP19907_FMA70486_Anterior division of right renal artery.obj,4.3
FMA70486,FJ3559,BP19907,Anterior division of right renal artery,blood_vessel,name,372,718,internal_meshes/blood_vessel/FJ3559_BP19907_FMA70486_Anterior division of right renal artery.obj,4.3
FMA70486,FJ3560,BP19907,Anterior division of right renal artery,blood_vessel,name,346,666,internal_meshes/blood_vessel/FJ3560_BP19907_FMA70486_Anterior division of right renal artery.obj,4.3
FMA70486,FJ3561,BP19907,Anterior division of right renal artery,blood_vessel,name,355,636,internal_meshes/blood_vessel/FJ3561_BP19907_FMA70486_Anterior division of right renal artery.obj,4.3
FMA70486,FJ3562,BP19907,Anterior division of right renal artery,blood_vessel,name,745,1254,internal_meshes/blood_vessel/FJ3562_BP19907_FMA70486_Anterior division of right renal artery.obj,4.3
FMA70486,FJ3563,BP19907,Anterior division of right renal artery,blood_vessel,name,2995,4700,internal_meshes/blood_vessel/FJ3563_BP19907_FMA70486_Anterior division of right renal artery.obj,4.3
FMA69325,FJ3564,BP23191,Trunk of right common carotid artery,blood_vessel,name,448,884,internal_meshes/blood_vessel/FJ3564_BP23191_FMA69325_Trunk of right common carotid artery.obj,4.3
FMA69383,FJ3565,BP19705,Trunk of right common iliac artery,blood_vessel,name,117,220,internal_meshes/blood_vessel/FJ3565_BP19705_FMA69383_Trunk of right common iliac artery.obj,4.3
FMA21387,FJ3566,BP21679,Right common iliac vein,blood_vessel,name,199,358,internal_meshes/blood_vessel/FJ3566_BP21679_FMA21387_Right common iliac vein.obj,4.3
FMA69390,FJ3567,BP23461,Trunk proper of right external iliac artery,blood_vessel,name,214,396,internal_meshes/blood_vessel/FJ3567_BP23461_FMA69390_Trunk proper of right external iliac artery.obj,4.3
FMA18885,FJ3568,BP22755,Right external iliac vein,blood_vessel,name,396,724,internal_meshes/blood_vessel/FJ3568_BP22755_FMA18885_Right external iliac vein.obj,4.3
FMA18809,FJ3569,BP21640,Right internal iliac artery,blood_vessel,name,201,276,internal_meshes/blood_vessel/FJ3569_BP21640_FMA18809_Right internal iliac artery.obj,4.3
FMA18887,FJ3570,BP21783,Right internal iliac vein,blood_vessel,name,157,216,internal_meshes/blood_vessel/FJ3570_BP21783_FMA18887_Right internal iliac vein.obj,4.3
FMA18887,FJ3571,BP21783,Right internal iliac vein,blood_vessel,name,134,202,internal_meshes/blood_vessel/FJ3571_BP21783_FMA18887_Right internal iliac vein.obj,4.3
FMA18887,FJ3572,BP21783,Right internal iliac vein,blood_vessel,name,149,192,internal_meshes/blood_vessel/FJ3572_BP21783_FMA18887_Right internal iliac vein.obj,4.3
FMA70489,FJ3573,BP19937,Posterior division of right renal artery,blood_vessel,name,297,496,internal_meshes/blood_vessel/FJ3573_BP19937_FMA70489_Posterior division of right renal artery.obj,4.3
FMA70489,FJ3574,BP19937,Posterior division of right renal artery,blood_vessel,name,253,428,internal_meshes/blood_vessel/FJ3574_BP19937_FMA70489_Posterior division of right renal artery.obj,4.3
FMA70489,FJ3575,BP19937,Posterior division of right renal artery,blood_vessel,name,994,1850,internal_meshes/blood_vessel/FJ3575_BP19937_FMA70489_Posterior division of right renal artery.obj,4.3
FMA66363,FJ3576,BP24071,Trunk of right renal artery,blood_vessel,name,145,282,internal_meshes/blood_vessel/FJ3576_BP24071_FMA66363_Trunk of right renal artery.obj,4.3
FMA14335,FJ3577,BP19745,Right renal vein,blood_vessel,name,172,332,internal_meshes/blood_vessel/FJ3577_BP19745_FMA14335_Right renal vein.obj,4.3
FMA14335,FJ3578,BP19745,Right renal vein,blood_vessel,name,3865,4682,internal_meshes/blood_vessel/FJ3578_BP19745_FMA14335_Right renal vein.obj,4.3
FMA69318,FJ3579,BP23187,Trunk of right subclavian artery,blood_vessel,name,247,452,internal_meshes/blood_vessel/FJ3579_BP23187_FMA69318_Trunk of right subclavian artery.obj,4.3
FMA14343,FJ3580,BP23962,Right suprarenal vein,blood_vessel,name,474,608,internal_meshes/blood_vessel/FJ3580_BP23962_FMA14343_Right suprarenal vein.obj,4.3
FMA70492,FJ3581,BP22647,Ureteric segment of right renal artery,blood_vessel,name,280,468,internal_meshes/blood_vessel/FJ3581_BP22647_FMA70492_Ureteric segment of right renal artery.obj,4.3
FMA70492,FJ3582,BP22647,Ureteric segment of right renal artery,blood_vessel,name,365,606,internal_meshes/blood_vessel/FJ3582_BP22647_FMA70492_Ureteric segment of right renal artery.obj,4.3
FMA66647,FJ3583,BP23322,Trunk of right brachiocephalic vein,blood_vessel,name,275,546,internal_meshes/blood_vessel/FJ3583_BP23322_FMA66647_Trunk of right brachiocephalic vein.obj,4.3
FMA69265,FJ3584,BP21938,Right inferior suprarenal artery,blood_vessel,name,606,754,internal_meshes/blood_vessel/FJ3584_BP21938_FMA69265_Right inferior suprarenal artery.obj,4.3
FMA4754,FJ3585,BP24100,Right internal jugular vein,blood_vessel,name,153,226,internal_meshes/blood_vessel/FJ3585_BP24100_FMA4754_Right internal jugular vein.obj,4.3
FMA14755,FJ3586,BP21829,Right middle suprarenal artery,blood_vessel,name,625,654,internal_meshes/blood_vessel/FJ3586_BP21829_FMA14755_Right middle suprarenal artery.obj,4.3
FMA4755,FJ3587,BP23970,Right subclavian vein,blood_vessel,name,209,368,internal_meshes/blood_vessel/FJ3587_BP23970_FMA4755_Right subclavian vein.obj,4.3
FMA14832,FJ3588,BP24025,Superior rectal artery,blood_vessel,name,310,404,internal_meshes/blood_vessel/FJ3588_BP24025_FMA14832_Superior rectal artery.obj,4.3
FMA4843,FJ3589,BP22700,Right ascending lumbar vein,blood_vessel,name,3944,7884,internal_meshes/blood_vessel/FJ3589_BP22700_FMA4843_Right ascending lumbar vein.obj,4.3
FMA14811,FJ3590,BP21884,Right colic artery,blood_vessel,name,744,1000,internal_meshes/blood_vessel/FJ3590_BP21884_FMA14811_Right colic artery.obj,4.3
FMA15407,FJ3591,BP22526,Right colic vein,blood_vessel,name,775,1204,internal_meshes/blood_vessel/FJ3591_BP22526_FMA15407_Right colic vein.obj,4.3
FMA20818,FJ3592,BP21071,Right dorsal artery of penis,blood_vessel,name,2838,5108,internal_meshes/blood_vessel/FJ3592_BP21071_FMA20818_Right dorsal artery of penis.obj,4.3
FMA20818,FJ3593,BP21071,Right dorsal artery of penis,blood_vessel,name,792,1542,internal_meshes/blood_vessel/FJ3593_BP21071_FMA20818_Right dorsal artery of penis.obj,4.3
FMA14776,FJ3594,BP21662,Right gastric artery,blood_vessel,name,267,478,internal_meshes/blood_vessel/FJ3594_BP21662_FMA14776_Right gastric artery.obj,4.3
FMA15400,FJ3595,BP20492,Right gastric vein,blood_vessel,name,257,470,internal_meshes/blood_vessel/FJ3595_BP20492_FMA15400_Right gastric vein.obj,4.3
FMA14781,FJ3596,BP20783,Right gastro-epiploic artery,blood_vessel,name,1890,3694,internal_meshes/blood_vessel/FJ3596_BP20783_FMA14781_Right gastro-epiploic artery.obj,4.3
FMA15397,FJ3597,BP20445,Right gastroepiploic vein,blood_vessel,name,441,668,internal_meshes/blood_vessel/FJ3597_BP20445_FMA15397_Right gastroepiploic vein.obj,4.3
FMA18903,FJ3603,BP20762,Right iliolumbar vein,blood_vessel,name,5430,10610,internal_meshes/blood_vessel/FJ3603_BP20762_FMA18903_Right iliolumbar vein.obj,4.3
FMA20688,FJ3604,BP22048,Right inferior epigastric artery,blood_vessel,name,3446,6888,internal_meshes/blood_vessel/FJ3604_BP22048_FMA20688_Right inferior epigastric artery.obj,4.3
FMA21163,FJ3605,BP20785,Right inferior epigastric vein,blood_vessel,name,3897,7790,internal_meshes/blood_vessel/FJ3605_BP20785_FMA21163_Right inferior epigastric vein.obj,4.3
FMA18912,FJ3606,BP20915,Right inferior gluteal vein,blood_vessel,name,5755,11506,internal_meshes/blood_vessel/FJ3606_BP20915_FMA18912_Right inferior gluteal vein.obj,4.3
FMA18887,FJ3607,BP21783,Right internal iliac vein,blood_vessel,name,79,94,internal_meshes/blood_vessel/FJ3607_BP21783_FMA18887_Right internal iliac vein.obj,4.3
FMA18887,FJ3608,BP21783,Right internal iliac vein,blood_vessel,name,111,202,internal_meshes/blood_vessel/FJ3608_BP21783_FMA18887_Right internal iliac vein.obj,4.3
FMA18887,FJ3609,BP21783,Right internal iliac vein,blood_vessel,name,70,74,internal_meshes/blood_vessel/FJ3609_BP21783_FMA18887_Right internal iliac vein.obj,4.3
FMA18918,FJ3610,BP21024,Right internal pudendal vein,blood_vessel,name,3755,7356,internal_meshes/blood_vessel/FJ3610_BP21024_FMA18918_Right internal pudendal vein.obj,4.3
FMA18906,FJ3611,BP20842,Right lateral sacral vein,blood_vessel,name,1642,3102,internal_meshes/blood_vessel/FJ3611_BP20842_FMA18906_Right lateral sacral vein.obj,4.3
FMA18915,FJ3612,BP21011,Right obturator vein,blood_vessel,name,2476,4804,internal_meshes/blood_vessel/FJ3612_BP21011_FMA18915_Right obturator vein.obj,4.3
FMA20735,FJ3614,BP22627,Right superficial epigastric artery,blood_vessel,name,1565,2924,internal_meshes/blood_vessel/FJ3614_BP22627_FMA20735_Right superficial epigastric artery.obj,4.3
FMA4771,FJ3615,BP21143,Right superior epigastric vein,blood_vessel,name,1649,3142,internal_meshes/blood_vessel/FJ3615_BP21143_FMA4771_Right superior epigastric vein.obj,4.3
FMA18909,FJ3616,BP20822,Right superior gluteal vein,blood_vessel,name,243,330,internal_meshes/blood_vessel/FJ3616_BP20822_FMA18909_Right superior gluteal vein.obj,4.3
FMA14759,FJ3617,BP20559,Right testicular artery,blood_vessel,name,6497,12938,internal_meshes/blood_vessel/FJ3617_BP20559_FMA14759_Right testicular artery.obj,4.3
FMA14341,FJ3618,BP20477,Right testicular vein,blood_vessel,name,6899,13640,internal_meshes/blood_vessel/FJ3618_BP20477_FMA14341_Right testicular vein.obj,4.3
FMA14746,FJ3619,BP21676,Right inferior phrenic artery,blood_vessel,name,599,840,internal_meshes/blood_vessel/FJ3619_BP21676_FMA14746_Right inferior phrenic artery.obj,4.3
FMA14746,FJ3620,BP21676,Right inferior phrenic artery,blood_vessel,name,580,734,internal_meshes/blood_vessel/FJ3620_BP21676_FMA14746_Right inferior phrenic artery.obj,4.3
FMA14746,FJ3621,BP21676,Right inferior phrenic artery,blood_vessel,name,356,440,internal_meshes/blood_vessel/FJ3621_BP21676_FMA14746_Right inferior phrenic artery.obj,4.3
FMA14746,FJ3622,BP21676,Right inferior phrenic artery,blood_vessel,name,322,380,internal_meshes/blood_vessel/FJ3622_BP21676_FMA14746_Right inferior phrenic artery.obj,4.3
FMA14746,FJ3623,BP21676,Right inferior phrenic artery,blood_vessel,name,215,238,internal_meshes/blood_vessel/FJ3623_BP21676_FMA14746_Right inferior phrenic artery.obj,4.3
FMA14746,FJ3624,BP21676,Right inferior phrenic artery,blood_vessel,name,472,502,internal_meshes/blood_vessel/FJ3624_BP21676_FMA14746_Right inferior phrenic artery.obj,4.3
FMA14746,FJ3625,BP21676,Right inferior phrenic artery,blood_vessel,name,343,342,internal_meshes/blood_vessel/FJ3625_BP21676_FMA14746_Right inferior phrenic artery.obj,4.3
FMA14746,FJ3626,BP21676,Right inferior phrenic artery,blood_vessel,name,302,286,internal_meshes/blood_vessel/FJ3626_BP21676_FMA14746_Right inferior phrenic artery.obj,4.3
FMA15370,FJ3631,BP19660,Lumbar vein,blood_vessel,name,4585,8834,internal_meshes/blood_vessel/FJ3631_BP19660_FMA15370_Lumbar vein.obj,4.3
FMA14735,FJ3632,BP23563,Lumbar artery,blood_vessel,name,6183,12058,internal_meshes/blood_vessel/FJ3632_BP23563_FMA14735_Lumbar artery.obj,4.3
FMA15370,FJ3635,BP19660,Lumbar vein,blood_vessel,name,4635,8920,internal_meshes/blood_vessel/FJ3635_BP19660_FMA15370_Lumbar vein.obj,4.3
FMA14735,FJ3636,BP23563,Lumbar artery,blood_vessel,name,6330,12498,internal_meshes/blood_vessel/FJ3636_BP23563_FMA14735_Lumbar artery.obj,4.3
FMA21385,FJ3637,BP20527,Right superficial dorsal vein of penis,blood_vessel,name,1393,2782,internal_meshes/blood_vessel/FJ3637_BP20527_FMA21385_Right superficial dorsal vein of penis.obj,4.3
FMA14830,FJ3638,BP23925,Sigmoid artery,blood_vessel,name,1222,1702,internal_meshes/blood_vessel/FJ3638_BP23925_FMA14830_Sigmoid artery.obj,4.3
FMA15395,FJ3639,BP20945,Sigmoid vein,blood_vessel,name,1131,1422,internal_meshes/blood_vessel/FJ3639_BP20945_FMA15395_Sigmoid vein.obj,4.3
FMA14773,FJ3640,BP20232,Splenic artery,blood_vessel,name,1273,1742,internal_meshes/blood_vessel/FJ3640_BP20232_FMA14773_Splenic artery.obj,4.3
FMA14331,FJ3641,BP20220,Splenic vein,blood_vessel,name,922,1144,internal_meshes/blood_vessel/FJ3641_BP20220_FMA14331_Splenic vein.obj,4.3
FMA66358,FJ3644,BP24097,Trunk of superior mesenteric artery,blood_vessel,name,782,1506,internal_meshes/blood_vessel/FJ3644_BP24097_FMA66358_Trunk of superior mesenteric artery.obj,4.3
FMA4720,FJ3645,BP23624,Superior vena cava,blood_vessel,name,318,598,internal_meshes/blood_vessel/FJ3645_BP23624_FMA4720_Superior vena cava.obj,4.3
FMA15398,FJ3646,BP22437,Pancreaticoduodenal vein,blood_vessel,name,262,388,internal_meshes/blood_vessel/FJ3646_BP22437_FMA15398_Pancreaticoduodenal vein.obj,4.3
FMA14332,FJ3647,BP20206,Superior mesenteric vein,blood_vessel,name,489,702,internal_meshes/blood_vessel/FJ3647_BP20206_FMA14332_Superior mesenteric vein.obj,4.3
FMA78121,FJ3648,BP23791,Superior phrenic vein,blood_vessel,name,584,682,internal_meshes/blood_vessel/FJ3648_BP23791_FMA78121_Superior phrenic vein.obj,4.3
FMA78121,FJ3649,BP23791,Superior phrenic vein,blood_vessel,name,298,308,internal_meshes/blood_vessel/FJ3649_BP23791_FMA78121_Superior phrenic vein.obj,4.3
FMA78121,FJ3650,BP23791,Superior phrenic vein,blood_vessel,name,397,418,internal_meshes/blood_vessel/FJ3650_BP23791_FMA78121_Superior phrenic vein.obj,4.3
FMA78121,FJ3651,BP23791,Superior phrenic vein,blood_vessel,name,286,346,internal_meshes/blood_vessel/FJ3651_BP23791_FMA78121_Superior phrenic vein.obj,4.3
FMA78121,FJ3652,BP23791,Superior phrenic vein,blood_vessel,name,588,556,internal_meshes/blood_vessel/FJ3652_BP23791_FMA78121_Superior phrenic vein.obj,4.3
FMA78121,FJ3653,BP23791,Superior phrenic vein,blood_vessel,name,1355,1610,internal_meshes/blood_vessel/FJ3653_BP23791_FMA78121_Superior phrenic vein.obj,4.3
FMA78121,FJ3654,BP23791,Superior phrenic vein,blood_vessel,name,454,382,internal_meshes/blood_vessel/FJ3654_BP23791_FMA78121_Superior phrenic vein.obj,4.3
FMA15398,FJ3655,BP22437,Pancreaticoduodenal vein,blood_vessel,name,285,438,internal_meshes/blood_vessel/FJ3655_BP22437_FMA15398_Pancreaticoduodenal vein.obj,4.3
FMA66504,FJ3656,BP22670,Trunk of superior rectal artery,blood_vessel,name,260,418,internal_meshes/blood_vessel/FJ3656_BP22670_FMA66504_Trunk of superior rectal artery.obj,4.3
FMA15393,FJ3657,BP20920,Superior rectal vein,blood_vessel,name,285,478,internal_meshes/blood_vessel/FJ3657_BP20920_FMA15393_Superior rectal vein.obj,4.3
FMA12858,FJ3658,BP20473,Ascending lumbar vein,blood_vessel,name,2979,5934,internal_meshes/blood_vessel/FJ3658_BP20473_FMA12858_Ascending lumbar vein.obj,4.3
FMA10951,FJ3659,BP23720,Inferior vena cava,blood_vessel,name,968,1670,internal_meshes/blood_vessel/FJ3659_BP23720_FMA10951_Inferior vena cava.obj,4.3
FMA3895,FJ3660,BP19556,Circumflex branch of left coronary artery,blood_vessel,name,254,484,internal_meshes/blood_vessel/FJ3660_BP19556_FMA3895_Circumflex branch of left coronary artery.obj,4.3
FMA3895,FJ3661,BP19556,Circumflex branch of left coronary artery,blood_vessel,name,415,658,internal_meshes/blood_vessel/FJ3661_BP19556_FMA3895_Circumflex branch of left coronary artery.obj,4.3
FMA3895,FJ3662,BP19556,Circumflex branch of left coronary artery,blood_vessel,name,395,510,internal_meshes/blood_vessel/FJ3662_BP19556_FMA3895_Circumflex branch of left coronary artery.obj,4.3
FMA3895,FJ3663,BP19556,Circumflex branch of left coronary artery,blood_vessel,name,240,308,internal_meshes/blood_vessel/FJ3663_BP19556_FMA3895_Circumflex branch of left coronary artery.obj,4.3
FMA3895,FJ3664,BP19556,Circumflex branch of left coronary artery,blood_vessel,name,232,252,internal_meshes/blood_vessel/FJ3664_BP19556_FMA3895_Circumflex branch of left coronary artery.obj,4.3
FMA3895,FJ3665,BP19556,Circumflex branch of left coronary artery,blood_vessel,name,150,172,internal_meshes/blood_vessel/FJ3665_BP19556_FMA3895_Circumflex branch of left coronary artery.obj,4.3
FMA3895,FJ3666,BP19556,Circumflex branch of left coronary artery,blood_vessel,name,316,396,internal_meshes/blood_vessel/FJ3666_BP19556_FMA3895_Circumflex branch of left coronary artery.obj,4.3
FMA8464,FJ3667M,BP21440,Right tenth costal cartilage,cartilage,name,836,1400,internal_meshes/cartilage/FJ3667M_BP21440_FMA8464_Right tenth costal cartilage.obj,4.3
FMA8491,FJ3667,BP22463,Left tenth costal cartilage,cartilage,name,4200,1400,internal_meshes/cartilage/FJ3667_BP22463_FMA8491_Left tenth costal cartilage.obj,4.3
FMA8302,FJ3668M,BP21439,Right eighth costal cartilage,cartilage,name,1351,2265,internal_meshes/cartilage/FJ3668M_BP21439_FMA8302_Right eighth costal cartilage.obj,4.3
FMA8329,FJ3668,BP22462,Left eighth costal cartilage,cartilage,name,6795,2265,internal_meshes/cartilage/FJ3668_BP22462_FMA8329_Left eighth costal cartilage.obj,4.3
FMA8383,FJ3669M,BP21430,Right ninth costal cartilage,cartilage,name,1067,1678,internal_meshes/cartilage/FJ3669M_BP21430_FMA8383_Right ninth costal cartilage.obj,4.3
FMA8410,FJ3669,BP22484,Left ninth costal cartilage,cartilage,name,5034,1678,internal_meshes/cartilage/FJ3669_BP22484_FMA8410_Left ninth costal cartilage.obj,4.3
FMA49178,FJ3670,BP21406,Isthmus of thyroid gland,gland,name,5238,1746,internal_meshes/gland/FJ3670_BP21406_FMA49178_Isthmus of thyroid gland.obj,4.3
FMA13369,FJ3671,BP21433,Left lobe of thyroid gland,gland,name,14223,4741,internal_meshes/gland/FJ3671_BP21433_FMA13369_Left lobe of thyroid gland.obj,4.3
FMA13368,FJ3672,BP19828,Right lobe of thyroid gland,gland,name,15183,5061,internal_meshes/gland/FJ3672_BP19828_FMA13368_Right lobe of thyroid gland.obj,4.3
FMA55563,FJ3673,BP21598,Left inferior parathyroid gland,gland,name,82,160,internal_meshes/gland/FJ3673_BP21598_FMA55563_Left inferior parathyroid gland.obj,4.3
FMA55561,FJ3674,BP23783,Left superior parathyroid gland,gland,name,75,142,internal_meshes/gland/FJ3674_BP23783_FMA55561_Left superior parathyroid gland.obj,4.3
FMA55562,FJ3675,BP23812,Right inferior parathyroid gland,gland,name,75,146,internal_meshes/gland/FJ3675_BP23812_FMA55562_Right inferior parathyroid gland.obj,4.3
FMA55560,FJ3676,BP23811,Right superior parathyroid gland,gland,name,73,136,internal_meshes/gland/FJ3676_BP23811_FMA55560_Right superior parathyroid gland.obj,4.3
FMA50378,FJ3678M,BP19725,Anterolateral central branch of left middle cerebral artery,blood_vessel,name,1489,1226,internal_meshes/blood_vessel/FJ3678M_BP19725_FMA50378_Anterolateral central branch of left middle cerebral artery.obj,4.3
FMA50378,FJ3679M,BP19725,Anterolateral central branch of left middle cerebral artery,blood_vessel,name,390,316,internal_meshes/blood_vessel/FJ3679M_BP19725_FMA50378_Anterolateral central branch of left middle cerebral artery.obj,4.3
FMA50377,FJ3679,BP23809,Anterolateral central branch of right middle cerebral artery,blood_vessel,name,948,316,internal_meshes/blood_vessel/FJ3679_BP23809_FMA50377_Anterolateral central branch of right middle cerebral artery.obj,4.3
FMA13889,FJ3848,BP23814,Pituitary gland,gland,name,596,1138,internal_meshes/gland/FJ3848_BP23814_FMA13889_Pituitary gland.obj,4.3
FMA242857,FJ3855,BP29570,Choroid plexus of right lateral ventricle,brain,name,2935,4838,internal_meshes/brain/FJ3855_BP29570_FMA242857_Choroid plexus of right lateral ventricle.obj,4.3
FMA266041,FJ3889,BP29614,Right half of tentorium cerebelli,brain,name,11499,21358,internal_meshes/brain/FJ3889_BP29614_FMA266041_Right half of tentorium cerebelli.obj,4.3
FMA266056,FJ3890,BP29622,Cerebral hemisphere segment of dura mater,brain,name,28066,55132,internal_meshes/brain/FJ3890_BP29622_FMA266056_Cerebral hemisphere segment of dura mater.obj,4.3
FMA50886,FJ3891,BP29534,Right abducens nerve,nerve,name,735,1090,internal_meshes/nerve/FJ3891_BP29534_FMA50886_Right abducens nerve.obj,4.3
FMA52941,FJ3892,BP29071,Right anterior superior alveolar nerve,nerve,name,968,1538,internal_meshes/nerve/FJ3892_BP29071_FMA52941_Right anterior superior alveolar nerve.obj,4.3
FMA80540,FJ3893,BP29166,Trunk of right auriculotemporal nerve,nerve,name,1945,3886,internal_meshes/nerve/FJ3893_BP29166_FMA80540_Trunk of right auriculotemporal nerve.obj,4.3
FMA50890,FJ3894,BP29543,Right vestibulocochlear nerve,nerve,name,838,1672,internal_meshes/nerve/FJ3894_BP29543_FMA50890_Right vestibulocochlear nerve.obj,4.3
FMA53072,FJ3895,BP29121,Branch of right mandibular nerve to right otic ganglion,nerve,name,318,498,internal_meshes/nerve/FJ3895_BP29121_FMA53072_Branch of right mandibular nerve to right otic ganglion.obj,4.3
FMA53311,FJ3896,BP29352,Buccal branch of right facial nerve,nerve,name,2135,4180,internal_meshes/nerve/FJ3896_BP29352_FMA53311_Buccal branch of right facial nerve.obj,4.3
FMA53067,FJ3897,BP29111,Right buccal nerve,nerve,name,1031,1954,internal_meshes/nerve/FJ3897_BP29111_FMA53067_Right buccal nerve.obj,4.3
FMA53398,FJ3898,BP29302,Cervical branch of right facial nerve,nerve,name,1494,2840,internal_meshes/nerve/FJ3898_BP29302_FMA53398_Cervical branch of right facial nerve.obj,4.3
FMA65421,FJ3899,BP29410,Trunk of right facial nerve,nerve,name,2340,4672,internal_meshes/nerve/FJ3899_BP29410_FMA65421_Trunk of right facial nerve.obj,4.3
FMA52732,FJ3900,BP29182,Ganglionic branch of right maxillary nerve to right pterygopalatine ganglion,nerve,name,169,316,internal_meshes/nerve/FJ3900_BP29182_FMA52732_Ganglionic branch of right maxillary nerve to right pterygopalatine ganglion.obj,4.3
FMA50894,FJ3901,BP29500,Left glossopharyngeal nerve,nerve,name,3612,6926,internal_meshes/nerve/FJ3901_BP29500_FMA50894_Left glossopharyngeal nerve.obj,4.3
FMA52803,FJ3902,BP29212,Right greater palatine nerve,nerve,name,812,1088,internal_meshes/nerve/FJ3902_BP29212_FMA52803_Right greater palatine nerve.obj,4.3
FMA80518,FJ3903,BP29069,Trunk of right inferior alveolar nerve,nerve,name,1258,2510,internal_meshes/nerve/FJ3903_BP29069_FMA80518_Trunk of right inferior alveolar nerve.obj,4.3
FMA52990,FJ3904,BP29004,External nasal branch of right infra-orbital nerve,nerve,name,513,1012,internal_meshes/nerve/FJ3904_BP29004_FMA52990_External nasal branch of right infra-orbital nerve.obj,4.3
FMA52987,FJ3905,BP29078,Inferior palpebral branch of right infra-orbital nerve,nerve,name,382,598,internal_meshes/nerve/FJ3905_BP29078_FMA52987_Inferior palpebral branch of right infra-orbital nerve.obj,4.3
FMA52992,FJ3906,BP29087,Internal nasal branch of right infra-orbital nerve,nerve,name,255,480,internal_meshes/nerve/FJ3906_BP29087_FMA52992_Internal nasal branch of right infra-orbital nerve.obj,4.3
FMA52994,FJ3907,BP29062,Superior labial branch of right infra-orbital nerve,nerve,name,637,1270,internal_meshes/nerve/FJ3907_BP29062_FMA52994_Superior labial branch of right infra-orbital nerve.obj,4.3
FMA52677,FJ3908,BP21112,Left anterior ethmoidal nerve,nerve,name,550,1016,internal_meshes/nerve/FJ3908_BP21112_FMA52677_Left anterior ethmoidal nerve.obj,4.3
FMA52674,FJ3909,BP21151,Communicating branch of left nasociliary nerve with left ciliary ganglion,nerve,name,170,234,internal_meshes/nerve/FJ3909_BP21151_FMA52674_Communicating branch of left nasociliary nerve with left ciliary ganglion.obj,4.3
FMA52640,FJ3910,BP20367,Left frontal nerve,nerve,name,1323,2642,internal_meshes/nerve/FJ3910_BP20367_FMA52640_Left frontal nerve.obj,4.3
FMA52699,FJ3911,BP22715,Left infratrochlear nerve,nerve,name,381,482,internal_meshes/nerve/FJ3911_BP22715_FMA52699_Left infratrochlear nerve.obj,4.3
FMA52630,FJ3912,BP20380,Left lacrimal nerve,nerve,name,1044,2008,internal_meshes/nerve/FJ3912_BP20380_FMA52630_Left lacrimal nerve.obj,4.3
FMA52670,FJ3913,BP20818,Left nasociliary nerve,nerve,name,332,458,internal_meshes/nerve/FJ3913_BP20818_FMA52670_Left nasociliary nerve.obj,4.3
FMA223162,FJ3914,BP29371,Left olfactory tract,brain,name,668,1292,internal_meshes/brain/FJ3914_BP29371_FMA223162_Left olfactory tract.obj,4.3
FMA52593,FJ3915,BP29573,Left olfactory nerve,brain,name,335,560,internal_meshes/brain/FJ3915_BP29573_FMA52593_Left olfactory nerve.obj,4.3
FMA52593,FJ3916,BP29573,Left olfactory nerve,brain,name,318,510,internal_meshes/brain/FJ3916_BP29573_FMA52593_Left olfactory nerve.obj,4.3
FMA52593,FJ3917,BP29573,Left olfactory nerve,brain,name,344,480,internal_meshes/brain/FJ3917_BP29573_FMA52593_Left olfactory nerve.obj,4.3
FMA52593,FJ3918,BP29573,Left olfactory nerve,brain,name,345,522,internal_meshes/brain/FJ3918_BP29573_FMA52593_Left olfactory nerve.obj,4.3
FMA52593,FJ3919,BP29573,Left olfactory nerve,brain,name,363,492,internal_meshes/brain/FJ3919_BP29573_FMA52593_Left olfactory nerve.obj,4.3
FMA52593,FJ3920,BP29573,Left olfactory nerve,brain,name,349,526,internal_meshes/brain/FJ3920_BP29573_FMA52593_Left olfactory nerve.obj,4.3
FMA52623,FJ3921,BP23833,Left ophthalmic nerve,nerve,name,502,1000,internal_meshes/nerve/FJ3921_BP23833_FMA52623_Left ophthalmic nerve.obj,4.3
FMA52716,FJ3922,BP21490,Left posterior ethmoidal nerve,nerve,name,335,612,internal_meshes/nerve/FJ3922_BP21490_FMA52716_Left posterior ethmoidal nerve.obj,4.3
FMA80695,FJ3923,BP29761,Trunk of left recurrent laryngeal nerve,nerve,name,2538,5008,internal_meshes/nerve/FJ3923_BP29761_FMA80695_Trunk of left recurrent laryngeal nerve.obj,4.3
FMA52657,FJ3924,BP20828,Left supra-orbital nerve,nerve,name,738,1364,internal_meshes/nerve/FJ3924_BP20828_FMA52657_Left supra-orbital nerve.obj,4.3
FMA52644,FJ3925,BP21030,Left supratrochlear nerve,nerve,name,1151,2216,internal_meshes/nerve/FJ3925_BP21030_FMA52644_Left supratrochlear nerve.obj,4.3
FMA18157,FJ3926,BP29477,Trunk of left vagus nerve,nerve,name,14820,29372,internal_meshes/nerve/FJ3926_BP29477_FMA18157_Trunk of left vagus nerve.obj,4.3
FMA50887,FJ3927,BP29502,Left abducens nerve,nerve,name,748,1146,internal_meshes/nerve/FJ3927_BP29502_FMA50887_Left abducens nerve.obj,4.3
FMA81015,FJ3928,BP29554,Trunk of left accessory nerve,nerve,name,4257,8018,internal_meshes/nerve/FJ3928_BP29554_FMA81015_Trunk of left accessory nerve.obj,4.3
FMA52733,FJ3929,BP29126,Ganglionic branch of left maxillary nerve to left pterygopalatine ganglion,nerve,name,171,322,internal_meshes/nerve/FJ3929_BP29126_FMA52733_Ganglionic branch of left maxillary nerve to left pterygopalatine ganglion.obj,4.3
FMA52942,FJ3930,BP29082,Left anterior superior alveolar nerve,nerve,name,965,1564,internal_meshes/nerve/FJ3930_BP29082_FMA52942_Left anterior superior alveolar nerve.obj,4.3
FMA80541,FJ3931,BP29210,Trunk of left auriculotemporal nerve,nerve,name,1987,3970,internal_meshes/nerve/FJ3931_BP29210_FMA80541_Trunk of left auriculotemporal nerve.obj,4.3
FMA50891,FJ3932,BP29535,Left vestibulocochlear nerve,nerve,name,859,1714,internal_meshes/nerve/FJ3932_BP29535_FMA50891_Left vestibulocochlear nerve.obj,4.3
FMA53073,FJ3933,BP29270,Branch of left mandibular nerve to left otic ganglion,nerve,name,332,528,internal_meshes/nerve/FJ3933_BP29270_FMA53073_Branch of left mandibular nerve to left otic ganglion.obj,4.3
FMA53312,FJ3934,BP29347,Buccal branch of left facial nerve,nerve,name,2171,4284,internal_meshes/nerve/FJ3934_BP29347_FMA53312_Buccal branch of left facial nerve.obj,4.3
FMA53068,FJ3935,BP29164,Left buccal nerve,nerve,name,1051,1992,internal_meshes/nerve/FJ3935_BP29164_FMA53068_Left buccal nerve.obj,4.3
FMA53399,FJ3936,BP29357,Cervical branch of left facial nerve,nerve,name,1540,2912,internal_meshes/nerve/FJ3936_BP29357_FMA53399_Cervical branch of left facial nerve.obj,4.3
FMA52690,FJ3937,BP28777,Left external nasal nerve,nerve,name,565,800,internal_meshes/nerve/FJ3937_BP28777_FMA52690_Left external nasal nerve.obj,4.3
FMA65422,FJ3938,BP29462,Trunk of left facial nerve,nerve,name,2399,4790,internal_meshes/nerve/FJ3938_BP29462_FMA65422_Trunk of left facial nerve.obj,4.3
FMA50894,FJ3939,BP29500,Left glossopharyngeal nerve,nerve,name,3689,7100,internal_meshes/nerve/FJ3939_BP29500_FMA50894_Left glossopharyngeal nerve.obj,4.3
FMA52804,FJ3940,BP29137,Left greater palatine nerve,nerve,name,825,1088,internal_meshes/nerve/FJ3940_BP29137_FMA52804_Left greater palatine nerve.obj,4.3
FMA80483,FJ3941,BP29459,Trunk of left hypoglossal nerve,nerve,name,1195,1682,internal_meshes/nerve/FJ3941_BP29459_FMA80483_Trunk of left hypoglossal nerve.obj,4.3
FMA80519,FJ3942,BP29102,Trunk of left inferior alveolar nerve,nerve,name,1283,2562,internal_meshes/nerve/FJ3942_BP29102_FMA80519_Trunk of left inferior alveolar nerve.obj,4.3
FMA52991,FJ3943,BP29025,External nasal branch of left infra-orbital nerve,nerve,name,521,1030,internal_meshes/nerve/FJ3943_BP29025_FMA52991_External nasal branch of left infra-orbital nerve.obj,4.3
FMA52988,FJ3944,BP29015,Inferior palpebral branch of left infra-orbital nerve,nerve,name,398,608,internal_meshes/nerve/FJ3944_BP29015_FMA52988_Inferior palpebral branch of left infra-orbital nerve.obj,4.3
FMA52993,FJ3945,BP29003,Internal nasal branch of left infra-orbital nerve,nerve,name,264,488,internal_meshes/nerve/FJ3945_BP29003_FMA52993_Internal nasal branch of left infra-orbital nerve.obj,4.3
FMA52995,FJ3946,BP29024,Superior labial branch of left infra-orbital nerve,nerve,name,651,1294,internal_meshes/nerve/FJ3946_BP29024_FMA52995_Superior labial branch of left infra-orbital nerve.obj,4.3
FMA52687,FJ3947,BP28825,Internal nasal branch of left anterior ethmoidal nerve,nerve,name,229,342,internal_meshes/nerve/FJ3947_BP28825_FMA52687_Internal nasal branch of left anterior ethmoidal nerve.obj,4.3
FMA52685,FJ3948,BP28697,Lateral internal nasal branch of left anterior ethmoidal nerve,nerve,name,297,470,internal_meshes/nerve/FJ3948_BP28697_FMA52685_Lateral internal nasal branch of left anterior ethmoidal nerve.obj,4.3
FMA80512,FJ3949,BP29199,Trunk of left lingual nerve,nerve,name,1262,2426,internal_meshes/nerve/FJ3949_BP29199_FMA80512_Trunk of left lingual nerve.obj,4.3
FMA82735,FJ3950,BP22719,Left long ciliary nerve,nerve,name,230,360,internal_meshes/nerve/FJ3950_BP22719_FMA82735_Left long ciliary nerve.obj,4.3
FMA52998,FJ3951,BP29377,Left mandibular nerve,nerve,name,372,668,internal_meshes/nerve/FJ3951_BP29377_FMA52998_Left mandibular nerve.obj,4.3
FMA53367,FJ3952,BP29350,Marginal mandibular branch of left facial nerve,nerve,name,2125,4052,internal_meshes/nerve/FJ3952_BP29350_FMA53367_Marginal mandibular branch of left facial nerve.obj,4.3
FMA53105,FJ3953,BP29133,Left masseteric nerve,nerve,name,937,1664,internal_meshes/nerve/FJ3953_BP29133_FMA53105_Left masseteric nerve.obj,4.3
FMA80595,FJ3954,BP29330,Trunk of left maxillary nerve,nerve,name,690,1360,internal_meshes/nerve/FJ3954_BP29330_FMA80595_Trunk of left maxillary nerve.obj,4.3
FMA52730,FJ3955,BP29120,Left middle meningeal nerve,nerve,name,268,460,internal_meshes/nerve/FJ3955_BP29120_FMA52730_Left middle meningeal nerve.obj,4.3
FMA53252,FJ3956,BP28937,Left mental nerve,nerve,name,911,1364,internal_meshes/nerve/FJ3956_BP28937_FMA53252_Left mental nerve.obj,4.3
FMA52940,FJ3957,BP29084,Left middle superior alveolar nerve,nerve,name,713,1250,internal_meshes/nerve/FJ3957_BP29084_FMA52940_Left middle superior alveolar nerve.obj,4.3
FMA80524,FJ3958,BP28957,Trunk of left mylohyoid nerve,nerve,name,995,1878,internal_meshes/nerve/FJ3958_BP28957_FMA80524_Trunk of left mylohyoid nerve.obj,4.3
FMA52799,FJ3959,BP29143,Left nasopalatine nerve,nerve,name,552,1028,internal_meshes/nerve/FJ3959_BP29143_FMA52799_Left nasopalatine nerve.obj,4.3
FMA53058,FJ3960,BP29197,Left medial pterygoid nerve,nerve,name,571,914,internal_meshes/nerve/FJ3960_BP29197_FMA53058_Left medial pterygoid nerve.obj,4.3
FMA53110,FJ3961,BP29054,Left lateral pterygoid nerve,nerve,name,504,784,internal_meshes/nerve/FJ3961_BP29054_FMA53110_Left lateral pterygoid nerve.obj,4.3
FMA80553,FJ3962,BP29265,Trunk of branch of left mandibular nerve to tensor tympani,nerve,name,573,734,internal_meshes/nerve/FJ3962_BP29265_FMA80553_Trunk of branch of left mandibular nerve to tensor tympani.obj,4.3
FMA53077,FJ3963,BP29107,Nerve to left tensor veli palatini,nerve,name,224,380,internal_meshes/nerve/FJ3963_BP29107_FMA53077_Nerve to left tensor veli palatini.obj,4.3
FMA53287,FJ3964,BP29185,Occipital branch of left posterior auricular nerve,nerve,name,1921,3744,internal_meshes/nerve/FJ3964_BP29185_FMA53287_Occipital branch of left posterior auricular nerve.obj,4.3
FMA52580,FJ3965,BP29175,Nerve to left ciliary ganglion,nerve,name,199,216,internal_meshes/nerve/FJ3965_BP29175_FMA52580_Nerve to left ciliary ganglion.obj,4.3
FMA52606,FJ3966,BP29110,Nerve to left inferior rectus,nerve,name,442,554,internal_meshes/nerve/FJ3966_BP29110_FMA52606_Nerve to left inferior rectus.obj,4.3
FMA52584,FJ3967,BP29184,Nerve to left superior rectus,nerve,name,248,330,internal_meshes/nerve/FJ3967_BP29184_FMA52584_Nerve to left superior rectus.obj,4.3
FMA65426,FJ3968,BP29438,Trunk of left oculomotor nerve,nerve,name,357,648,internal_meshes/nerve/FJ3968_BP29438_FMA65426_Trunk of left oculomotor nerve.obj,4.3
FMA52604,FJ3969,BP29201,Nerve to left inferior oblique,nerve,name,580,706,internal_meshes/nerve/FJ3969_BP29201_FMA52604_Nerve to left inferior oblique.obj,4.3
FMA52602,FJ3970,BP29228,Nerve to left medial rectus,nerve,name,303,288,internal_meshes/nerve/FJ3970_BP29228_FMA52602_Nerve to left medial rectus.obj,4.3
FMA52774,FJ3971,BP29086,Orbital branch of left maxillary nerve to left orbitalis,nerve,name,285,546,internal_meshes/nerve/FJ3971_BP29086_FMA52774_Orbital branch of left maxillary nerve to left orbitalis.obj,4.3
FMA77524,FJ3972,BP29344,Pharyngeal nerve,nerve,name,659,1138,internal_meshes/nerve/FJ3972_BP29344_FMA77524_Pharyngeal nerve.obj,4.3
FMA80806,FJ3973,BP29299,Trunk of left posterior auricular nerve,nerve,name,1666,3328,internal_meshes/nerve/FJ3973_BP29299_FMA80806_Trunk of left posterior auricular nerve.obj,4.3
FMA52825,FJ3974,BP29092,Left posterior inferior nasal nerve,nerve,name,885,1530,internal_meshes/nerve/FJ3974_BP29092_FMA52825_Left posterior inferior nasal nerve.obj,4.3
FMA52937,FJ3975,BP29013,Left posterior superior alveolar nerve,nerve,name,965,1686,internal_meshes/nerve/FJ3975_BP29013_FMA52937_Left posterior superior alveolar nerve.obj,4.3
FMA52784,FJ3976,BP29138,Left lateral posterior superior nasal nerve,nerve,name,442,744,internal_meshes/nerve/FJ3976_BP29138_FMA52784_Left lateral posterior superior nasal nerve.obj,4.3
FMA52596,FJ3977,BP29161,Nerve to left levator palpebrae superioris,nerve,name,222,344,internal_meshes/nerve/FJ3977_BP29161_FMA52596_Nerve to left levator palpebrae superioris.obj,4.3
FMA52787,FJ3978,BP29140,Left medial posterior superior nasal nerve,nerve,name,508,798,internal_meshes/nerve/FJ3978_BP29140_FMA52787_Left medial posterior superior nasal nerve.obj,4.3
FMA80828,FJ3979,BP29341,Trunk of temporal branch of left facial nerve,nerve,name,2789,5466,internal_meshes/nerve/FJ3979_BP29341_FMA80828_Trunk of temporal branch of left facial nerve.obj,4.3
FMA65424,FJ3980,BP29463,Trunk of left trigeminal nerve,nerve,name,125,246,internal_meshes/nerve/FJ3980_BP29463_FMA65424_Trunk of left trigeminal nerve.obj,4.3
FMA50882,FJ3981,BP23034,Left trochlear nerve,nerve,name,2604,4856,internal_meshes/nerve/FJ3981_BP23034_FMA50882_Left trochlear nerve.obj,4.3
FMA80847,FJ3982,BP29360,Trunk of zygomatic branch of left facial nerve,nerve,name,2182,4126,internal_meshes/nerve/FJ3982_BP29360_FMA80847_Trunk of zygomatic branch of left facial nerve.obj,4.3
FMA52969,FJ3983,BP29129,Left zygomatic nerve,nerve,name,1240,1880,internal_meshes/nerve/FJ3983_BP29129_FMA52969_Left zygomatic nerve.obj,4.3
FMA80511,FJ3984,BP29156,Trunk of right lingual nerve,nerve,name,1259,2378,internal_meshes/nerve/FJ3984_BP29156_FMA80511_Trunk of right lingual nerve.obj,4.3
FMA52997,FJ3985,BP29281,Right mandibular nerve,nerve,name,371,656,internal_meshes/nerve/FJ3985_BP29281_FMA52997_Right mandibular nerve.obj,4.3
FMA53366,FJ3986,BP29323,Marginal mandibular branch of right facial nerve,nerve,name,2064,3952,internal_meshes/nerve/FJ3986_BP29323_FMA53366_Marginal mandibular branch of right facial nerve.obj,4.3
FMA53104,FJ3987,BP29127,Right masseteric nerve,nerve,name,944,1632,internal_meshes/nerve/FJ3987_BP29127_FMA53104_Right masseteric nerve.obj,4.3
FMA80594,FJ3988,BP29403,Trunk of right maxillary nerve,nerve,name,675,1336,internal_meshes/nerve/FJ3988_BP29403_FMA80594_Trunk of right maxillary nerve.obj,4.3
FMA52729,FJ3989,BP29205,Right middle meningeal nerve,nerve,name,251,452,internal_meshes/nerve/FJ3989_BP29205_FMA52729_Right middle meningeal nerve.obj,4.3
FMA53251,FJ3990,BP28919,Right mental nerve,nerve,name,887,1224,internal_meshes/nerve/FJ3990_BP28919_FMA53251_Right mental nerve.obj,4.3
FMA52939,FJ3991,BP28993,Right middle superior alveolar nerve,nerve,name,691,1228,internal_meshes/nerve/FJ3991_BP28993_FMA52939_Right middle superior alveolar nerve.obj,4.3
FMA80523,FJ3992,BP28909,Trunk of right mylohyoid nerve,nerve,name,965,1840,internal_meshes/nerve/FJ3992_BP28909_FMA80523_Trunk of right mylohyoid nerve.obj,4.3
FMA52798,FJ3993,BP29147,Right nasopalatine nerve,nerve,name,560,1008,internal_meshes/nerve/FJ3993_BP29147_FMA52798_Right nasopalatine nerve.obj,4.3
FMA53057,FJ3994,BP29232,Right medial pterygoid nerve,nerve,name,553,896,internal_meshes/nerve/FJ3994_BP29232_FMA53057_Right medial pterygoid nerve.obj,4.3
FMA53109,FJ3995,BP29080,Right lateral pterygoid nerve,nerve,name,509,794,internal_meshes/nerve/FJ3995_BP29080_FMA53109_Right lateral pterygoid nerve.obj,4.3
FMA80552,FJ3996,BP29219,Trunk of branch of right mandibular nerve to tensor tympani,nerve,name,565,712,internal_meshes/nerve/FJ3996_BP29219_FMA80552_Trunk of branch of right mandibular nerve to tensor tympani.obj,4.3
FMA53076,FJ3997,BP29266,Nerve to right tensor veli palatini,nerve,name,217,374,internal_meshes/nerve/FJ3997_BP29266_FMA53076_Nerve to right tensor veli palatini.obj,4.3
FMA53286,FJ3998,BP29193,Occipital branch of right posterior auricular nerve,nerve,name,1885,3652,internal_meshes/nerve/FJ3998_BP29193_FMA53286_Occipital branch of right posterior auricular nerve.obj,4.3
FMA52773,FJ3999,BP29093,Orbital branch of right maxillary nerve to right orbitalis,nerve,name,277,538,internal_meshes/nerve/FJ3999_BP29093_FMA52773_Orbital branch of right maxillary nerve to right orbitalis.obj,4.3
FMA77524,FJ4000,BP29344,Pharyngeal nerve,nerve,name,623,1118,internal_meshes/nerve/FJ4000_BP29344_FMA77524_Pharyngeal nerve.obj,4.3
FMA80805,FJ4001,BP29285,Trunk of right posterior auricular nerve,nerve,name,1625,3246,internal_meshes/nerve/FJ4001_BP29285_FMA80805_Trunk of right posterior auricular nerve.obj,4.3
FMA52824,FJ4002,BP29085,Right posterior inferior nasal nerve,nerve,name,854,1500,internal_meshes/nerve/FJ4002_BP29085_FMA52824_Right posterior inferior nasal nerve.obj,4.3
FMA52936,FJ4003,BP28997,Right posterior superior alveolar nerve,nerve,name,972,1658,internal_meshes/nerve/FJ4003_BP28997_FMA52936_Right posterior superior alveolar nerve.obj,4.3
FMA52785,FJ4004,BP29209,Right lateral posterior superior nasal nerve,nerve,name,466,730,internal_meshes/nerve/FJ4004_BP29209_FMA52785_Right lateral posterior superior nasal nerve.obj,4.3
FMA52786,FJ4005,BP29247,Right medial posterior superior nasal nerve,nerve,name,499,784,internal_meshes/nerve/FJ4005_BP29247_FMA52786_Right medial posterior superior nasal nerve.obj,4.3
FMA52676,FJ4006,BP23799,Right anterior ethmoidal nerve,nerve,name,539,1004,internal_meshes/nerve/FJ4006_BP23799_FMA52676_Right anterior ethmoidal nerve.obj,4.3
FMA52673,FJ4007,BP21146,Communicating branch of right nasociliary nerve with right ciliary ganglion,nerve,name,146,218,internal_meshes/nerve/FJ4007_BP21146_FMA52673_Communicating branch of right nasociliary nerve with right ciliary ganglion.obj,4.3
FMA52639,FJ4008,BP20449,Right frontal nerve,nerve,name,1316,2626,internal_meshes/nerve/FJ4008_BP20449_FMA52639_Right frontal nerve.obj,4.3
FMA52709,FJ4009,BP28826,Palpebral branch of right infratrochlear nerve,nerve,name,376,448,internal_meshes/nerve/FJ4009_BP28826_FMA52709_Palpebral branch of right infratrochlear nerve.obj,4.3
FMA52629,FJ4010,BP20357,Right lacrimal nerve,nerve,name,1047,1994,internal_meshes/nerve/FJ4010_BP20357_FMA52629_Right lacrimal nerve.obj,4.3
FMA52698,FJ4011,BP21130,Right infratrochlear nerve,nerve,name,329,470,internal_meshes/nerve/FJ4011_BP21130_FMA52698_Right infratrochlear nerve.obj,4.3
FMA223163,FJ4012,BP29272,Right olfactory tract,brain,name,668,1292,internal_meshes/brain/FJ4012_BP29272_FMA223163_Right olfactory tract.obj,4.3
FMA52592,FJ4013,BP29597,Right olfactory nerve,brain,name,346,560,internal_meshes/brain/FJ4013_BP29597_FMA52592_Right olfactory nerve.obj,4.3
FMA52592,FJ4014,BP29597,Right olfactory nerve,brain,name,308,510,internal_meshes/brain/FJ4014_BP29597_FMA52592_Right olfactory nerve.obj,4.3
FMA52592,FJ4015,BP29597,Right olfactory nerve,brain,name,328,480,internal_meshes/brain/FJ4015_BP29597_FMA52592_Right olfactory nerve.obj,4.3
FMA52592,FJ4016,BP29597,Right olfactory nerve,brain,name,356,522,internal_meshes/brain/FJ4016_BP29597_FMA52592_Right olfactory nerve.obj,4.3
FMA52592,FJ4017,BP29597,Right olfactory nerve,brain,name,356,492,internal_meshes/brain/FJ4017_BP29597_FMA52592_Right olfactory nerve.obj,4.3
FMA52592,FJ4018,BP29597,Right olfactory nerve,brain,name,358,550,internal_meshes/brain/FJ4018_BP29597_FMA52592_Right olfactory nerve.obj,4.3
FMA52622,FJ4019,BP20226,Right ophthalmic nerve,nerve,name,499,994,internal_meshes/nerve/FJ4019_BP20226_FMA52622_Right ophthalmic nerve.obj,4.3
FMA52715,FJ4020,BP21144,Right posterior ethmoidal nerve,nerve,name,267,432,internal_meshes/nerve/FJ4020_BP21144_FMA52715_Right posterior ethmoidal nerve.obj,4.3
FMA80694,FJ4021,BP29389,Trunk of right recurrent laryngeal nerve,nerve,name,1302,2596,internal_meshes/nerve/FJ4021_BP29389_FMA80694_Trunk of right recurrent laryngeal nerve.obj,4.3
FMA52656,FJ4022,BP22693,Right supra-orbital nerve,nerve,name,726,1356,internal_meshes/nerve/FJ4022_BP22693_FMA52656_Right supra-orbital nerve.obj,4.3
FMA52643,FJ4023,BP22708,Right supratrochlear nerve,nerve,name,1153,2202,internal_meshes/nerve/FJ4023_BP22708_FMA52643_Right supratrochlear nerve.obj,4.3
FMA18151,FJ4024,BP29476,Trunk of right vagus nerve,nerve,name,12608,24790,internal_meshes/nerve/FJ4024_BP29476_FMA18151_Trunk of right vagus nerve.obj,4.3
FMA81014,FJ4025,BP29541,Trunk of right accessory nerve,nerve,name,4151,7822,internal_meshes/nerve/FJ4025_BP29541_FMA81014_Trunk of right accessory nerve.obj,4.3
FMA52689,FJ4026,BP28799,Right external nasal nerve,nerve,name,565,748,internal_meshes/nerve/FJ4026_BP28799_FMA52689_Right external nasal nerve.obj,4.3
FMA80482,FJ4027,BP29430,Trunk of right hypoglossal nerve,nerve,name,2629,4878,internal_meshes/nerve/FJ4027_BP29430_FMA80482_Trunk of right hypoglossal nerve.obj,4.3
FMA52686,FJ4028,BP28762,Internal nasal branch of right anterior ethmoidal nerve,nerve,name,240,404,internal_meshes/nerve/FJ4028_BP28762_FMA52686_Internal nasal branch of right anterior ethmoidal nerve.obj,4.3
FMA52684,FJ4029,BP28712,Lateral internal nasal branch of right anterior ethmoidal nerve,nerve,name,289,390,internal_meshes/nerve/FJ4029_BP28712_FMA52684_Lateral internal nasal branch of right anterior ethmoidal nerve.obj,4.3
FMA52579,FJ4030,BP29214,Nerve to right ciliary ganglion,nerve,name,229,242,internal_meshes/nerve/FJ4030_BP29214_FMA52579_Nerve to right ciliary ganglion.obj,4.3
FMA52605,FJ4031,BP29223,Nerve to right inferior rectus,nerve,name,459,628,internal_meshes/nerve/FJ4031_BP29223_FMA52605_Nerve to right inferior rectus.obj,4.3
FMA52583,FJ4032,BP29200,Nerve to right superior rectus,nerve,name,232,324,internal_meshes/nerve/FJ4032_BP29200_FMA52583_Nerve to right superior rectus.obj,4.3
FMA65425,FJ4033,BP29461,Trunk of right oculomotor nerve,nerve,name,367,648,internal_meshes/nerve/FJ4033_BP29461_FMA65425_Trunk of right oculomotor nerve.obj,4.3
FMA65425,FJ4034,BP29461,Trunk of right oculomotor nerve,nerve,name,657,876,internal_meshes/nerve/FJ4034_BP29461_FMA65425_Trunk of right oculomotor nerve.obj,4.3
FMA52601,FJ4035,BP29252,Nerve to right medial rectus,nerve,name,331,358,internal_meshes/nerve/FJ4035_BP29252_FMA52601_Nerve to right medial rectus.obj,4.3
FMA52595,FJ4037,BP29236,Nerve to right levator palpebrae superioris,nerve,name,195,304,internal_meshes/nerve/FJ4037_BP29236_FMA52595_Nerve to right levator palpebrae superioris.obj,4.3
FMA65423,FJ4038,BP29432,Trunk of right trigeminal nerve,nerve,name,124,244,internal_meshes/nerve/FJ4038_BP29432_FMA65423_Trunk of right trigeminal nerve.obj,4.3
FMA50881,FJ4039,BP23210,Right trochlear nerve,nerve,name,2553,4826,internal_meshes/nerve/FJ4039_BP23210_FMA50881_Right trochlear nerve.obj,4.3
FMA80827,FJ4040,BP29394,Trunk of temporal branch of right facial nerve,nerve,name,2733,5332,internal_meshes/nerve/FJ4040_BP29394_FMA80827_Trunk of temporal branch of right facial nerve.obj,4.3
FMA80846,FJ4041,BP29335,Trunk of zygomatic branch of right facial nerve,nerve,name,2134,4026,internal_meshes/nerve/FJ4041_BP29335_FMA80846_Trunk of zygomatic branch of right facial nerve.obj,4.3
FMA52968,FJ4042,BP29246,Right zygomatic nerve,nerve,name,1282,1924,internal_meshes/nerve/FJ4042_BP29246_FMA52968_Right zygomatic nerve.obj,4.3
FMA6201,FJ4156,BP29455,Pericardial branch of phrenic nerve,nerve,name,367,442,internal_meshes/nerve/FJ4156_BP29455_FMA6201_Pericardial branch of phrenic nerve.obj,4.3
FMA65387,FJ4157,BP29423,Trunk of left phrenic nerve,nerve,name,605,1106,internal_meshes/nerve/FJ4157_BP29423_FMA65387_Trunk of left phrenic nerve.obj,4.3
FMA65326,FJ4158,BP29313,Left anterior interosseous nerve,nerve,name,314,404,internal_meshes/nerve/FJ4158_BP29313_FMA65326_Left anterior interosseous nerve.obj,4.3
FMA8922,FJ4159,BP29800,Anterior cutaneous branch of left first intercostal nerve,nerve,name,491,620,internal_meshes/nerve/FJ4159_BP29800_FMA8922_Anterior cutaneous branch of left first intercostal nerve.obj,4.3
FMA6115,FJ4163,BP29795,Anterior cutaneous branch of left second intercostal nerve,nerve,name,358,446,internal_meshes/nerve/FJ4163_BP29795_FMA6115_Anterior cutaneous branch of left second intercostal nerve.obj,4.3
FMA37074,FJ4171,BP29488,Left axillary nerve,nerve,name,481,654,internal_meshes/nerve/FJ4171_BP29488_FMA37074_Left axillary nerve.obj,4.3
FMA37071,FJ4172,BP29806,Left radial nerve,nerve,name,327,576,internal_meshes/nerve/FJ4172_BP29806_FMA37071_Left radial nerve.obj,4.3
FMA65396,FJ4173,BP29081,Trunk of left great auricular nerve,nerve,name,801,1258,internal_meshes/nerve/FJ4173_BP29081_FMA65396_Trunk of left great auricular nerve.obj,4.3
FMA85332,FJ4174,BP29305,Trunk of left first intercostal nerve,nerve,name,481,774,internal_meshes/nerve/FJ4174_BP29305_FMA85332_Trunk of left first intercostal nerve.obj,4.3
FMA85334,FJ4178,BP29343,Trunk of left second intercostal nerve,nerve,name,656,1132,internal_meshes/nerve/FJ4178_BP29343_FMA85334_Trunk of left second intercostal nerve.obj,4.3
FMA65908,FJ4185,BP29040,Left second intercostobrachial nerve,nerve,name,1388,1568,internal_meshes/nerve/FJ4185_BP29040_FMA65908_Left second intercostobrachial nerve.obj,4.3
FMA6752,FJ4197,BP29803,Lateral cutaneous branch of left first intercostal nerve,nerve,name,771,1188,internal_meshes/nerve/FJ4197_BP29803_FMA6752_Lateral cutaneous branch of left first intercostal nerve.obj,4.3
FMA8922,FJ4209,BP29800,Anterior cutaneous branch of left first intercostal nerve,nerve,name,599,776,internal_meshes/nerve/FJ4209_BP29800_FMA8922_Anterior cutaneous branch of left first intercostal nerve.obj,4.3
FMA6115,FJ4213,BP29795,Anterior cutaneous branch of left second intercostal nerve,nerve,name,637,824,internal_meshes/nerve/FJ4213_BP29795_FMA6115_Anterior cutaneous branch of left second intercostal nerve.obj,4.3
FMA65389,FJ4221,BP28988,Left lesser occipital nerve,nerve,name,1137,1262,internal_meshes/nerve/FJ4221_BP28988_FMA65389_Left lesser occipital nerve.obj,4.3
FMA79667,FJ4222,BP29235,Trunk of left long thoracic nerve,nerve,name,930,1560,internal_meshes/nerve/FJ4222_BP29235_FMA79667_Trunk of left long thoracic nerve.obj,4.3
FMA65295,FJ4223,BP29528,Left medial pectoral nerve,nerve,name,1871,2300,internal_meshes/nerve/FJ4223_BP29528_FMA65295_Left medial pectoral nerve.obj,4.3
FMA37068,FJ4224,BP29809,Left median nerve,nerve,name,2246,4372,internal_meshes/nerve/FJ4224_BP29809_FMA37068_Left median nerve.obj,4.3
FMA37066,FJ4225,BP29815,Left musculocutaneous nerve,nerve,name,1792,3264,internal_meshes/nerve/FJ4225_BP29815_FMA37066_Left musculocutaneous nerve.obj,4.3
FMA6201,FJ4226,BP29455,Pericardial branch of phrenic nerve,nerve,name,364,408,internal_meshes/nerve/FJ4226_BP29455_FMA6201_Pericardial branch of phrenic nerve.obj,4.3
FMA37071,FJ4240,BP29806,Left radial nerve,nerve,name,2280,4474,internal_meshes/nerve/FJ4240_BP29806_FMA37071_Left radial nerve.obj,4.3
FMA79671,FJ4241,BP29108,Trunk of left subclavian nerve,nerve,name,415,488,internal_meshes/nerve/FJ4241_BP29108_FMA79671_Trunk of left subclavian nerve.obj,4.3
FMA65306,FJ4242,BP29426,Left superior subscapular nerve,nerve,name,730,916,internal_meshes/nerve/FJ4242_BP29426_FMA65306_Left superior subscapular nerve.obj,4.3
FMA37074,FJ4243,BP29488,Left axillary nerve,nerve,name,310,360,internal_meshes/nerve/FJ4243_BP29488_FMA37074_Left axillary nerve.obj,4.3
FMA65416,FJ4244,BP29533,Left supraclavicular nerve,nerve,name,1689,1698,internal_meshes/nerve/FJ4244_BP29533_FMA65416_Left supraclavicular nerve.obj,4.3
FMA7023,FJ4245,BP29808,Trunk of left first thoracic nerve,nerve,name,256,344,internal_meshes/nerve/FJ4245_BP29808_FMA7023_Trunk of left first thoracic nerve.obj,4.3
FMA7025,FJ4248,BP29807,Trunk of left second thoracic nerve,nerve,name,256,440,internal_meshes/nerve/FJ4248_BP29807_FMA7025_Trunk of left second thoracic nerve.obj,4.3
FMA65292,FJ4256,BP29546,Left thoracodorsal nerve,nerve,name,1472,2068,internal_meshes/nerve/FJ4256_BP29546_FMA65292_Left thoracodorsal nerve.obj,4.3
FMA55173,FJ4257,BP29547,Left transverse cervical nerve,nerve,name,761,854,internal_meshes/nerve/FJ4257_BP29547_FMA55173_Left transverse cervical nerve.obj,4.3
FMA37321,FJ4258,BP29812,Left ulnar nerve,nerve,name,2242,4406,internal_meshes/nerve/FJ4258_BP29812_FMA37321_Left ulnar nerve.obj,4.3
FMA6442,FJ4260,BP29456,Left first cervical nerve,nerve,name,1188,2166,internal_meshes/nerve/FJ4260_BP29456_FMA6442_Left first cervical nerve.obj,4.3
FMA7003,FJ4261,BP29310,Trunk of left second cervical nerve,nerve,name,649,1100,internal_meshes/nerve/FJ4261_BP29310_FMA7003_Trunk of left second cervical nerve.obj,4.3
FMA7005,FJ4262,BP29408,Trunk of left third cervical nerve,nerve,name,804,1364,internal_meshes/nerve/FJ4262_BP29408_FMA7005_Trunk of left third cervical nerve.obj,4.3
FMA7007,FJ4263,BP29309,Trunk of left fourth cervical nerve,nerve,name,571,934,internal_meshes/nerve/FJ4263_BP29309_FMA7007_Trunk of left fourth cervical nerve.obj,4.3
FMA24105,FJ4264,BP29324,Trunk of left fifth cervical nerve,nerve,name,1005,1926,internal_meshes/nerve/FJ4264_BP29324_FMA24105_Trunk of left fifth cervical nerve.obj,4.3
FMA7011,FJ4265,BP29315,Trunk of left sixth cervical nerve,nerve,name,621,1106,internal_meshes/nerve/FJ4265_BP29315_FMA7011_Trunk of left sixth cervical nerve.obj,4.3
FMA7013,FJ4266,BP29366,Trunk of left seventh cervical nerve,nerve,name,525,956,internal_meshes/nerve/FJ4266_BP29366_FMA7013_Trunk of left seventh cervical nerve.obj,4.3
FMA7015,FJ4267,BP29406,Trunk of left eighth cervical nerve,nerve,name,559,970,internal_meshes/nerve/FJ4267_BP29406_FMA7015_Trunk of left eighth cervical nerve.obj,4.3
FMA44997,FJ4268,BP29802,Medial dorsal digital branch of left radial nerve to left middle finger,nerve,name,587,782,internal_meshes/nerve/FJ4268_BP29802_FMA44997_Medial dorsal digital branch of left radial nerve to left middle finger.obj,4.3
FMA44977,FJ4269,BP29786,First dorsal digital branch of radial nerve,nerve,name,418,644,internal_meshes/nerve/FJ4269_BP29786_FMA44977_First dorsal digital branch of radial nerve.obj,4.3
FMA44979,FJ4270,BP29794,First dorsal digital branch of left radial nerve,nerve,name,1020,1314,internal_meshes/nerve/FJ4270_BP29794_FMA44979_First dorsal digital branch of left radial nerve.obj,4.3
FMA44986,FJ4271,BP29790,Dorsal digital branch of left radial nerve to medial side of left index finger,nerve,name,390,466,internal_meshes/nerve/FJ4271_BP29790_FMA44986_Dorsal digital branch of left radial nerve to medial side of left index finger.obj,4.3
FMA55150,FJ4272,BP29116,Inferior root of left ansa cervicalis,organ,name,1037,2070,internal_meshes/organ/FJ4272_BP29116_FMA55150_Inferior root of left ansa cervicalis.obj,4.3
FMA65364,FJ4273,BP29300,Inferior trunk of left brachial nerve plexus,nerve,name,258,330,internal_meshes/nerve/FJ4273_BP29300_FMA65364_Inferior trunk of left brachial nerve plexus.obj,4.3
FMA45239,FJ4274,BP29122,Lateral cord of left brachial nerve plexus,nerve,name,209,348,internal_meshes/nerve/FJ4274_BP29122_FMA45239_Lateral cord of left brachial nerve plexus.obj,4.3
FMA45241,FJ4275,BP29196,Medial cord of left brachial nerve plexus,nerve,name,913,1708,internal_meshes/nerve/FJ4275_BP29196_FMA45241_Medial cord of left brachial nerve plexus.obj,4.3
FMA65366,FJ4276,BP29380,Middle trunk of left brachial nerve plexus,nerve,name,227,350,internal_meshes/nerve/FJ4276_BP29380_FMA65366_Middle trunk of left brachial nerve plexus.obj,4.3
FMA44984,FJ4278,BP29777,Lateral dorsal digital branch of radial nerve to index finger,nerve,name,383,604,internal_meshes/nerve/FJ4278_BP29777_FMA44984_Lateral dorsal digital branch of radial nerve to index finger.obj,4.3
FMA65387,FJ4279,BP29423,Trunk of left phrenic nerve,nerve,name,746,716,internal_meshes/nerve/FJ4279_BP29423_FMA65387_Trunk of left phrenic nerve.obj,4.3
FMA45243,FJ4280,BP29303,Posterior cord of left brachial nerve plexus,nerve,name,567,1130,internal_meshes/nerve/FJ4280_BP29303_FMA45243_Posterior cord of left brachial nerve plexus.obj,4.3
FMA65338,FJ4281,BP29027,Lateral proper palmar digital branch of left median nerve to left thumb,nerve,name,536,670,internal_meshes/nerve/FJ4281_BP29027_FMA65338_Lateral proper palmar digital branch of left median nerve to left thumb.obj,4.3
FMA65344,FJ4282,BP29041,Medial proper palmar digital branch of left median nerve to left index finger,nerve,name,635,762,internal_meshes/nerve/FJ4282_BP29041_FMA65344_Medial proper palmar digital branch of left median nerve to left index finger.obj,4.3
FMA65348,FJ4283,BP29095,Medial proper palmar digital branch of left median nerve to left middle finger,nerve,name,610,668,internal_meshes/nerve/FJ4283_BP29095_FMA65348_Medial proper palmar digital branch of left median nerve to left middle finger.obj,4.3
FMA65342,FJ4284,BP29101,Lateral proper palmar digital branch of left median nerve to left index finger,nerve,name,488,640,internal_meshes/nerve/FJ4284_BP29101_FMA65342_Lateral proper palmar digital branch of left median nerve to left index finger.obj,4.3
FMA44867,FJ4285,BP29115,Lateral proper palmar digital branch of median nerve to middle finger,nerve,name,422,516,internal_meshes/nerve/FJ4285_BP29115_FMA44867_Lateral proper palmar digital branch of median nerve to middle finger.obj,4.3
FMA44871,FJ4286,BP29194,Lateral proper palmar digital branch of left median nerve to left ring finger,nerve,name,608,694,internal_meshes/nerve/FJ4286_BP29194_FMA44871_Lateral proper palmar digital branch of left median nerve to left ring finger.obj,4.3
FMA65340,FJ4287,BP28982,Medial proper palmar digital branch of left median nerve to left thumb,nerve,name,315,366,internal_meshes/nerve/FJ4287_BP28982_FMA65340_Medial proper palmar digital branch of left median nerve to left thumb.obj,4.3
FMA55148,FJ4289,BP29238,Superior root of left ansa cervicalis,organ,name,1594,3178,internal_meshes/organ/FJ4289_BP29238_FMA55148_Superior root of left ansa cervicalis.obj,4.3
FMA65362,FJ4290,BP29296,Superior trunk of left brachial nerve plexus,nerve,name,256,428,internal_meshes/nerve/FJ4290_BP29296_FMA65362_Superior trunk of left brachial nerve plexus.obj,4.3
FMA75533,FJ4291,BP29635,Set of phrenico-abdominal branches of phrenic nerve,nerve,name,681,632,internal_meshes/nerve/FJ4291_BP29635_FMA75533_Set of phrenico-abdominal branches of phrenic nerve.obj,4.3
FMA52590,FJ4425,BP29628,Cauda equina,nerve,name,8676,6716,internal_meshes/nerve/FJ4425_BP29628_FMA52590_Cauda equina.obj,4.3
FMA242005,FJ4426,BP29816,Neural tissue of spinal cord,brain,name,8581,9952,internal_meshes/brain/FJ4426_BP29816_FMA242005_Neural tissue of spinal cord.obj,4.3
FMA46600,FJ4473,BP29491,Left thyro-arytenoid proper,muscle,name,3622,6092,internal_meshes/muscle/FJ4473_BP29491_FMA46600_Left thyro-arytenoid proper.obj,4.3
FMA46599,FJ4502,BP29529,Right thyro-arytenoid proper,muscle,name,3537,6092,internal_meshes/muscle/FJ4502_BP29529_FMA46599_Right thyro-arytenoid proper.obj,4.3
FMA14539,FJ4526,BP23311,Cystic duct,organ,name,156,278,internal_meshes/organ/FJ4526_BP23311_FMA14539_Cystic duct.obj,4.3
FMA70452,FJ4537,BP22266,Lateral superior segmental hepatic artery,blood_vessel,name,459,658,internal_meshes/blood_vessel/FJ4537_BP22266_FMA70452_Lateral superior segmental hepatic artery.obj,4.3
FMA15804,FJ4541,BP20866,Lateral inferior segmental tributary of left hepatic vein,blood_vessel,name,196,350,internal_meshes/blood_vessel/FJ4541_BP20866_FMA15804_Lateral inferior segmental tributary of left hepatic vein.obj,4.3
FMA70449,FJ4548,BP22318,Medial superior segmental hepatic artery,blood_vessel,name,489,612,internal_meshes/blood_vessel/FJ4548_BP22318_FMA70449_Medial superior segmental hepatic artery.obj,4.3
FMA70445,FJ4556,BP22296,Posterior superior segmental hepatic artery,blood_vessel,name,1028,1616,internal_meshes/blood_vessel/FJ4556_BP22296_FMA70445_Posterior superior segmental hepatic artery.obj,4.3
FMA70445,FJ4557,BP22296,Posterior superior segmental hepatic artery,blood_vessel,name,633,814,internal_meshes/blood_vessel/FJ4557_BP22296_FMA70445_Posterior superior segmental hepatic artery.obj,4.3
FMA15425,FJ4563,BP22043,Caudate lobe branch of left portal vein,blood_vessel,name,333,546,internal_meshes/blood_vessel/FJ4563_BP22043_FMA15425_Caudate lobe branch of left portal vein.obj,4.3
FMA59805,FJ4643,BP23722,Left sublingual gland,gland,name,144,230,internal_meshes/gland/FJ4643_BP23722_FMA59805_Left sublingual gland.obj,4.3
FMA16549,FJ4649,BP22741,Mesoappendix,organ,manual,813,1388,internal_meshes/organ/FJ4649_BP22741_FMA16549_Mesoappendix.obj,4.3
FMA14643,FJ4650,BP22743,Mesentery of small intestine,organ,manual,56931,38274,internal_meshes/organ/FJ4650_BP22743_FMA14643_Mesentery of small intestine.obj,4.3
FMA19757,FJ4651,BP29770,Posterior part of abdominal peritoneum,organ,name,1366,1484,internal_meshes/organ/FJ4651_BP29770_FMA19757_Posterior part of abdominal peritoneum.obj,4.3
FMA50994,FJ4654,BP28758,Right great cerebral vein,blood_vessel,name,247,490,internal_meshes/blood_vessel/FJ4654_BP28758_FMA50994_Right great cerebral vein.obj,4.3
FMA50986,FJ4679,BP28953,Inferior cerebral vein,blood_vessel,name,832,1660,internal_meshes/blood_vessel/FJ4679_BP28953_FMA50986_Inferior cerebral vein.obj,4.3
FMA51307,FJ4680,BP28708,Right anterior cerebral vein,blood_vessel,name,260,418,internal_meshes/blood_vessel/FJ4680_BP28708_FMA51307_Right anterior cerebral vein.obj,4.3
FMA51307,FJ4681,BP28708,Right anterior cerebral vein,blood_vessel,name,92,74,internal_meshes/blood_vessel/FJ4681_BP28708_FMA51307_Right anterior cerebral vein.obj,4.3
FMA51307,FJ4682,BP28708,Right anterior cerebral vein,blood_vessel,name,227,226,internal_meshes/blood_vessel/FJ4682_BP28708_FMA51307_Right anterior cerebral vein.obj,4.3
FMA51307,FJ4683,BP28708,Right anterior cerebral vein,blood_vessel,name,234,246,internal_meshes/blood_vessel/FJ4683_BP28708_FMA51307_Right anterior cerebral vein.obj,4.3
FMA51307,FJ4684,BP28708,Right anterior cerebral vein,blood_vessel,name,209,274,internal_meshes/blood_vessel/FJ4684_BP28708_FMA51307_Right anterior cerebral vein.obj,4.3
FMA51307,FJ4685,BP28708,Right anterior cerebral vein,blood_vessel,name,171,200,internal_meshes/blood_vessel/FJ4685_BP28708_FMA51307_Right anterior cerebral vein.obj,4.3
FMA50986,FJ4686,BP28953,Inferior cerebral vein,blood_vessel,name,240,456,internal_meshes/blood_vessel/FJ4686_BP28953_FMA50986_Inferior cerebral vein.obj,4.3
FMA71578,FJ4687,BP29633,Set of inferior veins of cerebellar hemisphere,blood_vessel,name,441,600,internal_meshes/blood_vessel/FJ4687_BP29633_FMA71578_Set of inferior veins of cerebellar hemisphere.obj,4.3
FMA71578,FJ4688,BP29633,Set of inferior veins of cerebellar hemisphere,blood_vessel,name,311,334,internal_meshes/blood_vessel/FJ4688_BP29633_FMA71578_Set of inferior veins of cerebellar hemisphere.obj,4.3
FMA71578,FJ4689,BP29633,Set of inferior veins of cerebellar hemisphere,blood_vessel,name,876,760,internal_meshes/blood_vessel/FJ4689_BP29633_FMA71578_Set of inferior veins of cerebellar hemisphere.obj,4.3
FMA51004,FJ4690,BP28702,Right internal cerebral vein,blood_vessel,name,291,442,internal_meshes/blood_vessel/FJ4690_BP28702_FMA51004_Right internal cerebral vein.obj,4.3
FMA51378,FJ4691,BP28903,Right interpeduncular vein,blood_vessel,name,351,330,internal_meshes/blood_vessel/FJ4691_BP28903_FMA51378_Right interpeduncular vein.obj,4.3
FMA51378,FJ4692,BP28903,Right interpeduncular vein,blood_vessel,name,123,84,internal_meshes/blood_vessel/FJ4692_BP28903_FMA51378_Right interpeduncular vein.obj,4.3
FMA71571,FJ4693,BP29632,Set of lateral direct veins of lateral ventricle,blood_vessel,name,386,364,internal_meshes/blood_vessel/FJ4693_BP29632_FMA71571_Set of lateral direct veins of lateral ventricle.obj,4.3
FMA50978,FJ4694,BP28835,Superior cerebral vein,blood_vessel,name,756,1004,internal_meshes/blood_vessel/FJ4694_BP28835_FMA50978_Superior cerebral vein.obj,4.3
FMA51240,FJ4695,BP28751,Right superior anastomotic vein,blood_vessel,name,4724,8226,internal_meshes/blood_vessel/FJ4695_BP28751_FMA51240_Right superior anastomotic vein.obj,4.3
FMA50978,FJ4696,BP28835,Superior cerebral vein,blood_vessel,name,2865,3770,internal_meshes/blood_vessel/FJ4696_BP28835_FMA50978_Superior cerebral vein.obj,4.3
FMA50978,FJ4697,BP28835,Superior cerebral vein,blood_vessel,name,2331,3372,internal_meshes/blood_vessel/FJ4697_BP28835_FMA50978_Superior cerebral vein.obj,4.3
FMA52452,FJ4698,BP28891,Right superior cerebellar vein,blood_vessel,name,234,270,internal_meshes/blood_vessel/FJ4698_BP28891_FMA52452_Right superior cerebellar vein.obj,4.3
FMA52452,FJ4699,BP28891,Right superior cerebellar vein,blood_vessel,name,138,130,internal_meshes/blood_vessel/FJ4699_BP28891_FMA52452_Right superior cerebellar vein.obj,4.3
FMA52452,FJ4700,BP28891,Right superior cerebellar vein,blood_vessel,name,296,322,internal_meshes/blood_vessel/FJ4700_BP28891_FMA52452_Right superior cerebellar vein.obj,4.3
FMA51400,FJ4701,BP28768,Right transverse medullary vein,blood_vessel,name,312,322,internal_meshes/blood_vessel/FJ4701_BP28768_FMA51400_Right transverse medullary vein.obj,4.3
FMA51355,FJ4702,BP28819,Right transverse pontine vein,blood_vessel,name,381,354,internal_meshes/blood_vessel/FJ4702_BP28819_FMA51355_Right transverse pontine vein.obj,4.3
FMA50784,FJ4704,BP29489,Sinus confluence,organ,name,656,1308,internal_meshes/organ/FJ4704_BP29489_FMA50784_Sinus confluence.obj,4.3
FMA50769,FJ4705,BP28864,Straight sinus,organ,name,654,1304,internal_meshes/organ/FJ4705_BP28864_FMA50769_Straight sinus.obj,4.3
FMA50169,FJ4706,BP22478,Anterior communicating artery,blood_vessel,name,79,74,internal_meshes/blood_vessel/FJ4706_BP22478_FMA50169_Anterior communicating artery.obj,4.3
FMA50774,FJ4707,BP28778,Anterior intercavernous sinus,organ,name,278,420,internal_meshes/organ/FJ4707_BP28778_FMA50774_Anterior intercavernous sinus.obj,4.3
FMA51390,FJ4708,BP28865,Anteromedian medullary vein,blood_vessel,name,201,296,internal_meshes/blood_vessel/FJ4708_BP28865_FMA51390_Anteromedian medullary vein.obj,4.3
FMA51346,FJ4709,BP28833,Anteromedian pontine vein,blood_vessel,name,201,234,internal_meshes/blood_vessel/FJ4709_BP28833_FMA51346_Anteromedian pontine vein.obj,4.3
FMA50341,FJ4712,BP29697,Right distal medial striate artery,blood_vessel,name,498,438,internal_meshes/blood_vessel/FJ4712_BP29697_FMA50341_Right distal medial striate artery.obj,4.3
FMA85529,FJ4713,BP28748,Artery of right pterygoid canal,blood_vessel,name,447,778,internal_meshes/blood_vessel/FJ4713_BP28748_FMA85529_Artery of right pterygoid canal.obj,4.3
FMA50783,FJ4714,BP29507,Basilar venous plexus,blood_vessel,name,3424,3510,internal_meshes/blood_vessel/FJ4714_BP29507_FMA50783_Basilar venous plexus.obj,4.3
FMA69316,FJ4715,BP23234,Trunk of brachiocephalic artery,blood_vessel,name,217,430,internal_meshes/blood_vessel/FJ4715_BP23234_FMA69316_Trunk of brachiocephalic artery.obj,4.3
FMA50768,FJ4716,BP28870,Inferior sagittal sinus,organ,name,1687,2346,internal_meshes/organ/FJ4716_BP28870_FMA50768_Inferior sagittal sinus.obj,4.3
FMA51231,FJ4717,BP29036,Inferior vein of vermis,blood_vessel,name,341,600,internal_meshes/blood_vessel/FJ4717_BP29036_FMA51231_Inferior vein of vermis.obj,4.3
FMA50856,FJ4718,BP28693,Right jugular venous arch,blood_vessel,name,631,1256,internal_meshes/blood_vessel/FJ4718_BP28693_FMA50856_Right jugular venous arch.obj,4.3
FMA76156,FJ4770,BP28932,Trunk of artery of left precentral sulcus,blood_vessel,name,2250,4380,internal_meshes/blood_vessel/FJ4770_BP28932_FMA76156_Trunk of artery of left precentral sulcus.obj,4.3
FMA76135,FJ4873,BP28898,Trunk of middle temporal branch of left middle cerebral artery,blood_vessel,name,2194,4362,internal_meshes/blood_vessel/FJ4873_BP28898_FMA76135_Trunk of middle temporal branch of left middle cerebral artery.obj,4.3
FMA50169,FJ4977,BP22478,Anterior communicating artery,blood_vessel,name,299,248,internal_meshes/blood_vessel/FJ4977_BP22478_FMA50169_Anterior communicating artery.obj,4.3
FMA49575,FJ4978,BP29658,Nasal septal branch of right superior labial artery,blood_vessel,name,226,174,internal_meshes/blood_vessel/FJ4978_BP29658_FMA49575_Nasal septal branch of right superior labial artery.obj,4.3
FMA50775,FJ4979,BP28733,Posterior intercavernous sinus,organ,name,399,556,internal_meshes/organ/FJ4979_BP28733_FMA50775_Posterior intercavernous sinus.obj,4.3
FMA51394,FJ4980,BP28967,Posteromedian medullary vein,blood_vessel,name,114,148,internal_meshes/blood_vessel/FJ4980_BP28967_FMA51394_Posteromedian medullary vein.obj,4.3
FMA50532,FJ4981,BP21313,Right anterior spinal artery,blood_vessel,name,243,338,internal_meshes/blood_vessel/FJ4981_BP21313_FMA50532_Right anterior spinal artery.obj,4.3
FMA50383,FJ4982,BP22068,Right anterior temporal artery,blood_vessel,name,1249,1388,internal_meshes/blood_vessel/FJ4982_BP22068_FMA50383_Right anterior temporal artery.obj,4.3
FMA14297,FJ4983,BP28991,Right anterior vertebral vein,blood_vessel,name,1166,2180,internal_meshes/blood_vessel/FJ4983_BP28991_FMA14297_Right anterior vertebral vein.obj,4.3
FMA66647,FJ4984,BP23322,Trunk of right brachiocephalic vein,blood_vessel,name,4284,8564,internal_meshes/blood_vessel/FJ4984_BP23322_FMA66647_Trunk of right brachiocephalic vein.obj,4.3
FMA51884,FJ4985,BP28716,Right central retinal vein,blood_vessel,name,293,400,internal_meshes/blood_vessel/FJ4985_BP28716_FMA51884_Right central retinal vein.obj,4.3
FMA69325,FJ4986,BP23191,Trunk of right common carotid artery,blood_vessel,name,1755,3506,internal_meshes/blood_vessel/FJ4986_BP23191_FMA69325_Trunk of right common carotid artery.obj,4.3
FMA4760,FJ4987,BP29788,Right deep cervical vein,blood_vessel,name,1609,3210,internal_meshes/blood_vessel/FJ4987_BP29788_FMA4760_Right deep cervical vein.obj,4.3
FMA51311,FJ4988,BP28726,Right deep middle cerebral vein,blood_vessel,name,445,862,internal_meshes/blood_vessel/FJ4988_BP28726_FMA51311_Right deep middle cerebral vein.obj,4.3
FMA66531,FJ4989,BP29715,Trunk of right external carotid artery,blood_vessel,name,643,1282,internal_meshes/blood_vessel/FJ4989_BP29715_FMA66531_Trunk of right external carotid artery.obj,4.3
FMA50876,FJ4990,BP28910,Right facial vein,blood_vessel,name,2286,4498,internal_meshes/blood_vessel/FJ4990_BP28910_FMA50876_Right facial vein.obj,4.3
FMA70847,FJ4991,BP29637,Set of inferior palpebral veins,blood_vessel,name,792,996,internal_meshes/blood_vessel/FJ4991_BP29637_FMA70847_Set of inferior palpebral veins.obj,4.3
FMA51250,FJ4992,BP28809,Right inferior ophthalmic vein,blood_vessel,name,688,1346,internal_meshes/blood_vessel/FJ4992_BP28809_FMA51250_Right inferior ophthalmic vein.obj,4.3
FMA75866,FJ4993,BP23183,Trunk of right internal carotid artery,blood_vessel,name,417,792,internal_meshes/blood_vessel/FJ4993_BP23183_FMA75866_Trunk of right internal carotid artery.obj,4.3
FMA51902,FJ4994,BP28718,Right lacrimal vein,blood_vessel,name,332,498,internal_meshes/blood_vessel/FJ4994_BP28718_FMA51902_Right lacrimal vein.obj,4.3
FMA51016,FJ4995,BP28684,Lateral vein of right lateral ventricle,blood_vessel,name,206,374,internal_meshes/blood_vessel/FJ4995_BP28684_FMA51016_Lateral vein of right lateral ventricle.obj,4.3
FMA52565,FJ4996,BP28866,Right lingual vein,blood_vessel,name,821,1632,internal_meshes/blood_vessel/FJ4996_BP28866_FMA52565_Right lingual vein.obj,4.3
FMA52005,FJ4997,BP28959,Right mastoid emissary vein,blood_vessel,name,504,986,internal_meshes/blood_vessel/FJ4997_BP28959_FMA52005_Right mastoid emissary vein.obj,4.3
FMA51018,FJ4998,BP28680,Medial vein of right lateral ventricle,blood_vessel,name,468,918,internal_meshes/blood_vessel/FJ4998_BP28680_FMA51018_Medial vein of right lateral ventricle.obj,4.3
FMA50824,FJ4999,BP28847,Right middle thyroid vein,blood_vessel,name,529,574,internal_meshes/blood_vessel/FJ4999_BP28847_FMA50824_Right middle thyroid vein.obj,4.3
FMA51882,FJ5000,BP28696,Right nasofrontal vein,blood_vessel,name,251,438,internal_meshes/blood_vessel/FJ5000_BP28696_FMA51882_Right nasofrontal vein.obj,4.3
FMA52003,FJ5001,BP28916,Right parietal emissary vein,blood_vessel,name,521,1016,internal_meshes/blood_vessel/FJ5001_BP28916_FMA52003_Right parietal emissary vein.obj,4.3
FMA50852,FJ5002,BP28703,Right posterior auricular vein,blood_vessel,name,3044,5912,internal_meshes/blood_vessel/FJ5002_BP28703_FMA50852_Right posterior auricular vein.obj,4.3
FMA86070,FJ5003,BP29702,Trunk of right posterior inferior cerebellar artery,blood_vessel,name,668,796,internal_meshes/blood_vessel/FJ5003_BP29702_FMA86070_Trunk of right posterior inferior cerebellar artery.obj,4.3
FMA51123,FJ5004,BP29421,Right pterygoid plexus,nerve,name,1929,3554,internal_meshes/nerve/FJ5004_BP29421_FMA51123_Right pterygoid plexus.obj,4.3
FMA51293,FJ5005,BP28740,Right sigmoid sinus,organ,name,987,1962,internal_meshes/organ/FJ5005_BP28740_FMA51293_Right sigmoid sinus.obj,4.3
FMA82595,FJ5006,BP29714,Trunk proper of right subclavian artery,blood_vessel,name,655,1304,internal_meshes/blood_vessel/FJ5006_BP29714_FMA82595_Trunk proper of right subclavian artery.obj,4.3
FMA51240,FJ5007,BP28751,Right superior anastomotic vein,blood_vessel,name,458,812,internal_meshes/blood_vessel/FJ5007_BP28751_FMA51240_Right superior anastomotic vein.obj,4.3
FMA50816,FJ5008,BP29775,Superior bulb of right internal jugular vein,blood_vessel,name,90,174,internal_meshes/blood_vessel/FJ5008_BP29775_FMA50816_Superior bulb of right internal jugular vein.obj,4.3
FMA50908,FJ5009,BP28706,Right superior palpebral vein,blood_vessel,name,835,1130,internal_meshes/blood_vessel/FJ5009_BP28706_FMA50908_Right superior palpebral vein.obj,4.3
FMA51248,FJ5010,BP28765,Right superior ophthalmic vein,blood_vessel,name,715,1418,internal_meshes/blood_vessel/FJ5010_BP28765_FMA51248_Right superior ophthalmic vein.obj,4.3
FMA66472,FJ5011,BP29192,Trunk of right superior thyroid artery,blood_vessel,name,335,666,internal_meshes/blood_vessel/FJ5011_BP29192_FMA66472_Trunk of right superior thyroid artery.obj,4.3
FMA50905,FJ5012,BP28721,Right supra-orbital vein,blood_vessel,name,1189,2342,internal_meshes/blood_vessel/FJ5012_BP28721_FMA50905_Right supra-orbital vein.obj,4.3
FMA50900,FJ5013,BP28711,Right supratrochlear vein,blood_vessel,name,1121,2140,internal_meshes/blood_vessel/FJ5013_BP28711_FMA50900_Right supratrochlear vein.obj,4.3
FMA50861,FJ5014,BP28720,Right transverse cervical vein,blood_vessel,name,652,1240,internal_meshes/blood_vessel/FJ5014_BP28720_FMA50861_Right transverse cervical vein.obj,4.3
FMA76261,FJ5015,BP23901,Trunk of right vertebral artery,blood_vessel,name,640,1096,internal_meshes/blood_vessel/FJ5015_BP23901_FMA76261_Trunk of right vertebral artery.obj,4.3
FMA4756,FJ5016,BP29798,Right vertebral vein,blood_vessel,name,741,1406,internal_meshes/blood_vessel/FJ5016_BP29798_FMA4756_Right vertebral vein.obj,4.3
FMA50351,FJ5017,BP21285,Intermediomedial branch of right callosomarginal artery,blood_vessel,name,491,874,internal_meshes/blood_vessel/FJ5017_BP21285_FMA50351_Intermediomedial branch of right callosomarginal artery.obj,4.3
FMA50483,FJ5018,BP21222,Artery of right postcentral sulcus,blood_vessel,name,938,1854,internal_meshes/blood_vessel/FJ5018_BP21222_FMA50483_Artery of right postcentral sulcus.obj,4.3
FMA49584,FJ5019,BP29698,Right angular artery,blood_vessel,name,580,678,internal_meshes/blood_vessel/FJ5019_BP29698_FMA49584_Right angular artery.obj,4.3
FMA50895,FJ5020,BP28817,Right angular vein,blood_vessel,name,662,1282,internal_meshes/blood_vessel/FJ5020_BP28817_FMA50895_Right angular vein.obj,4.3
FMA50029,FJ5021,BP21122,Right anterior cerebral artery,blood_vessel,name,250,448,internal_meshes/blood_vessel/FJ5021_BP21122_FMA50029_Right anterior cerebral artery.obj,4.3
FMA76254,FJ5022,BP29245,Trunk of right anterior choroidal artery,blood_vessel,name,1061,1850,internal_meshes/blood_vessel/FJ5022_BP29245_FMA76254_Trunk of right anterior choroidal artery.obj,4.3
FMA79529,FJ5023,BP28948,Trunk of right anterior deep temporal artery,blood_vessel,name,1584,3028,internal_meshes/blood_vessel/FJ5023_BP28948_FMA79529_Trunk of right anterior deep temporal artery.obj,4.3
FMA49489,FJ5024,BP29706,Anterior glandular branch of right superior thyroid artery,blood_vessel,name,424,398,internal_meshes/blood_vessel/FJ5024_BP29706_FMA49489_Anterior glandular branch of right superior thyroid artery.obj,4.3
FMA13319,FJ5025,BP28757,Right anterior jugular vein,blood_vessel,name,1957,3902,internal_meshes/blood_vessel/FJ5025_BP28757_FMA13319_Right anterior jugular vein.obj,4.3
FMA50377,FJ5026,BP23809,Anterolateral central branch of right middle cerebral artery,blood_vessel,name,720,666,internal_meshes/blood_vessel/FJ5026_BP23809_FMA50377_Anterolateral central branch of right middle cerebral artery.obj,4.3
FMA50369,FJ5027,BP23792,Insular part of right middle cerebral artery,blood_vessel,name,282,558,internal_meshes/blood_vessel/FJ5027_BP23792_FMA50369_Insular part of right middle cerebral artery.obj,4.3
FMA86134,FJ5028,BP23030,Trunk of right lateral occipital artery,blood_vessel,name,1406,2320,internal_meshes/blood_vessel/FJ5028_BP23030_FMA86134_Trunk of right lateral occipital artery.obj,4.3
FMA49693,FJ5029,BP29693,Right anterior tympanic artery,blood_vessel,name,579,1054,internal_meshes/blood_vessel/FJ5029_BP29693_FMA49693_Right anterior tympanic artery.obj,4.3
FMA51012,FJ5030,BP28683,Anterior vein of right septum pellucidum,blood_vessel,name,361,452,internal_meshes/blood_vessel/FJ5030_BP28683_FMA51012_Anterior vein of right septum pellucidum.obj,4.3
FMA50377,FJ5031,BP23809,Anterolateral central branch of right middle cerebral artery,blood_vessel,name,1764,1716,internal_meshes/blood_vessel/FJ5031_BP23809_FMA50377_Anterolateral central branch of right middle cerebral artery.obj,4.3
FMA50377,FJ5032,BP23809,Anterolateral central branch of right middle cerebral artery,blood_vessel,name,428,374,internal_meshes/blood_vessel/FJ5032_BP23809_FMA50377_Anterolateral central branch of right middle cerebral artery.obj,4.3
FMA51637,FJ5033,BP28782,Right anterolateral medullary vein,blood_vessel,name,519,642,internal_meshes/blood_vessel/FJ5033_BP28782_FMA51637_Right anterolateral medullary vein.obj,4.3
FMA51635,FJ5034,BP28792,Right anterolateral pontine vein,blood_vessel,name,604,744,internal_meshes/blood_vessel/FJ5034_BP28792_FMA51635_Right anterolateral pontine vein.obj,4.3
FMA50349,FJ5035,BP29660,Anteromedial frontal branch of right callosomarginal artery,blood_vessel,name,1005,1866,internal_meshes/blood_vessel/FJ5035_BP29660_FMA50349_Anteromedial frontal branch of right callosomarginal artery.obj,4.3
FMA77439,FJ5036M,BP21196,Artery of central sulcus,blood_vessel,name,1120,2168,internal_meshes/blood_vessel/FJ5036M_BP21196_FMA77439_Artery of central sulcus.obj,4.3
FMA77439,FJ5036,BP21196,Artery of central sulcus,blood_vessel,name,1116,2168,internal_meshes/blood_vessel/FJ5036_BP21196_FMA77439_Artery of central sulcus.obj,4.3
FMA77439,FJ5037,BP21196,Artery of central sulcus,blood_vessel,name,1216,2312,internal_meshes/blood_vessel/FJ5037_BP21196_FMA77439_Artery of central sulcus.obj,4.3
FMA50483,FJ5038,BP21222,Artery of right postcentral sulcus,blood_vessel,name,645,1266,internal_meshes/blood_vessel/FJ5038_BP21222_FMA50483_Artery of right postcentral sulcus.obj,4.3
FMA50480,FJ5039,BP21244,Artery of right precentral sulcus,blood_vessel,name,1173,2314,internal_meshes/blood_vessel/FJ5039_BP21244_FMA50480_Artery of right precentral sulcus.obj,4.3
FMA50480,FJ5040,BP21244,Artery of right precentral sulcus,blood_vessel,name,433,840,internal_meshes/blood_vessel/FJ5040_BP21244_FMA50480_Artery of right precentral sulcus.obj,4.3
FMA50480,FJ5041,BP21244,Artery of right precentral sulcus,blood_vessel,name,335,588,internal_meshes/blood_vessel/FJ5041_BP21244_FMA50480_Artery of right precentral sulcus.obj,4.3
FMA50361,FJ5042,BP21280,Precuneal branch of right pericallosal artery,blood_vessel,name,763,1012,internal_meshes/blood_vessel/FJ5042_BP21280_FMA50361_Precuneal branch of right pericallosal artery.obj,4.3
FMA76062,FJ5043,BP29216,Trunk of right anterior cerebral artery,blood_vessel,name,131,124,internal_meshes/blood_vessel/FJ5043_BP29216_FMA76062_Trunk of right anterior cerebral artery.obj,4.3
FMA66509,FJ5044,BP28854,Trunk of right ascending cervical artery,blood_vessel,name,1341,2660,internal_meshes/blood_vessel/FJ5044_BP28854_FMA66509_Trunk of right ascending cervical artery.obj,4.3
FMA49498,FJ5045,BP29723,Right ascending pharyngeal artery,blood_vessel,name,713,1404,internal_meshes/blood_vessel/FJ5045_BP29723_FMA49498_Right ascending pharyngeal artery.obj,4.3
FMA50991,FJ5046,BP28730,Right basal vein,blood_vessel,name,825,1646,internal_meshes/blood_vessel/FJ5046_BP28730_FMA50991_Right basal vein.obj,4.3
FMA50476,FJ5047,BP21211,Branch of right middle cerebral artery to right angular gyrus,blood_vessel,name,655,1170,internal_meshes/blood_vessel/FJ5047_BP21211_FMA50476_Branch of right middle cerebral artery to right angular gyrus.obj,4.3
FMA71693,FJ5048,BP29634,Set of branches of cavernous part of internal carotid artery to nerves,blood_vessel,name,178,206,internal_meshes/blood_vessel/FJ5048_BP29634_FMA71693_Set of branches of cavernous part of internal carotid artery to nerves.obj,4.3
FMA50138,FJ5053,BP29675,Branch of right anterior choroidal artery to right optic tract,blood_vessel,name,365,310,internal_meshes/blood_vessel/FJ5053_BP29675_FMA50138_Branch of right anterior choroidal artery to right optic tract.obj,4.3
FMA79538,FJ5056,BP29049,Trunk of right buccal artery,blood_vessel,name,514,622,internal_meshes/blood_vessel/FJ5056_BP29049_FMA79538_Trunk of right buccal artery.obj,4.3
FMA50798,FJ5059,BP29053,Portal vein of hypophysis,blood_vessel,name,437,402,internal_meshes/blood_vessel/FJ5059_BP29053_FMA50798_Portal vein of hypophysis.obj,4.3
FMA50099,FJ5061,BP29346,Right carotid sinus,organ,name,76,124,internal_meshes/organ/FJ5061_BP29346_FMA50099_Right carotid sinus.obj,4.3
FMA51393,FJ5062,BP28961,Dorsal medullary vein,blood_vessel,name,321,338,internal_meshes/blood_vessel/FJ5062_BP28961_FMA51393_Dorsal medullary vein.obj,4.3
FMA49822,FJ5063,BP29017,Cavernous branch of right internal carotid artery,blood_vessel,name,166,214,internal_meshes/blood_vessel/FJ5063_BP29017_FMA49822_Cavernous branch of right internal carotid artery.obj,4.3
FMA51402,FJ5064,BP28741,Right cavernous sinus,organ,name,825,1646,internal_meshes/organ/FJ5064_BP28741_FMA51402_Right cavernous sinus.obj,4.3
FMA49880,FJ5065,BP29707,Right central retinal artery,blood_vessel,name,330,412,internal_meshes/blood_vessel/FJ5065_BP29707_FMA49880_Right central retinal artery.obj,4.3
FMA50412,FJ5066,BP29659,Chiasmatic branch of right posterior communicating artery,blood_vessel,name,174,170,internal_meshes/blood_vessel/FJ5066_BP29659_FMA50412_Chiasmatic branch of right posterior communicating artery.obj,4.3
FMA50131,FJ5067,BP29695,Branch of right anterior choroidal artery to right lateral ventricle,blood_vessel,name,577,644,internal_meshes/blood_vessel/FJ5067_BP29695_FMA50131_Branch of right anterior choroidal artery to right lateral ventricle.obj,4.3
FMA76079,FJ5068,BP28941,Trunk of right callosomarginal artery,blood_vessel,name,322,310,internal_meshes/blood_vessel/FJ5068_BP28941_FMA76079_Trunk of right callosomarginal artery.obj,4.3
FMA50641,FJ5069,BP23063,Postcommunicating part of right posterior cerebral artery,blood_vessel,name,137,250,internal_meshes/blood_vessel/FJ5069_BP23063_FMA50641_Postcommunicating part of right posterior cerebral artery.obj,4.3
FMA75908,FJ5070,BP29230,Trunk of clivus branch of right internal carotid artery,blood_vessel,name,326,332,internal_meshes/blood_vessel/FJ5070_BP29230_FMA75908_Trunk of clivus branch of right internal carotid artery.obj,4.3
FMA50666,FJ5071,BP29656,Right collicular artery,blood_vessel,name,343,490,internal_meshes/blood_vessel/FJ5071_BP29656_FMA50666_Right collicular artery.obj,4.3
FMA49484,FJ5072,BP29683,Right cricothyroid artery,blood_vessel,name,159,254,internal_meshes/blood_vessel/FJ5072_BP29683_FMA49484_Right cricothyroid artery.obj,4.3
FMA49690,FJ5073,BP29688,Right deep auricular artery,blood_vessel,name,543,872,internal_meshes/blood_vessel/FJ5073_BP29688_FMA49690_Right deep auricular artery.obj,4.3
FMA49535,FJ5074,BP29557,Third part of right lingual artery,blood_vessel,name,276,308,internal_meshes/blood_vessel/FJ5074_BP29557_FMA49535_Third part of right lingual artery.obj,4.3
FMA50831,FJ5075,BP28756,Right deep lingual vein,blood_vessel,name,333,488,internal_meshes/blood_vessel/FJ5075_BP28756_FMA50831_Right deep lingual vein.obj,4.3
FMA49709,FJ5076,BP29665,Dental branch of right inferior alveolar artery,blood_vessel,name,944,1588,internal_meshes/blood_vessel/FJ5076_BP29665_FMA49709_Dental branch of right inferior alveolar artery.obj,4.3
FMA49762,FJ5077,BP29655,Dental branch of right posterior superior alveolar artery,blood_vessel,name,231,408,internal_meshes/blood_vessel/FJ5077_BP29655_FMA49762_Dental branch of right posterior superior alveolar artery.obj,4.3
FMA79568,FJ5078,BP28995,Trunk of right descending palatine artery,blood_vessel,name,326,626,internal_meshes/blood_vessel/FJ5078_BP28995_FMA79568_Trunk of right descending palatine artery.obj,4.3
FMA50684,FJ5079,BP22539,Right splenial artery,blood_vessel,name,641,1260,internal_meshes/blood_vessel/FJ5079_BP22539_FMA50684_Right splenial artery.obj,4.3
FMA50001,FJ5080,BP29678,Right dorsal nasal artery,blood_vessel,name,775,988,internal_meshes/blood_vessel/FJ5080_BP29678_FMA50001_Right dorsal nasal artery.obj,4.3
FMA51393,FJ5081,BP28961,Dorsal medullary vein,blood_vessel,name,464,390,internal_meshes/blood_vessel/FJ5081_BP28961_FMA51393_Dorsal medullary vein.obj,4.3
FMA13111,FJ5082,BP28813,Right external jugular vein,blood_vessel,name,2176,4348,internal_meshes/blood_vessel/FJ5082_BP28813_FMA13111_Right external jugular vein.obj,4.3
FMA50911,FJ5083,BP28728,Right external nasal vein,blood_vessel,name,384,532,internal_meshes/blood_vessel/FJ5083_BP28728_FMA50911_Right external nasal vein.obj,4.3
FMA66450,FJ5084,BP29132,Trunk of right facial artery,blood_vessel,name,1085,2132,internal_meshes/blood_vessel/FJ5084_BP29132_FMA66450_Trunk of right facial artery.obj,4.3
FMA49673,FJ5085,BP29684,Frontal branch of right superficial temporal artery,blood_vessel,name,534,928,internal_meshes/blood_vessel/FJ5085_BP29684_FMA49673_Frontal branch of right superficial temporal artery.obj,4.3
FMA49731,FJ5086,BP29666,Frontal branch of right middle meningeal artery,blood_vessel,name,4145,8038,internal_meshes/blood_vessel/FJ5086_BP29666_FMA49731_Frontal branch of right middle meningeal artery.obj,4.3
FMA79572,FJ5087,BP28884,Trunk of right greater palatine artery,blood_vessel,name,971,778,internal_meshes/blood_vessel/FJ5087_BP28884_FMA79572_Trunk of right greater palatine artery.obj,4.3
FMA50428,FJ5088,BP21602,Hypothalamic branch of right posterior communicating artery,blood_vessel,name,295,278,internal_meshes/blood_vessel/FJ5088_BP21602_FMA50428_Hypothalamic branch of right posterior communicating artery.obj,4.3
FMA49696,FJ5089,BP29679,Right inferior alveolar artery,blood_vessel,name,1499,2994,internal_meshes/blood_vessel/FJ5089_BP29679_FMA49696_Right inferior alveolar artery.obj,4.3
FMA51242,FJ5090,BP28731,Right inferior anastomotic vein,blood_vessel,name,1184,2306,internal_meshes/blood_vessel/FJ5090_BP28731_FMA51242_Right inferior anastomotic vein.obj,4.3
FMA51242,FJ5091,BP28731,Right inferior anastomotic vein,blood_vessel,name,319,618,internal_meshes/blood_vessel/FJ5091_BP28731_FMA51242_Right inferior anastomotic vein.obj,4.3
FMA50820,FJ5092,BP29778,Inferior bulb of right internal jugular vein,blood_vessel,name,342,680,internal_meshes/blood_vessel/FJ5092_BP29778_FMA50820_Inferior bulb of right internal jugular vein.obj,4.3
FMA51001,FJ5093,BP28701,Right inferior choroid vein,blood_vessel,name,234,320,internal_meshes/blood_vessel/FJ5093_BP28701_FMA51001_Right inferior choroid vein.obj,4.3
FMA75898,FJ5094,BP29213,Trunk of right inferior hypophyseal artery,blood_vessel,name,203,298,internal_meshes/blood_vessel/FJ5094_BP29213_FMA75898_Trunk of right inferior hypophyseal artery.obj,4.3
FMA49568,FJ5095,BP29694,Right inferior labial artery,blood_vessel,name,442,656,internal_meshes/blood_vessel/FJ5095_BP29694_FMA49568_Right inferior labial artery.obj,4.3
FMA52542,FJ5096,BP28737,Right inferior labial vein,blood_vessel,name,827,1496,internal_meshes/blood_vessel/FJ5096_BP28737_FMA52542_Right inferior labial vein.obj,4.3
FMA50021,FJ5097,BP29650,Right inferior palpebral arch,blood_vessel,name,308,286,internal_meshes/blood_vessel/FJ5097_BP29650_FMA50021_Right inferior palpebral arch.obj,4.3
FMA51291,FJ5098,BP28734,Right inferior petrosal sinus,organ,name,312,600,internal_meshes/organ/FJ5098_BP28734_FMA51291_Right inferior petrosal sinus.obj,4.3
FMA4757,FJ5099,BP29793,Right inferior thyroid vein,blood_vessel,name,3311,6176,internal_meshes/blood_vessel/FJ5099_BP29793_FMA4757_Right inferior thyroid vein.obj,4.3
FMA49508,FJ5100,BP29685,Right inferior tympanic artery,blood_vessel,name,307,420,internal_meshes/blood_vessel/FJ5100_BP29685_FMA49508_Right inferior tympanic artery.obj,4.3
FMA51231,FJ5101,BP29036,Inferior vein of vermis,blood_vessel,name,1107,1044,internal_meshes/blood_vessel/FJ5101_BP29036_FMA51231_Inferior vein of vermis.obj,4.3
FMA79551,FJ5102,BP29057,Trunk of right infra-orbital artery,blood_vessel,name,348,564,internal_meshes/blood_vessel/FJ5102_BP29057_FMA79551_Trunk of right infra-orbital artery.obj,4.3
FMA49475,FJ5103,BP29674,Right infrahyoid artery,blood_vessel,name,255,442,internal_meshes/blood_vessel/FJ5103_BP29674_FMA49475_Right infrahyoid artery.obj,4.3
FMA86134,FJ5104,BP23030,Trunk of right lateral occipital artery,blood_vessel,name,806,1386,internal_meshes/blood_vessel/FJ5104_BP23030_FMA86134_Trunk of right lateral occipital artery.obj,4.3
FMA50818,FJ5105,BP29325,Right internal jugular vein proper,blood_vessel,name,777,1550,internal_meshes/blood_vessel/FJ5105_BP29325_FMA50818_Right internal jugular vein proper.obj,4.3
FMA49928,FJ5106,BP29676,Right lacrimal artery,blood_vessel,name,517,594,internal_meshes/blood_vessel/FJ5106_BP29676_FMA49928_Right lacrimal artery.obj,4.3
FMA50578,FJ5107,BP21073,Lateral branch of right superior cerebellar artery,blood_vessel,name,714,736,internal_meshes/blood_vessel/FJ5107_BP21073_FMA50578_Lateral branch of right superior cerebellar artery.obj,4.3
FMA50568,FJ5108,BP22712,Lateral branch of right pontine artery,blood_vessel,name,515,558,internal_meshes/blood_vessel/FJ5108_BP22712_FMA50568_Lateral branch of right pontine artery.obj,4.3
FMA76149,FJ5110,BP28950,Trunk of right lateral frontobasal artery,blood_vessel,name,976,1746,internal_meshes/blood_vessel/FJ5110_BP28950_FMA76149_Trunk of right lateral frontobasal artery.obj,4.3
FMA50443,FJ5111,BP21249,Right lateral frontobasal artery,blood_vessel,name,251,396,internal_meshes/blood_vessel/FJ5111_BP21249_FMA50443_Right lateral frontobasal artery.obj,4.3
FMA49495,FJ5112,BP29691,Lateral glandular branch of right superior thyroid artery,blood_vessel,name,272,262,internal_meshes/blood_vessel/FJ5112_BP29691_FMA49495_Lateral glandular branch of right superior thyroid artery.obj,4.3
FMA49581,FJ5113,BP29686,Right lateral nasal artery,blood_vessel,name,306,360,internal_meshes/blood_vessel/FJ5113_BP29686_FMA49581_Right lateral nasal artery.obj,4.3
FMA50690,FJ5114,BP29646,Right calcarine artery,blood_vessel,name,1131,2052,internal_meshes/blood_vessel/FJ5114_BP29646_FMA50690_Right calcarine artery.obj,4.3
FMA49941,FJ5115,BP29648,Right lateral palpebral artery,blood_vessel,name,1027,1168,internal_meshes/blood_vessel/FJ5115_BP29648_FMA49941_Right lateral palpebral artery.obj,4.3
FMA49802,FJ5116,BP29671,Right lesser palatine artery,blood_vessel,name,623,644,internal_meshes/blood_vessel/FJ5116_BP29671_FMA49802_Right lesser palatine artery.obj,4.3
FMA66447,FJ5117,BP29142,Trunk of right lingual artery,blood_vessel,name,345,654,internal_meshes/blood_vessel/FJ5117_BP29142_FMA66447_Trunk of right lingual artery.obj,4.3
FMA49957,FJ5118,BP29682,Right long posterior ciliary artery,blood_vessel,name,542,744,internal_meshes/blood_vessel/FJ5118_BP29682_FMA49957_Right long posterior ciliary artery.obj,4.3
FMA50449,FJ5119,BP29654,Right mammillary artery,blood_vessel,name,133,124,internal_meshes/blood_vessel/FJ5119_BP29654_FMA50449_Right mammillary artery.obj,4.3
FMA52210,FJ5120,BP28747,Right marginal sinus,organ,name,642,962,internal_meshes/organ/FJ5120_BP28747_FMA52210_Right marginal sinus.obj,4.3
FMA79525,FJ5121,BP29090,Trunk of right masseteric artery,blood_vessel,name,599,688,internal_meshes/blood_vessel/FJ5121_BP29090_FMA79525_Trunk of right masseteric artery.obj,4.3
FMA66456,FJ5122,BP29186,Trunk of right maxillary artery,blood_vessel,name,438,852,internal_meshes/blood_vessel/FJ5122_BP29186_FMA66456_Trunk of right maxillary artery.obj,4.3
FMA77908,FJ5123,BP28804,Trunk of right maxillary vein,blood_vessel,name,701,1398,internal_meshes/blood_vessel/FJ5123_BP28804_FMA77908_Trunk of right maxillary vein.obj,4.3
FMA86079,FJ5124,BP28977,Trunk of medial branch of right superior cerebellar artery,blood_vessel,name,342,354,internal_meshes/blood_vessel/FJ5124_BP28977_FMA86079_Trunk of medial branch of right superior cerebellar artery.obj,4.3
FMA50566,FJ5125,BP23807,Medial branch of right pontine artery,blood_vessel,name,328,356,internal_meshes/blood_vessel/FJ5125_BP23807_FMA50566_Medial branch of right pontine artery.obj,4.3
FMA50343,FJ5126,BP21247,Right medial frontobasal artery,blood_vessel,name,400,494,internal_meshes/blood_vessel/FJ5126_BP21247_FMA50343_Right medial frontobasal artery.obj,4.3
FMA50013,FJ5128,BP29699,Right medial palpebral artery,blood_vessel,name,1499,1710,internal_meshes/blood_vessel/FJ5128_BP29699_FMA50013_Right medial palpebral artery.obj,4.3
FMA50174,FJ5129,BP29664,Median commissural artery,blood_vessel,name,629,454,internal_meshes/blood_vessel/FJ5129_BP29664_FMA50174_Median commissural artery.obj,4.3
FMA75886,FJ5130,BP28969,Trunk of meningeal branch of cavernous part of right internal carotid artery,blood_vessel,name,281,308,internal_meshes/blood_vessel/FJ5130_BP28969_FMA75886_Trunk of meningeal branch of cavernous part of right internal carotid artery.obj,4.3
FMA49705,FJ5131,BP29670,Right mental artery,blood_vessel,name,1085,1258,internal_meshes/blood_vessel/FJ5131_BP29670_FMA49705_Right mental artery.obj,4.3
FMA50366,FJ5132,BP23364,Sphenoid part of right middle cerebral artery,blood_vessel,name,207,402,internal_meshes/blood_vessel/FJ5132_BP23364_FMA50366_Sphenoid part of right middle cerebral artery.obj,4.3
FMA79494,FJ5133,BP28980,Trunk of right middle meningeal artery,blood_vessel,name,147,234,internal_meshes/blood_vessel/FJ5133_BP28980_FMA79494_Trunk of right middle meningeal artery.obj,4.3
FMA61991,FJ5134,BP29157,Trunk of right middle cerebral artery,blood_vessel,name,704,818,internal_meshes/blood_vessel/FJ5134_BP29157_FMA61991_Trunk of right middle cerebral artery.obj,4.3
FMA50369,FJ5135,BP23792,Insular part of right middle cerebral artery,blood_vessel,name,1593,3170,internal_meshes/blood_vessel/FJ5135_BP23792_FMA50369_Insular part of right middle cerebral artery.obj,4.3
FMA50936,FJ5136,BP28687,Right middle temporal vein,blood_vessel,name,3719,7026,internal_meshes/blood_vessel/FJ5136_BP28687_FMA50936_Right middle temporal vein.obj,4.3
FMA79455,FJ5137,BP29063,Trunk of right middle temporal artery,blood_vessel,name,1817,2886,internal_meshes/blood_vessel/FJ5137_BP29063_FMA79455_Trunk of right middle temporal artery.obj,4.3
FMA49703,FJ5138,BP29668,Right mylohyoid artery,blood_vessel,name,1357,2578,internal_meshes/blood_vessel/FJ5138_BP29668_FMA49703_Right mylohyoid artery.obj,4.3
FMA66453,FJ5139,BP29260,Trunk of right occipital artery,blood_vessel,name,2531,3718,internal_meshes/blood_vessel/FJ5139_BP29260_FMA66453_Trunk of right occipital artery.obj,4.3
FMA50781,FJ5140,BP28965,Occipital sinus,organ,name,1010,2016,internal_meshes/organ/FJ5140_BP28965_FMA50781_Occipital sinus.obj,4.3
FMA52113,FJ5141,BP28904,Right occipital diploic vein,blood_vessel,name,3725,7446,internal_meshes/blood_vessel/FJ5141_BP28904_FMA52113_Right occipital diploic vein.obj,4.3
FMA50692,FJ5142,BP29645,Occipitotemporal branch of right medial occipital artery,blood_vessel,name,761,1396,internal_meshes/blood_vessel/FJ5142_BP29645_FMA50692_Occipitotemporal branch of right medial occipital artery.obj,4.3
FMA70525,FJ5143,BP29191,Trunk of right ophthalmic artery,blood_vessel,name,595,790,internal_meshes/blood_vessel/FJ5143_BP29191_FMA70525_Trunk of right ophthalmic artery.obj,4.3
FMA49729,FJ5144,BP29663,Orbital branch of right middle meningeal artery,blood_vessel,name,667,1268,internal_meshes/blood_vessel/FJ5144_BP29663_FMA49729_Orbital branch of right middle meningeal artery.obj,4.3
FMA49671,FJ5148,BP29710,Parietal branch of right superficial temporal artery,blood_vessel,name,1911,3106,internal_meshes/blood_vessel/FJ5148_BP29710_FMA49671_Parietal branch of right superficial temporal artery.obj,4.3
FMA49727,FJ5149,BP29662,Parietal branch of right middle meningeal artery,blood_vessel,name,4718,9052,internal_meshes/blood_vessel/FJ5149_BP29662_FMA49727_Parietal branch of right middle meningeal artery.obj,4.3
FMA50686,FJ5150,BP29647,Parietal branch of right medial occipital artery,blood_vessel,name,335,492,internal_meshes/blood_vessel/FJ5150_BP29647_FMA50686_Parietal branch of right medial occipital artery.obj,4.3
FMA76098,FJ5151,BP28827,Trunk of rightpericallosal artery,blood_vessel,name,856,860,internal_meshes/blood_vessel/FJ5151_BP28827_FMA76098_Trunk of rightpericallosal artery.obj,4.3
FMA4943,FJ5152,BP29813,Pericardial vein,blood_vessel,name,3099,5528,internal_meshes/blood_vessel/FJ5152_BP29813_FMA4943_Pericardial vein.obj,4.3
FMA49765,FJ5153,BP29657,Peridental branch of right posterior superior alveolar artery,blood_vessel,name,273,452,internal_meshes/blood_vessel/FJ5153_BP29657_FMA49765_Peridental branch of right posterior superior alveolar artery.obj,4.3
FMA50822,FJ5154,BP29558,Pharyngeal venous plexus,blood_vessel,name,4051,5932,internal_meshes/blood_vessel/FJ5154_BP29558_FMA50822_Pharyngeal venous plexus.obj,4.3
FMA50846,FJ5155,BP28963,Right pharyngeal vein,blood_vessel,name,641,1264,internal_meshes/blood_vessel/FJ5155_BP28963_FMA50846_Right pharyngeal vein.obj,4.3
FMA76076,FJ5156,BP28874,Trunk of right polar frontal artery,blood_vessel,name,550,1060,internal_meshes/blood_vessel/FJ5156_BP28874_FMA76076_Trunk of right polar frontal artery.obj,4.3
FMA76113,FJ5157,BP28858,Trunk of right polar temporal artery,blood_vessel,name,269,360,internal_meshes/blood_vessel/FJ5157_BP28858_FMA76113_Trunk of right polar temporal artery.obj,4.3
FMA50798,FJ5158,BP29053,Portal vein of hypophysis,blood_vessel,name,78,66,internal_meshes/blood_vessel/FJ5158_BP29053_FMA50798_Portal vein of hypophysis.obj,4.3
FMA49625,FJ5160,BP29713,Right posterior auricular artery,blood_vessel,name,1335,2264,internal_meshes/blood_vessel/FJ5160_BP29713_FMA49625_Right posterior auricular artery.obj,4.3
FMA50641,FJ5161,BP23063,Postcommunicating part of right posterior cerebral artery,blood_vessel,name,1013,2022,internal_meshes/blood_vessel/FJ5161_BP23063_FMA50641_Postcommunicating part of right posterior cerebral artery.obj,4.3
FMA50085,FJ5162,BP21058,Right posterior communicating artery,blood_vessel,name,122,204,internal_meshes/blood_vessel/FJ5162_BP21058_FMA50085_Right posterior communicating artery.obj,4.3
FMA49492,FJ5163,BP29700,Posterior glandular branch of right superior thyroid artery,blood_vessel,name,205,304,internal_meshes/blood_vessel/FJ5163_BP29700_FMA49492_Posterior glandular branch of right superior thyroid artery.obj,4.3
FMA79585,FJ5164,BP28890,Trunk of right posterior lateral nasal artery,blood_vessel,name,1286,1498,internal_meshes/blood_vessel/FJ5164_BP28890_FMA79585_Trunk of right posterior lateral nasal artery.obj,4.3
FMA49504,FJ5166,BP29692,Right posterior meningeal artery,blood_vessel,name,240,342,internal_meshes/blood_vessel/FJ5166_BP29692_FMA49504_Right posterior meningeal artery.obj,4.3
FMA50489,FJ5167,BP21246,Right posterior parietal artery,blood_vessel,name,962,1240,internal_meshes/blood_vessel/FJ5167_BP21246_FMA50489_Right posterior parietal artery.obj,4.3
FMA79588,FJ5168,BP28895,Trunk of posterior septal branch of right sphenopalatine artery,blood_vessel,name,234,356,internal_meshes/blood_vessel/FJ5168_BP28895_FMA79588_Trunk of posterior septal branch of right sphenopalatine artery.obj,4.3
FMA49758,FJ5169,BP29709,Right posterior superior alveolar artery,blood_vessel,name,193,308,internal_meshes/blood_vessel/FJ5169_BP29709_FMA49758_Right posterior superior alveolar artery.obj,4.3
FMA79532,FJ5170,BP28956,Trunk of right posterior deep temporal artery,blood_vessel,name,1143,1456,internal_meshes/blood_vessel/FJ5170_BP28956_FMA79532_Trunk of right posterior deep temporal artery.obj,4.3
FMA50369,FJ5171,BP23792,Insular part of right middle cerebral artery,blood_vessel,name,249,440,internal_meshes/blood_vessel/FJ5171_BP23792_FMA50369_Insular part of right middle cerebral artery.obj,4.3
FMA50692,FJ5172,BP29645,Occipitotemporal branch of right medial occipital artery,blood_vessel,name,896,1580,internal_meshes/blood_vessel/FJ5172_BP29645_FMA50692_Occipitotemporal branch of right medial occipital artery.obj,4.3
FMA51020,FJ5174,BP28681,Posterior vein of right septum pellucidum,blood_vessel,name,188,218,internal_meshes/blood_vessel/FJ5174_BP28681_FMA51020_Posterior vein of right septum pellucidum.obj,4.3
FMA50668,FJ5175,BP29154,Posterolateral central branch of right posterior cerebral artery,blood_vessel,name,495,516,internal_meshes/blood_vessel/FJ5175_BP29154_FMA50668_Posterolateral central branch of right posterior cerebral artery.obj,4.3
FMA51393,FJ5176,BP28961,Dorsal medullary vein,blood_vessel,name,266,300,internal_meshes/blood_vessel/FJ5176_BP28961_FMA51393_Dorsal medullary vein.obj,4.3
FMA51234,FJ5177,BP28978,Precentral cerebellar vein,blood_vessel,name,294,388,internal_meshes/blood_vessel/FJ5177_BP28978_FMA51234_Precentral cerebellar vein.obj,4.3
FMA50639,FJ5178,BP23085,Precommunicating part of right posterior cerebral artery,blood_vessel,name,141,268,internal_meshes/blood_vessel/FJ5178_BP23085_FMA50639_Precommunicating part of right posterior cerebral artery.obj,4.3
FMA50445,FJ5179,BP21259,Right prefrontal artery,blood_vessel,name,1535,2812,internal_meshes/blood_vessel/FJ5179_BP21259_FMA50445_Right prefrontal artery.obj,4.3
FMA50315,FJ5180,BP29669,Right proximal medial striate artery,blood_vessel,name,972,990,internal_meshes/blood_vessel/FJ5180_BP29669_FMA50315_Right proximal medial striate artery.obj,4.3
FMA79522,FJ5181,BP29026,Trunk of right pterygomeningeal artery,blood_vessel,name,1825,3232,internal_meshes/blood_vessel/FJ5181_BP29026_FMA79522_Trunk of right pterygomeningeal artery.obj,4.3
FMA75971,FJ5182,BP28917,Trunk of recurrent meningeal branch of right lacrimal artery,blood_vessel,name,385,498,internal_meshes/blood_vessel/FJ5182_BP28917_FMA75971_Trunk of recurrent meningeal branch of right lacrimal artery.obj,4.3
FMA50929,FJ5183,BP28714,Right retromandibular vein,blood_vessel,name,2182,4360,internal_meshes/blood_vessel/FJ5183_BP28714_FMA50929_Right retromandibular vein.obj,4.3
FMA79581,FJ5184,BP29075,Trunk of right sphenopalatine artery,blood_vessel,name,199,358,internal_meshes/blood_vessel/FJ5184_BP29075_FMA79581_Trunk of right sphenopalatine artery.obj,4.3
FMA51404,FJ5186,BP28769,Right sphenoparietal sinus,organ,name,466,550,internal_meshes/organ/FJ5186_BP28769_FMA51404_Right sphenoparietal sinus.obj,4.3
FMA50814,FJ5187,BP28863,Right sternocleidomastoid vein,blood_vessel,name,345,420,internal_meshes/blood_vessel/FJ5187_BP28863_FMA50814_Right sternocleidomastoid vein.obj,4.3
FMA49629,FJ5188,BP29681,Right stylomastoid artery,blood_vessel,name,522,578,internal_meshes/blood_vessel/FJ5188_BP29681_FMA49629_Right stylomastoid artery.obj,4.3
FMA66650,FJ5189,BP29180,Trunk of right subclavian vein,blood_vessel,name,290,576,internal_meshes/blood_vessel/FJ5189_BP29180_FMA66650_Trunk of right subclavian vein.obj,4.3
FMA49544,FJ5190,BP29680,Right sublingual artery,blood_vessel,name,366,310,internal_meshes/blood_vessel/FJ5190_BP29680_FMA49544_Right sublingual artery.obj,4.3
FMA50837,FJ5191,BP28822,Right sublingual vein,blood_vessel,name,544,688,internal_meshes/blood_vessel/FJ5191_BP28822_FMA50837_Right sublingual vein.obj,4.3
FMA49562,FJ5192,BP29690,Right submental artery,blood_vessel,name,587,616,internal_meshes/blood_vessel/FJ5192_BP29690_FMA49562_Right submental artery.obj,4.3
FMA50926,FJ5193,BP28752,Right submental vein,blood_vessel,name,793,1352,internal_meshes/blood_vessel/FJ5193_BP28752_FMA50926_Right submental vein.obj,4.3
FMA50984,FJ5194,BP28746,Right superficial middle cerebral vein,blood_vessel,name,1618,3166,internal_meshes/blood_vessel/FJ5194_BP28746_FMA50984_Right superficial middle cerebral vein.obj,4.3
FMA50984,FJ5195,BP28746,Right superficial middle cerebral vein,blood_vessel,name,387,488,internal_meshes/blood_vessel/FJ5195_BP28746_FMA50984_Right superficial middle cerebral vein.obj,4.3
FMA50984,FJ5196,BP28746,Right superficial middle cerebral vein,blood_vessel,name,386,418,internal_meshes/blood_vessel/FJ5196_BP28746_FMA50984_Right superficial middle cerebral vein.obj,4.3
FMA79429,FJ5197,BP29255,Trunk of right superficial temporal artery,blood_vessel,name,1276,2056,internal_meshes/blood_vessel/FJ5197_BP29255_FMA79429_Trunk of right superficial temporal artery.obj,4.3
FMA50933,FJ5198,BP28695,Right superficial temporal vein,blood_vessel,name,7819,14932,internal_meshes/blood_vessel/FJ5198_BP28695_FMA50933_Right superficial temporal vein.obj,4.3
FMA86076,FJ5199,BP29398,Trunk of right superior cerebellar artery,blood_vessel,name,251,468,internal_meshes/blood_vessel/FJ5199_BP29398_FMA86076_Trunk of right superior cerebellar artery.obj,4.3
FMA51330,FJ5200,BP28689,Right superior choroid vein,blood_vessel,name,330,406,internal_meshes/blood_vessel/FJ5200_BP28689_FMA51330_Right superior choroid vein.obj,4.3
FMA49850,FJ5201,BP29721,Right superior hypophyseal artery,blood_vessel,name,614,534,internal_meshes/blood_vessel/FJ5201_BP29721_FMA49850_Right superior hypophyseal artery.obj,4.3
FMA49571,FJ5202,BP29708,Right superior labial artery,blood_vessel,name,644,748,internal_meshes/blood_vessel/FJ5202_BP29708_FMA49571_Right superior labial artery.obj,4.3
FMA52539,FJ5203,BP28797,Right superior labial vein,blood_vessel,name,587,870,internal_meshes/blood_vessel/FJ5203_BP28797_FMA52539_Right superior labial vein.obj,4.3
FMA49481,FJ5204,BP29711,Right superior laryngeal artery,blood_vessel,name,352,582,internal_meshes/blood_vessel/FJ5204_BP29711_FMA49481_Right superior laryngeal artery.obj,4.3
FMA50812,FJ5205,BP28750,Right superior laryngeal vein,blood_vessel,name,471,668,internal_meshes/blood_vessel/FJ5205_BP28750_FMA50812_Right superior laryngeal vein.obj,4.3
FMA50023,FJ5206,BP29667,Right superior palpebral arch,blood_vessel,name,338,314,internal_meshes/blood_vessel/FJ5206_BP29667_FMA50023_Right superior palpebral arch.obj,4.3
FMA51289,FJ5207,BP28760,Right superior petrosal sinus,organ,name,697,1386,internal_meshes/organ/FJ5207_BP28760_FMA51289_Right superior petrosal sinus.obj,4.3
FMA79516,FJ5209,BP28862,Trunk of right superior tympanic artery,blood_vessel,name,436,852,internal_meshes/blood_vessel/FJ5209_BP28862_FMA79516_Trunk of right superior tympanic artery.obj,4.3
FMA51230,FJ5210,BP29076,Superior vein of vermis,blood_vessel,name,376,560,internal_meshes/blood_vessel/FJ5210_BP29076_FMA51230_Superior vein of vermis.obj,4.3
FMA51230,FJ5211,BP29076,Superior vein of vermis,blood_vessel,name,315,230,internal_meshes/blood_vessel/FJ5211_BP29076_FMA51230_Superior vein of vermis.obj,4.3
FMA49974,FJ5212,BP29689,Right supra-orbital artery,blood_vessel,name,273,380,internal_meshes/blood_vessel/FJ5212_BP29689_FMA49974_Right supra-orbital artery.obj,4.3
FMA50026,FJ5213,BP29672,Right supratrochlear artery,blood_vessel,name,340,496,internal_meshes/blood_vessel/FJ5213_BP29672_FMA50026_Right supratrochlear artery.obj,4.3
FMA50473,FJ5214,BP22193,Temporo-occipital branch of right middle cerebral artery,blood_vessel,name,1307,1682,internal_meshes/blood_vessel/FJ5214_BP22193_FMA50473_Temporo-occipital branch of right middle cerebral artery.obj,4.3
FMA75911,FJ5215,BP29171,Trunk of tentorial basal branch of right internal carotid artery,blood_vessel,name,470,508,internal_meshes/blood_vessel/FJ5215_BP29171_FMA75911_Trunk of tentorial basal branch of right internal carotid artery.obj,4.3
FMA75914,FJ5216,BP29251,Trunk of tentorial marginal branch of right internal carotid artery,blood_vessel,name,451,538,internal_meshes/blood_vessel/FJ5216_BP29251_FMA75914_Trunk of tentorial marginal branch of right internal carotid artery.obj,4.3
FMA50670,FJ5217,BP24012,Right thalamogeniculate artery,blood_vessel,name,1148,1524,internal_meshes/blood_vessel/FJ5217_BP24012_FMA50670_Right thalamogeniculate artery.obj,4.3
FMA50664,FJ5218,BP22541,Right thalamoperforating artery,blood_vessel,name,352,362,internal_meshes/blood_vessel/FJ5218_BP22541_FMA50664_Right thalamoperforating artery.obj,4.3
FMA50999,FJ5219,BP28688,Right superior thalamostriate vein,blood_vessel,name,272,314,internal_meshes/blood_vessel/FJ5219_BP28688_FMA50999_Right superior thalamostriate vein.obj,4.3
FMA50425,FJ5220,BP29651,Right thalamotuberal artery,blood_vessel,name,333,344,internal_meshes/blood_vessel/FJ5220_BP29651_FMA50425_Right thalamotuberal artery.obj,4.3
FMA4747,FJ5221,BP29264,Thymic vein,blood_vessel,name,885,1460,internal_meshes/blood_vessel/FJ5221_BP29264_FMA4747_Thymic vein.obj,4.3
FMA50764,FJ5222,BP28771,Right transverse sinus,organ,name,1443,2882,internal_meshes/organ/FJ5222_BP28771_FMA50764_Right transverse sinus.obj,4.3
FMA76193,FJ5223,BP29106,Trunk of right uncal artery,blood_vessel,name,219,230,internal_meshes/blood_vessel/FJ5223_BP29106_FMA76193_Trunk of right uncal artery.obj,4.3
FMA50519,FJ5224,BP24003,Right posterior inferior cerebellar artery,blood_vessel,name,356,240,internal_meshes/blood_vessel/FJ5224_BP24003_FMA50519_Right posterior inferior cerebellar artery.obj,4.3
FMA50519,FJ5225,BP24003,Right posterior inferior cerebellar artery,blood_vessel,name,348,224,internal_meshes/blood_vessel/FJ5225_BP24003_FMA50519_Right posterior inferior cerebellar artery.obj,4.3
FMA50519,FJ5226,BP24003,Right posterior inferior cerebellar artery,blood_vessel,name,261,286,internal_meshes/blood_vessel/FJ5226_BP24003_FMA50519_Right posterior inferior cerebellar artery.obj,4.3
FMA50519,FJ5227,BP24003,Right posterior inferior cerebellar artery,blood_vessel,name,277,322,internal_meshes/blood_vessel/FJ5227_BP24003_FMA50519_Right posterior inferior cerebellar artery.obj,4.3
FMA50519,FJ5228,BP24003,Right posterior inferior cerebellar artery,blood_vessel,name,122,84,internal_meshes/blood_vessel/FJ5228_BP24003_FMA50519_Right posterior inferior cerebellar artery.obj,4.3
FMA50519,FJ5229,BP24003,Right posterior inferior cerebellar artery,blood_vessel,name,212,166,internal_meshes/blood_vessel/FJ5229_BP24003_FMA50519_Right posterior inferior cerebellar artery.obj,4.3
FMA50519,FJ5230,BP24003,Right posterior inferior cerebellar artery,blood_vessel,name,821,736,internal_meshes/blood_vessel/FJ5230_BP24003_FMA50519_Right posterior inferior cerebellar artery.obj,4.3
FMA50808,FJ5231,BP28831,Right superior thyroid vein,blood_vessel,name,1884,3022,internal_meshes/blood_vessel/FJ5231_BP28831_FMA50808_Right superior thyroid vein.obj,4.3
FMA50767,FJ5232,BP28876,Superior sagittal sinus,organ,name,6383,12762,internal_meshes/organ/FJ5232_BP28876_FMA50767_Superior sagittal sinus.obj,4.3
FMA51014,FJ5234,BP28682,Vein of right caudate nucleus,blood_vessel,name,472,608,internal_meshes/blood_vessel/FJ5234_BP28682_FMA51014_Vein of right caudate nucleus.obj,4.3
FMA70442,FJ5796,BP22295,Anterior superior segmental hepatic artery,blood_vessel,name,654,1296,internal_meshes/blood_vessel/FJ5796_BP22295_FMA70442_Anterior superior segmental hepatic artery.obj,4.3
FMA71889,FJ5812,BP23221,Caudate lobe tributary of left hepatic biliary tree,organ,name,328,554,internal_meshes/organ/FJ5812_BP23221_FMA71889_Caudate lobe tributary of left hepatic biliary tree.obj,4.3
FMA15804,FJ5816,BP20866,Lateral inferior segmental tributary of left hepatic vein,blood_vessel,name,274,516,internal_meshes/blood_vessel/FJ5816_BP20866_FMA15804_Lateral inferior segmental tributary of left hepatic vein.obj,4.3
FMA71886,FJ5819,BP23284,Medial inferior tributary of left hepatic biliary tree,organ,name,469,812,internal_meshes/organ/FJ5819_BP23284_FMA71886_Medial inferior tributary of left hepatic biliary tree.obj,4.3
FMA70446,FJ5826,BP22340,Posterior inferior segmental hepatic artery,blood_vessel,name,558,1014,internal_meshes/blood_vessel/FJ5826_BP22340_FMA70446_Posterior inferior segmental hepatic artery.obj,4.3
FMA68140,FJ5951,BP29755,Left posterior basal segmental bronchial artery,blood_vessel,name,876,1748,internal_meshes/blood_vessel/FJ5951_BP29755_FMA68140_Left posterior basal segmental bronchial artery.obj,4.3
FMA68139,FJ5952,BP29756,Left lateral basal segmental bronchial artery,blood_vessel,name,86,100,internal_meshes/blood_vessel/FJ5952_BP29756_FMA68139_Left lateral basal segmental bronchial artery.obj,4.3
FMA68138,FJ5953,BP29742,Left anterior basal segmental bronchial artery,blood_vessel,name,1270,2400,internal_meshes/blood_vessel/FJ5953_BP29742_FMA68138_Left anterior basal segmental bronchial artery.obj,4.3
FMA68137,FJ5954,BP29749,Left medial basal segmental bronchial artery,blood_vessel,name,691,1274,internal_meshes/blood_vessel/FJ5954_BP29749_FMA68137_Left medial basal segmental bronchial artery.obj,4.3
FMA68137,FJ5955,BP29749,Left medial basal segmental bronchial artery,blood_vessel,name,280,462,internal_meshes/blood_vessel/FJ5955_BP29749_FMA68137_Left medial basal segmental bronchial artery.obj,4.3
FMA68138,FJ5956,BP29742,Left anterior basal segmental bronchial artery,blood_vessel,name,111,138,internal_meshes/blood_vessel/FJ5956_BP29742_FMA68138_Left anterior basal segmental bronchial artery.obj,4.3
FMA68138,FJ5957,BP29742,Left anterior basal segmental bronchial artery,blood_vessel,name,81,104,internal_meshes/blood_vessel/FJ5957_BP29742_FMA68138_Left anterior basal segmental bronchial artery.obj,4.3
FMA68135,FJ5958,BP29743,Left superior segmental bronchial artery,blood_vessel,name,347,590,internal_meshes/blood_vessel/FJ5958_BP29743_FMA68135_Left superior segmental bronchial artery.obj,4.3
FMA68135,FJ5959,BP29743,Left superior segmental bronchial artery,blood_vessel,name,70,70,internal_meshes/blood_vessel/FJ5959_BP29743_FMA68135_Left superior segmental bronchial artery.obj,4.3
FMA68135,FJ5960,BP29743,Left superior segmental bronchial artery,blood_vessel,name,100,138,internal_meshes/blood_vessel/FJ5960_BP29743_FMA68135_Left superior segmental bronchial artery.obj,4.3
FMA68135,FJ5961,BP29743,Left superior segmental bronchial artery,blood_vessel,name,224,418,internal_meshes/blood_vessel/FJ5961_BP29743_FMA68135_Left superior segmental bronchial artery.obj,4.3
FMA68140,FJ5962,BP29755,Left posterior basal segmental bronchial artery,blood_vessel,name,119,150,internal_meshes/blood_vessel/FJ5962_BP29755_FMA68140_Left posterior basal segmental bronchial artery.obj,4.3
FMA68135,FJ5963,BP29743,Left superior segmental bronchial artery,blood_vessel,name,92,134,internal_meshes/blood_vessel/FJ5963_BP29743_FMA68135_Left superior segmental bronchial artery.obj,4.3
FMA68135,FJ5964,BP29743,Left superior segmental bronchial artery,blood_vessel,name,243,416,internal_meshes/blood_vessel/FJ5964_BP29743_FMA68135_Left superior segmental bronchial artery.obj,4.3
FMA68135,FJ5965,BP29743,Left superior segmental bronchial artery,blood_vessel,name,96,136,internal_meshes/blood_vessel/FJ5965_BP29743_FMA68135_Left superior segmental bronchial artery.obj,4.3
FMA68134,FJ5966,BP29732,Inferior lingular bronchial artery,blood_vessel,name,1128,2100,internal_meshes/blood_vessel/FJ5966_BP29732_FMA68134_Inferior lingular bronchial artery.obj,4.3
FMA68134,FJ5967,BP29732,Inferior lingular bronchial artery,blood_vessel,name,213,394,internal_meshes/blood_vessel/FJ5967_BP29732_FMA68134_Inferior lingular bronchial artery.obj,4.3
FMA68133,FJ5968,BP29738,Superior lingular bronchial artery,blood_vessel,name,603,1084,internal_meshes/blood_vessel/FJ5968_BP29738_FMA68133_Superior lingular bronchial artery.obj,4.3
FMA68133,FJ5969,BP29738,Superior lingular bronchial artery,blood_vessel,name,96,126,internal_meshes/blood_vessel/FJ5969_BP29738_FMA68133_Superior lingular bronchial artery.obj,4.3
FMA68133,FJ5970,BP29738,Superior lingular bronchial artery,blood_vessel,name,173,330,internal_meshes/blood_vessel/FJ5970_BP29738_FMA68133_Superior lingular bronchial artery.obj,4.3
FMA68133,FJ5971,BP29738,Superior lingular bronchial artery,blood_vessel,name,88,144,internal_meshes/blood_vessel/FJ5971_BP29738_FMA68133_Superior lingular bronchial artery.obj,4.3
FMA68131,FJ5972,BP29751,Left anterior segmental bronchial artery,blood_vessel,name,395,692,internal_meshes/blood_vessel/FJ5972_BP29751_FMA68131_Left anterior segmental bronchial artery.obj,4.3
FMA68140,FJ5973,BP29755,Left posterior basal segmental bronchial artery,blood_vessel,name,344,618,internal_meshes/blood_vessel/FJ5973_BP29755_FMA68140_Left posterior basal segmental bronchial artery.obj,4.3
FMA68131,FJ5974,BP29751,Left anterior segmental bronchial artery,blood_vessel,name,138,230,internal_meshes/blood_vessel/FJ5974_BP29751_FMA68131_Left anterior segmental bronchial artery.obj,4.3
FMA68131,FJ5975,BP29751,Left anterior segmental bronchial artery,blood_vessel,name,133,250,internal_meshes/blood_vessel/FJ5975_BP29751_FMA68131_Left anterior segmental bronchial artery.obj,4.3
FMA68131,FJ5976,BP29751,Left anterior segmental bronchial artery,blood_vessel,name,543,1010,internal_meshes/blood_vessel/FJ5976_BP29751_FMA68131_Left anterior segmental bronchial artery.obj,4.3
FMA68131,FJ5977,BP29751,Left anterior segmental bronchial artery,blood_vessel,name,136,194,internal_meshes/blood_vessel/FJ5977_BP29751_FMA68131_Left anterior segmental bronchial artery.obj,4.3
FMA68131,FJ5978,BP29751,Left anterior segmental bronchial artery,blood_vessel,name,441,794,internal_meshes/blood_vessel/FJ5978_BP29751_FMA68131_Left anterior segmental bronchial artery.obj,4.3
FMA68131,FJ5979,BP29751,Left anterior segmental bronchial artery,blood_vessel,name,93,120,internal_meshes/blood_vessel/FJ5979_BP29751_FMA68131_Left anterior segmental bronchial artery.obj,4.3
FMA68131,FJ5980,BP29751,Left anterior segmental bronchial artery,blood_vessel,name,138,212,internal_meshes/blood_vessel/FJ5980_BP29751_FMA68131_Left anterior segmental bronchial artery.obj,4.3
FMA13281,FJ5981,BP29758,Apicoposterior segmental artery,blood_vessel,name,186,322,internal_meshes/blood_vessel/FJ5981_BP29758_FMA13281_Apicoposterior segmental artery.obj,4.3
FMA13281,FJ5982,BP29758,Apicoposterior segmental artery,blood_vessel,name,145,248,internal_meshes/blood_vessel/FJ5982_BP29758_FMA13281_Apicoposterior segmental artery.obj,4.3
FMA13281,FJ5983,BP29758,Apicoposterior segmental artery,blood_vessel,name,112,164,internal_meshes/blood_vessel/FJ5983_BP29758_FMA13281_Apicoposterior segmental artery.obj,4.3
FMA68140,FJ5984,BP29755,Left posterior basal segmental bronchial artery,blood_vessel,name,78,92,internal_meshes/blood_vessel/FJ5984_BP29755_FMA68140_Left posterior basal segmental bronchial artery.obj,4.3
FMA13281,FJ5985,BP29758,Apicoposterior segmental artery,blood_vessel,name,233,422,internal_meshes/blood_vessel/FJ5985_BP29758_FMA13281_Apicoposterior segmental artery.obj,4.3
FMA13281,FJ5986,BP29758,Apicoposterior segmental artery,blood_vessel,name,115,162,internal_meshes/blood_vessel/FJ5986_BP29758_FMA13281_Apicoposterior segmental artery.obj,4.3
FMA13281,FJ5987,BP29758,Apicoposterior segmental artery,blood_vessel,name,132,202,internal_meshes/blood_vessel/FJ5987_BP29758_FMA13281_Apicoposterior segmental artery.obj,4.3
FMA13281,FJ5988,BP29758,Apicoposterior segmental artery,blood_vessel,name,132,220,internal_meshes/blood_vessel/FJ5988_BP29758_FMA13281_Apicoposterior segmental artery.obj,4.3
FMA68140,FJ5989,BP29755,Left posterior basal segmental bronchial artery,blood_vessel,name,335,560,internal_meshes/blood_vessel/FJ5989_BP29755_FMA68140_Left posterior basal segmental bronchial artery.obj,4.3
FMA68140,FJ5990,BP29755,Left posterior basal segmental bronchial artery,blood_vessel,name,167,262,internal_meshes/blood_vessel/FJ5990_BP29755_FMA68140_Left posterior basal segmental bronchial artery.obj,4.3
FMA68139,FJ5991,BP29756,Left lateral basal segmental bronchial artery,blood_vessel,name,865,1712,internal_meshes/blood_vessel/FJ5991_BP29756_FMA68139_Left lateral basal segmental bronchial artery.obj,4.3
FMA68139,FJ5992,BP29756,Left lateral basal segmental bronchial artery,blood_vessel,name,395,670,internal_meshes/blood_vessel/FJ5992_BP29756_FMA68139_Left lateral basal segmental bronchial artery.obj,4.3
FMA68139,FJ5993,BP29756,Left lateral basal segmental bronchial artery,blood_vessel,name,151,236,internal_meshes/blood_vessel/FJ5993_BP29756_FMA68139_Left lateral basal segmental bronchial artery.obj,4.3
FMA50305,FJ5994,BP22893,Trunk of left superior pulmonary vein,blood_vessel,name,210,416,internal_meshes/blood_vessel/FJ5994_BP22893_FMA50305_Trunk of left superior pulmonary vein.obj,4.3
FMA8666,FJ5995,BP29287,Apicoposterior segmental vein,blood_vessel,name,133,220,internal_meshes/blood_vessel/FJ5995_BP29287_FMA8666_Apicoposterior segmental vein.obj,4.3
FMA8666,FJ5996,BP29287,Apicoposterior segmental vein,blood_vessel,name,176,336,internal_meshes/blood_vessel/FJ5996_BP29287_FMA8666_Apicoposterior segmental vein.obj,4.3
FMA8666,FJ5997,BP29287,Apicoposterior segmental vein,blood_vessel,name,246,390,internal_meshes/blood_vessel/FJ5997_BP29287_FMA8666_Apicoposterior segmental vein.obj,4.3
FMA8666,FJ5998,BP29287,Apicoposterior segmental vein,blood_vessel,name,107,156,internal_meshes/blood_vessel/FJ5998_BP29287_FMA8666_Apicoposterior segmental vein.obj,4.3
FMA8667,FJ5999,BP22406,Left anterior segmental vein,blood_vessel,name,241,474,internal_meshes/blood_vessel/FJ5999_BP22406_FMA8667_Left anterior segmental vein.obj,4.3
FMA8667,FJ6000,BP22406,Left anterior segmental vein,blood_vessel,name,155,246,internal_meshes/blood_vessel/FJ6000_BP22406_FMA8667_Left anterior segmental vein.obj,4.3
FMA8667,FJ6001,BP22406,Left anterior segmental vein,blood_vessel,name,94,150,internal_meshes/blood_vessel/FJ6001_BP22406_FMA8667_Left anterior segmental vein.obj,4.3
FMA50305,FJ6002,BP22893,Trunk of left superior pulmonary vein,blood_vessel,name,242,478,internal_meshes/blood_vessel/FJ6002_BP22893_FMA50305_Trunk of left superior pulmonary vein.obj,4.3
FMA8669,FJ6003,BP22405,Inferior lingular vein,blood_vessel,name,173,282,internal_meshes/blood_vessel/FJ6003_BP22405_FMA8669_Inferior lingular vein.obj,4.3
FMA8669,FJ6004,BP22405,Inferior lingular vein,blood_vessel,name,118,172,internal_meshes/blood_vessel/FJ6004_BP22405_FMA8669_Inferior lingular vein.obj,4.3
FMA8666,FJ6005,BP29287,Apicoposterior segmental vein,blood_vessel,name,234,450,internal_meshes/blood_vessel/FJ6005_BP29287_FMA8666_Apicoposterior segmental vein.obj,4.3
FMA8668,FJ6006,BP22393,Superior lingular vein,blood_vessel,name,221,422,internal_meshes/blood_vessel/FJ6006_BP22393_FMA8668_Superior lingular vein.obj,4.3
FMA8668,FJ6007,BP22393,Superior lingular vein,blood_vessel,name,100,144,internal_meshes/blood_vessel/FJ6007_BP22393_FMA8668_Superior lingular vein.obj,4.3
FMA8675,FJ6008,BP29744,Left superior segmental vein,blood_vessel,name,290,528,internal_meshes/blood_vessel/FJ6008_BP29744_FMA8675_Left superior segmental vein.obj,4.3
FMA8675,FJ6009,BP29744,Left superior segmental vein,blood_vessel,name,82,114,internal_meshes/blood_vessel/FJ6009_BP29744_FMA8675_Left superior segmental vein.obj,4.3
FMA8675,FJ6010,BP29744,Left superior segmental vein,blood_vessel,name,87,152,internal_meshes/blood_vessel/FJ6010_BP29744_FMA8675_Left superior segmental vein.obj,4.3
FMA8675,FJ6011,BP29744,Left superior segmental vein,blood_vessel,name,106,172,internal_meshes/blood_vessel/FJ6011_BP29744_FMA8675_Left superior segmental vein.obj,4.3
FMA8675,FJ6012,BP29744,Left superior segmental vein,blood_vessel,name,107,172,internal_meshes/blood_vessel/FJ6012_BP29744_FMA8675_Left superior segmental vein.obj,4.3
FMA50306,FJ6013,BP22896,Trunk of left inferior pulmonary vein,blood_vessel,name,164,314,internal_meshes/blood_vessel/FJ6013_BP22896_FMA50306_Trunk of left inferior pulmonary vein.obj,4.3
FMA13292,FJ6014,BP29785,Posterior basal segmental vein,blood_vessel,name,206,382,internal_meshes/blood_vessel/FJ6014_BP29785_FMA13292_Posterior basal segmental vein.obj,4.3
FMA13292,FJ6015,BP29785,Posterior basal segmental vein,blood_vessel,name,115,184,internal_meshes/blood_vessel/FJ6015_BP29785_FMA13292_Posterior basal segmental vein.obj,4.3
FMA8666,FJ6016,BP29287,Apicoposterior segmental vein,blood_vessel,name,98,190,internal_meshes/blood_vessel/FJ6016_BP29287_FMA8666_Apicoposterior segmental vein.obj,4.3
FMA13292,FJ6017,BP29785,Posterior basal segmental vein,blood_vessel,name,87,104,internal_meshes/blood_vessel/FJ6017_BP29785_FMA13292_Posterior basal segmental vein.obj,4.3
FMA13292,FJ6018,BP29785,Posterior basal segmental vein,blood_vessel,name,114,192,internal_meshes/blood_vessel/FJ6018_BP29785_FMA13292_Posterior basal segmental vein.obj,4.3
FMA50306,FJ6019,BP22896,Trunk of left inferior pulmonary vein,blood_vessel,name,168,332,internal_meshes/blood_vessel/FJ6019_BP22896_FMA50306_Trunk of left inferior pulmonary vein.obj,4.3
FMA13291,FJ6020,BP29784,Lateral basal segmental vein,blood_vessel,name,361,686,internal_meshes/blood_vessel/FJ6020_BP29784_FMA13291_Lateral basal segmental vein.obj,4.3
FMA13291,FJ6021,BP29784,Lateral basal segmental vein,blood_vessel,name,99,160,internal_meshes/blood_vessel/FJ6021_BP29784_FMA13291_Lateral basal segmental vein.obj,4.3
FMA13290,FJ6022,BP29780,Anterior basal segmental vein,blood_vessel,name,133,212,internal_meshes/blood_vessel/FJ6022_BP29780_FMA13290_Anterior basal segmental vein.obj,4.3
FMA13290,FJ6023,BP29780,Anterior basal segmental vein,blood_vessel,name,82,102,internal_meshes/blood_vessel/FJ6023_BP29780_FMA13290_Anterior basal segmental vein.obj,4.3
FMA50306,FJ6024,BP22896,Trunk of left inferior pulmonary vein,blood_vessel,name,284,564,internal_meshes/blood_vessel/FJ6024_BP22896_FMA50306_Trunk of left inferior pulmonary vein.obj,4.3
FMA13289,FJ6025,BP29779,Medial basal segmental vein,blood_vessel,name,321,598,internal_meshes/blood_vessel/FJ6025_BP29779_FMA13289_Medial basal segmental vein.obj,4.3
FMA13289,FJ6026,BP29779,Medial basal segmental vein,blood_vessel,name,111,168,internal_meshes/blood_vessel/FJ6026_BP29779_FMA13289_Medial basal segmental vein.obj,4.3
FMA8666,FJ6027,BP29287,Apicoposterior segmental vein,blood_vessel,name,181,308,internal_meshes/blood_vessel/FJ6027_BP29287_FMA8666_Apicoposterior segmental vein.obj,4.3
FMA13289,FJ6028,BP29779,Medial basal segmental vein,blood_vessel,name,280,510,internal_meshes/blood_vessel/FJ6028_BP29779_FMA13289_Medial basal segmental vein.obj,4.3
FMA13289,FJ6029,BP29779,Medial basal segmental vein,blood_vessel,name,104,138,internal_meshes/blood_vessel/FJ6029_BP29779_FMA13289_Medial basal segmental vein.obj,4.3
FMA8666,FJ6030,BP29287,Apicoposterior segmental vein,blood_vessel,name,139,266,internal_meshes/blood_vessel/FJ6030_BP29287_FMA8666_Apicoposterior segmental vein.obj,4.3
FMA8666,FJ6031,BP29287,Apicoposterior segmental vein,blood_vessel,name,129,228,internal_meshes/blood_vessel/FJ6031_BP29287_FMA8666_Apicoposterior segmental vein.obj,4.3
FMA8666,FJ6032,BP29287,Apicoposterior segmental vein,blood_vessel,name,86,138,internal_meshes/blood_vessel/FJ6032_BP29287_FMA8666_Apicoposterior segmental vein.obj,4.3
FMA8666,FJ6033,BP29287,Apicoposterior segmental vein,blood_vessel,name,97,156,internal_meshes/blood_vessel/FJ6033_BP29287_FMA8666_Apicoposterior segmental vein.obj,4.3
FMA8666,FJ6034,BP29287,Apicoposterior segmental vein,blood_vessel,name,109,166,internal_meshes/blood_vessel/FJ6034_BP29287_FMA8666_Apicoposterior segmental vein.obj,4.3
FMA8615,FJ6035,BP22951,Pulmonary arterial trunk,blood_vessel,name,2727,5450,internal_meshes/blood_vessel/FJ6035_BP22951_FMA8615_Pulmonary arterial trunk.obj,4.3
FMA8615,FJ6036,BP22951,Pulmonary arterial trunk,blood_vessel,name,843,1302,internal_meshes/blood_vessel/FJ6036_BP22951_FMA8615_Pulmonary arterial trunk.obj,4.3
FMA8617,FJ6037,BP29125,Right apical segmental artery,blood_vessel,name,236,362,internal_meshes/blood_vessel/FJ6037_BP29125_FMA8617_Right apical segmental artery.obj,4.3
FMA8619,FJ6038,BP29243,Right posterior segmental artery,blood_vessel,name,86,96,internal_meshes/blood_vessel/FJ6038_BP29243_FMA8619_Right posterior segmental artery.obj,4.3
FMA8619,FJ6039,BP29243,Right posterior segmental artery,blood_vessel,name,88,82,internal_meshes/blood_vessel/FJ6039_BP29243_FMA8619_Right posterior segmental artery.obj,4.3
FMA8619,FJ6040,BP29243,Right posterior segmental artery,blood_vessel,name,406,732,internal_meshes/blood_vessel/FJ6040_BP29243_FMA8619_Right posterior segmental artery.obj,4.3
FMA8619,FJ6041,BP29243,Right posterior segmental artery,blood_vessel,name,103,136,internal_meshes/blood_vessel/FJ6041_BP29243_FMA8619_Right posterior segmental artery.obj,4.3
FMA8619,FJ6042,BP29243,Right posterior segmental artery,blood_vessel,name,168,238,internal_meshes/blood_vessel/FJ6042_BP29243_FMA8619_Right posterior segmental artery.obj,4.3
FMA8615,FJ6043,BP22951,Pulmonary arterial trunk,blood_vessel,name,317,492,internal_meshes/blood_vessel/FJ6043_BP22951_FMA8615_Pulmonary arterial trunk.obj,4.3
FMA8620,FJ6044,BP22387,Right anterior segmental artery,blood_vessel,name,167,304,internal_meshes/blood_vessel/FJ6044_BP22387_FMA8620_Right anterior segmental artery.obj,4.3
FMA8620,FJ6045,BP22387,Right anterior segmental artery,blood_vessel,name,164,242,internal_meshes/blood_vessel/FJ6045_BP22387_FMA8620_Right anterior segmental artery.obj,4.3
FMA8620,FJ6046,BP22387,Right anterior segmental artery,blood_vessel,name,80,74,internal_meshes/blood_vessel/FJ6046_BP22387_FMA8620_Right anterior segmental artery.obj,4.3
FMA8620,FJ6047,BP22387,Right anterior segmental artery,blood_vessel,name,126,180,internal_meshes/blood_vessel/FJ6047_BP22387_FMA8620_Right anterior segmental artery.obj,4.3
FMA8617,FJ6048,BP29125,Right apical segmental artery,blood_vessel,name,179,252,internal_meshes/blood_vessel/FJ6048_BP29125_FMA8617_Right apical segmental artery.obj,4.3
FMA8620,FJ6049,BP22387,Right anterior segmental artery,blood_vessel,name,112,106,internal_meshes/blood_vessel/FJ6049_BP22387_FMA8620_Right anterior segmental artery.obj,4.3
FMA8620,FJ6050,BP22387,Right anterior segmental artery,blood_vessel,name,95,130,internal_meshes/blood_vessel/FJ6050_BP22387_FMA8620_Right anterior segmental artery.obj,4.3
FMA8620,FJ6051,BP22387,Right anterior segmental artery,blood_vessel,name,274,428,internal_meshes/blood_vessel/FJ6051_BP22387_FMA8620_Right anterior segmental artery.obj,4.3
FMA68194,FJ6052,BP29298,Lateral segmental artery,blood_vessel,name,287,494,internal_meshes/blood_vessel/FJ6052_BP29298_FMA68194_Lateral segmental artery.obj,4.3
FMA68194,FJ6053,BP29298,Lateral segmental artery,blood_vessel,name,150,232,internal_meshes/blood_vessel/FJ6053_BP29298_FMA68194_Lateral segmental artery.obj,4.3
FMA8664,FJ6054,BP29279,Lateral segmental vein,blood_vessel,name,71,62,internal_meshes/blood_vessel/FJ6054_BP29279_FMA8664_Lateral segmental vein.obj,4.3
FMA68194,FJ6055,BP29298,Lateral segmental artery,blood_vessel,name,84,82,internal_meshes/blood_vessel/FJ6055_BP29298_FMA68194_Lateral segmental artery.obj,4.3
FMA68193,FJ6056,BP29386,Medial segmental artery,blood_vessel,name,82,94,internal_meshes/blood_vessel/FJ6056_BP29386_FMA68193_Medial segmental artery.obj,4.3
FMA68193,FJ6057,BP29386,Medial segmental artery,blood_vessel,name,84,98,internal_meshes/blood_vessel/FJ6057_BP29386_FMA68193_Medial segmental artery.obj,4.3
FMA68193,FJ6058,BP29386,Medial segmental artery,blood_vessel,name,138,182,internal_meshes/blood_vessel/FJ6058_BP29386_FMA68193_Medial segmental artery.obj,4.3
FMA8617,FJ6059,BP29125,Right apical segmental artery,blood_vessel,name,371,626,internal_meshes/blood_vessel/FJ6059_BP29125_FMA8617_Right apical segmental artery.obj,4.3
FMA68193,FJ6060,BP29386,Medial segmental artery,blood_vessel,name,317,610,internal_meshes/blood_vessel/FJ6060_BP29386_FMA68193_Medial segmental artery.obj,4.3
FMA8627,FJ6061,BP29189,Right superior segmental artery,blood_vessel,name,305,574,internal_meshes/blood_vessel/FJ6061_BP29189_FMA8627_Right superior segmental artery.obj,4.3
FMA8627,FJ6062,BP29189,Right superior segmental artery,blood_vessel,name,133,146,internal_meshes/blood_vessel/FJ6062_BP29189_FMA8627_Right superior segmental artery.obj,4.3
FMA8627,FJ6063,BP29189,Right superior segmental artery,blood_vessel,name,75,88,internal_meshes/blood_vessel/FJ6063_BP29189_FMA8627_Right superior segmental artery.obj,4.3
FMA8627,FJ6064,BP29189,Right superior segmental artery,blood_vessel,name,217,320,internal_meshes/blood_vessel/FJ6064_BP29189_FMA8627_Right superior segmental artery.obj,4.3
FMA8627,FJ6065,BP29189,Right superior segmental artery,blood_vessel,name,251,470,internal_meshes/blood_vessel/FJ6065_BP29189_FMA8627_Right superior segmental artery.obj,4.3
FMA8627,FJ6066,BP29189,Right superior segmental artery,blood_vessel,name,118,210,internal_meshes/blood_vessel/FJ6066_BP29189_FMA8627_Right superior segmental artery.obj,4.3
FMA8627,FJ6067,BP29189,Right superior segmental artery,blood_vessel,name,182,296,internal_meshes/blood_vessel/FJ6067_BP29189_FMA8627_Right superior segmental artery.obj,4.3
FMA8627,FJ6068,BP29189,Right superior segmental artery,blood_vessel,name,164,256,internal_meshes/blood_vessel/FJ6068_BP29189_FMA8627_Right superior segmental artery.obj,4.3
FMA8627,FJ6069,BP29189,Right superior segmental artery,blood_vessel,name,528,862,internal_meshes/blood_vessel/FJ6069_BP29189_FMA8627_Right superior segmental artery.obj,4.3
FMA8617,FJ6070,BP29125,Right apical segmental artery,blood_vessel,name,148,204,internal_meshes/blood_vessel/FJ6070_BP29125_FMA8617_Right apical segmental artery.obj,4.3
FMA8630,FJ6071,BP29149,Right anterior basal segmental artery,blood_vessel,name,239,418,internal_meshes/blood_vessel/FJ6071_BP29149_FMA8630_Right anterior basal segmental artery.obj,4.3
FMA8630,FJ6072,BP29149,Right anterior basal segmental artery,blood_vessel,name,110,146,internal_meshes/blood_vessel/FJ6072_BP29149_FMA8630_Right anterior basal segmental artery.obj,4.3
FMA8630,FJ6073,BP29149,Right anterior basal segmental artery,blood_vessel,name,223,318,internal_meshes/blood_vessel/FJ6073_BP29149_FMA8630_Right anterior basal segmental artery.obj,4.3
FMA8631,FJ6074,BP29220,Right lateral basal segmental artery,blood_vessel,name,113,188,internal_meshes/blood_vessel/FJ6074_BP29220_FMA8631_Right lateral basal segmental artery.obj,4.3
FMA8631,FJ6075,BP29220,Right lateral basal segmental artery,blood_vessel,name,257,420,internal_meshes/blood_vessel/FJ6075_BP29220_FMA8631_Right lateral basal segmental artery.obj,4.3
FMA8631,FJ6076,BP29220,Right lateral basal segmental artery,blood_vessel,name,738,1472,internal_meshes/blood_vessel/FJ6076_BP29220_FMA8631_Right lateral basal segmental artery.obj,4.3
FMA8631,FJ6077,BP29220,Right lateral basal segmental artery,blood_vessel,name,220,314,internal_meshes/blood_vessel/FJ6077_BP29220_FMA8631_Right lateral basal segmental artery.obj,4.3
FMA8626,FJ6078,BP29724,Trunk of right lower lobar artery,blood_vessel,name,465,814,internal_meshes/blood_vessel/FJ6078_BP29724_FMA8626_Trunk of right lower lobar artery.obj,4.3
FMA8632,FJ6079,BP29263,Right posterior basal segmental artery,blood_vessel,name,116,156,internal_meshes/blood_vessel/FJ6079_BP29263_FMA8632_Right posterior basal segmental artery.obj,4.3
FMA8632,FJ6080,BP29263,Right posterior basal segmental artery,blood_vessel,name,71,64,internal_meshes/blood_vessel/FJ6080_BP29263_FMA8632_Right posterior basal segmental artery.obj,4.3
FMA8617,FJ6081,BP29125,Right apical segmental artery,blood_vessel,name,131,176,internal_meshes/blood_vessel/FJ6081_BP29125_FMA8617_Right apical segmental artery.obj,4.3
FMA8632,FJ6082,BP29263,Right posterior basal segmental artery,blood_vessel,name,64,68,internal_meshes/blood_vessel/FJ6082_BP29263_FMA8632_Right posterior basal segmental artery.obj,4.3
FMA8632,FJ6083,BP29263,Right posterior basal segmental artery,blood_vessel,name,862,1514,internal_meshes/blood_vessel/FJ6083_BP29263_FMA8632_Right posterior basal segmental artery.obj,4.3
FMA8632,FJ6084,BP29263,Right posterior basal segmental artery,blood_vessel,name,384,646,internal_meshes/blood_vessel/FJ6084_BP29263_FMA8632_Right posterior basal segmental artery.obj,4.3
FMA8617,FJ6085,BP29125,Right apical segmental artery,blood_vessel,name,100,102,internal_meshes/blood_vessel/FJ6085_BP29125_FMA8617_Right apical segmental artery.obj,4.3
FMA8617,FJ6086,BP29125,Right apical segmental artery,blood_vessel,name,522,860,internal_meshes/blood_vessel/FJ6086_BP29125_FMA8617_Right apical segmental artery.obj,4.3
FMA8617,FJ6087,BP29125,Right apical segmental artery,blood_vessel,name,156,214,internal_meshes/blood_vessel/FJ6087_BP29125_FMA8617_Right apical segmental artery.obj,4.3
FMA8619,FJ6088,BP29243,Right posterior segmental artery,blood_vessel,name,498,916,internal_meshes/blood_vessel/FJ6088_BP29243_FMA8619_Right posterior segmental artery.obj,4.3
FMA50302,FJ6089,BP23802,Trunk of right superior pulmonary vein,blood_vessel,name,177,348,internal_meshes/blood_vessel/FJ6089_BP23802_FMA50302_Trunk of right superior pulmonary vein.obj,4.3
FMA8661,FJ6090,BP29169,Right apical segmental vein,blood_vessel,name,161,288,internal_meshes/blood_vessel/FJ6090_BP29169_FMA8661_Right apical segmental vein.obj,4.3
FMA8663,FJ6091,BP20545,Right posterior segmental vein,blood_vessel,name,178,298,internal_meshes/blood_vessel/FJ6091_BP20545_FMA8663_Right posterior segmental vein.obj,4.3
FMA8663,FJ6092,BP20545,Right posterior segmental vein,blood_vessel,name,112,178,internal_meshes/blood_vessel/FJ6092_BP20545_FMA8663_Right posterior segmental vein.obj,4.3
FMA8663,FJ6093,BP20545,Right posterior segmental vein,blood_vessel,name,86,128,internal_meshes/blood_vessel/FJ6093_BP20545_FMA8663_Right posterior segmental vein.obj,4.3
FMA8661,FJ6094,BP29169,Right apical segmental vein,blood_vessel,name,91,118,internal_meshes/blood_vessel/FJ6094_BP29169_FMA8661_Right apical segmental vein.obj,4.3
FMA8661,FJ6095,BP29169,Right apical segmental vein,blood_vessel,name,119,200,internal_meshes/blood_vessel/FJ6095_BP29169_FMA8661_Right apical segmental vein.obj,4.3
FMA8662,FJ6096,BP23233,Right anterior segmental vein,blood_vessel,name,148,256,internal_meshes/blood_vessel/FJ6096_BP23233_FMA8662_Right anterior segmental vein.obj,4.3
FMA8662,FJ6097,BP23233,Right anterior segmental vein,blood_vessel,name,123,222,internal_meshes/blood_vessel/FJ6097_BP23233_FMA8662_Right anterior segmental vein.obj,4.3
FMA8662,FJ6098,BP23233,Right anterior segmental vein,blood_vessel,name,92,166,internal_meshes/blood_vessel/FJ6098_BP23233_FMA8662_Right anterior segmental vein.obj,4.3
FMA8665,FJ6099,BP29295,Medial segmental vein,blood_vessel,name,280,534,internal_meshes/blood_vessel/FJ6099_BP29295_FMA8665_Medial segmental vein.obj,4.3
FMA8661,FJ6100,BP29169,Right apical segmental vein,blood_vessel,name,124,218,internal_meshes/blood_vessel/FJ6100_BP29169_FMA8661_Right apical segmental vein.obj,4.3
FMA8665,FJ6101,BP29295,Medial segmental vein,blood_vessel,name,272,494,internal_meshes/blood_vessel/FJ6101_BP29295_FMA8665_Medial segmental vein.obj,4.3
FMA8665,FJ6102,BP29295,Medial segmental vein,blood_vessel,name,80,108,internal_meshes/blood_vessel/FJ6102_BP29295_FMA8665_Medial segmental vein.obj,4.3
FMA8664,FJ6103,BP29279,Lateral segmental vein,blood_vessel,name,200,396,internal_meshes/blood_vessel/FJ6103_BP29279_FMA8664_Lateral segmental vein.obj,4.3
FMA8664,FJ6104,BP29279,Lateral segmental vein,blood_vessel,name,118,228,internal_meshes/blood_vessel/FJ6104_BP29279_FMA8664_Lateral segmental vein.obj,4.3
FMA8664,FJ6105,BP29279,Lateral segmental vein,blood_vessel,name,139,262,internal_meshes/blood_vessel/FJ6105_BP29279_FMA8664_Lateral segmental vein.obj,4.3
FMA8665,FJ6106,BP29295,Medial segmental vein,blood_vessel,name,214,422,internal_meshes/blood_vessel/FJ6106_BP29295_FMA8665_Medial segmental vein.obj,4.3
FMA8665,FJ6107,BP29295,Medial segmental vein,blood_vessel,name,135,220,internal_meshes/blood_vessel/FJ6107_BP29295_FMA8665_Medial segmental vein.obj,4.3
FMA8665,FJ6108,BP29295,Medial segmental vein,blood_vessel,name,125,226,internal_meshes/blood_vessel/FJ6108_BP29295_FMA8665_Medial segmental vein.obj,4.3
FMA31529,FJ6109,BP29737,Trunk of right common basal vein,blood_vessel,name,106,198,internal_meshes/blood_vessel/FJ6109_BP29737_FMA31529_Trunk of right common basal vein.obj,4.3
FMA31525,FJ6110,BP29726,Trunk of right inferior basal vein,blood_vessel,name,299,594,internal_meshes/blood_vessel/FJ6110_BP29726_FMA31525_Trunk of right inferior basal vein.obj,4.3
FMA8661,FJ6111,BP29169,Right apical segmental vein,blood_vessel,name,129,202,internal_meshes/blood_vessel/FJ6111_BP29169_FMA8661_Right apical segmental vein.obj,4.3
FMA9428,FJ6112,BP22650,Right posterior basal segmental vein,blood_vessel,name,151,244,internal_meshes/blood_vessel/FJ6112_BP22650_FMA9428_Right posterior basal segmental vein.obj,4.3
FMA9428,FJ6113,BP22650,Right posterior basal segmental vein,blood_vessel,name,91,96,internal_meshes/blood_vessel/FJ6113_BP22650_FMA9428_Right posterior basal segmental vein.obj,4.3
FMA9428,FJ6114,BP22650,Right posterior basal segmental vein,blood_vessel,name,106,164,internal_meshes/blood_vessel/FJ6114_BP22650_FMA9428_Right posterior basal segmental vein.obj,4.3
FMA9428,FJ6115,BP22650,Right posterior basal segmental vein,blood_vessel,name,111,164,internal_meshes/blood_vessel/FJ6115_BP22650_FMA9428_Right posterior basal segmental vein.obj,4.3
FMA9425,FJ6116,BP22388,Right lateral basal segmental vein,blood_vessel,name,131,216,internal_meshes/blood_vessel/FJ6116_BP22388_FMA9425_Right lateral basal segmental vein.obj,4.3
FMA9425,FJ6117,BP22388,Right lateral basal segmental vein,blood_vessel,name,105,170,internal_meshes/blood_vessel/FJ6117_BP22388_FMA9425_Right lateral basal segmental vein.obj,4.3
FMA9428,FJ6118,BP22650,Right posterior basal segmental vein,blood_vessel,name,173,326,internal_meshes/blood_vessel/FJ6118_BP22650_FMA9428_Right posterior basal segmental vein.obj,4.3
FMA31528,FJ6119,BP29725,Trunk of right superior basal vein,blood_vessel,name,284,556,internal_meshes/blood_vessel/FJ6119_BP29725_FMA31528_Trunk of right superior basal vein.obj,4.3
FMA8670,FJ6120,BP22533,Right superior segmental vein,blood_vessel,name,215,372,internal_meshes/blood_vessel/FJ6120_BP22533_FMA8670_Right superior segmental vein.obj,4.3
FMA8670,FJ6121,BP22533,Right superior segmental vein,blood_vessel,name,83,106,internal_meshes/blood_vessel/FJ6121_BP22533_FMA8670_Right superior segmental vein.obj,4.3
FMA8661,FJ6122,BP29169,Right apical segmental vein,blood_vessel,name,95,146,internal_meshes/blood_vessel/FJ6122_BP29169_FMA8661_Right apical segmental vein.obj,4.3
FMA8670,FJ6123,BP22533,Right superior segmental vein,blood_vessel,name,126,192,internal_meshes/blood_vessel/FJ6123_BP22533_FMA8670_Right superior segmental vein.obj,4.3
FMA8670,FJ6124,BP22533,Right superior segmental vein,blood_vessel,name,82,116,internal_meshes/blood_vessel/FJ6124_BP22533_FMA8670_Right superior segmental vein.obj,4.3
FMA9428,FJ6125,BP22650,Right posterior basal segmental vein,blood_vessel,name,104,190,internal_meshes/blood_vessel/FJ6125_BP22650_FMA9428_Right posterior basal segmental vein.obj,4.3
FMA9428,FJ6126,BP22650,Right posterior basal segmental vein,blood_vessel,name,91,126,internal_meshes/blood_vessel/FJ6126_BP22650_FMA9428_Right posterior basal segmental vein.obj,4.3
FMA9428,FJ6127,BP22650,Right posterior basal segmental vein,blood_vessel,name,87,156,internal_meshes/blood_vessel/FJ6127_BP22650_FMA9428_Right posterior basal segmental vein.obj,4.3
FMA9425,FJ6128,BP22388,Right lateral basal segmental vein,blood_vessel,name,231,428,internal_meshes/blood_vessel/FJ6128_BP22388_FMA9425_Right lateral basal segmental vein.obj,4.3
FMA8673,FJ6129,BP23998,Right anterior basal segmental vein,blood_vessel,name,132,220,internal_meshes/blood_vessel/FJ6129_BP23998_FMA8673_Right anterior basal segmental vein.obj,4.3
FMA8673,FJ6130,BP23998,Right anterior basal segmental vein,blood_vessel,name,85,146,internal_meshes/blood_vessel/FJ6130_BP23998_FMA8673_Right anterior basal segmental vein.obj,4.3
FMA8673,FJ6131,BP23998,Right anterior basal segmental vein,blood_vessel,name,105,166,internal_meshes/blood_vessel/FJ6131_BP23998_FMA8673_Right anterior basal segmental vein.obj,4.3
FMA9428,FJ6132,BP22650,Right posterior basal segmental vein,blood_vessel,name,100,132,internal_meshes/blood_vessel/FJ6132_BP22650_FMA9428_Right posterior basal segmental vein.obj,4.3
FMA8661,FJ6133,BP29169,Right apical segmental vein,blood_vessel,name,130,218,internal_meshes/blood_vessel/FJ6133_BP29169_FMA8661_Right apical segmental vein.obj,4.3
FMA9428,FJ6134,BP22650,Right posterior basal segmental vein,blood_vessel,name,99,136,internal_meshes/blood_vessel/FJ6134_BP22650_FMA9428_Right posterior basal segmental vein.obj,4.3
FMA9425,FJ6135,BP22388,Right lateral basal segmental vein,blood_vessel,name,94,136,internal_meshes/blood_vessel/FJ6135_BP22388_FMA9425_Right lateral basal segmental vein.obj,4.3
FMA8661,FJ6136,BP29169,Right apical segmental vein,blood_vessel,name,117,228,internal_meshes/blood_vessel/FJ6136_BP29169_FMA8661_Right apical segmental vein.obj,4.3
FMA8661,FJ6137,BP29169,Right apical segmental vein,blood_vessel,name,93,146,internal_meshes/blood_vessel/FJ6137_BP29169_FMA8661_Right apical segmental vein.obj,4.3
FMA8661,FJ6138,BP29169,Right apical segmental vein,blood_vessel,name,195,380,internal_meshes/blood_vessel/FJ6138_BP29169_FMA8661_Right apical segmental vein.obj,4.3
FMA8661,FJ6139,BP29169,Right apical segmental vein,blood_vessel,name,162,278,internal_meshes/blood_vessel/FJ6139_BP29169_FMA8661_Right apical segmental vein.obj,4.3
FMA8613,FJ6140,BP23698,Trunk of right pulmonary artery,blood_vessel,name,341,678,internal_meshes/blood_vessel/FJ6140_BP23698_FMA8613_Trunk of right pulmonary artery.obj,4.3
FMA74912,FJ6164,BP24013,Trunk of anterior interventricular branch of left coronary artery,blood_vessel,name,1550,3032,internal_meshes/blood_vessel/FJ6164_BP24013_FMA74912_Trunk of anterior interventricular branch of left coronary artery.obj,4.3
FMA74923,FJ6182,BP29653,Trunk of circumflex branch of left coronary artery,blood_vessel,name,692,1380,internal_meshes/blood_vessel/FJ6182_BP29653_FMA74923_Trunk of circumflex branch of left coronary artery.obj,4.3
FMA7488,FJ6272,BP22299,Xiphoid process,bone,manual,488,914,internal_meshes/bone/FJ6272_BP22299_FMA7488_Xiphoid process.obj,4.3
FMA12519,FJ6295,BP23663,Atlas,bone,name,1391,2038,internal_meshes/bone/FJ6295_BP23663_FMA12519_Atlas.obj,4.3
FMA12520,FJ6296,BP23565,Axis,bone,name,1536,2282,internal_meshes/bone/FJ6296_BP23565_FMA12520_Axis.obj,4.3
FMA7487,FJ6297,BP22232,Body of sternum,bone,name,3637,4610,internal_meshes/bone/FJ6297_BP22232_FMA7487_Body of sternum.obj,4.3
FMA23951,FJ6298,BP21923,Distal phalanx of left thumb,bone,name,179,238,internal_meshes/bone/FJ6298_BP21923_FMA23951_Distal phalanx of left thumb.obj,4.3
FMA24460,FJ6303,BP21690,Distal phalanx of right index finger,bone,name,185,260,internal_meshes/bone/FJ6303_BP21690_FMA24460_Distal phalanx of right index finger.obj,4.3
FMA32658,FJ6305,BP21926,Distal phalanx of right little toe,bone,name,163,222,internal_meshes/bone/FJ6305_BP21926_FMA32658_Distal phalanx of right little toe.obj,4.3
FMA24461,FJ6306,BP21955,Distal phalanx of right middle finger,bone,name,162,186,internal_meshes/bone/FJ6306_BP21955_FMA24461_Distal phalanx of right middle finger.obj,4.3
FMA24462,FJ6307,BP22672,Distal phalanx of right ring finger,bone,name,144,164,internal_meshes/bone/FJ6307_BP22672_FMA24462_Distal phalanx of right ring finger.obj,4.3
FMA24459,FJ6308,BP23933,Distal phalanx of right thumb,bone,name,179,236,internal_meshes/bone/FJ6308_BP23933_FMA24459_Distal phalanx of right thumb.obj,4.3
FMA52740,FJ6309,BP23248,Ethmoid,bone,name,11662,22348,internal_meshes/bone/FJ6309_BP23248_FMA52740_Ethmoid.obj,4.3
FMA52734,FJ6310,BP22997,Frontal bone,bone,name,8399,14448,internal_meshes/bone/FJ6310_BP22997_FMA52734_Frontal bone.obj,4.3
FMA13323,FJ6347,BP23283,Left clavicle,bone,name,595,1166,internal_meshes/bone/FJ6347_BP23283_FMA13323_Left clavicle.obj,4.3
FMA23465,FJ6349,BP23197,Left radius,bone,name,382,642,internal_meshes/bone/FJ6349_BP23197_FMA23465_Left radius.obj,4.3
FMA24467,FJ6354,BP23703,Left second metacarpal bone,bone,name,401,738,internal_meshes/bone/FJ6354_BP23703_FMA24467_Left second metacarpal bone.obj,4.3
FMA24510,FJ6355,BP23753,Left second metatarsal bone,bone,name,467,752,internal_meshes/bone/FJ6355_BP23753_FMA24510_Left second metatarsal bone.obj,4.3
FMA24469,FJ6357,BP23394,Left third metacarpal bone,bone,name,409,692,internal_meshes/bone/FJ6357_BP23394_FMA24469_Left third metacarpal bone.obj,4.3
FMA24512,FJ6358,BP23506,Left third metatarsal bone,bone,name,399,700,internal_meshes/bone/FJ6358_BP23506_FMA24512_Left third metatarsal bone.obj,4.3
FMA24471,FJ6360,BP23976,Left fourth metacarpal bone,bone,name,320,528,internal_meshes/bone/FJ6360_BP23976_FMA24471_Left fourth metacarpal bone.obj,4.3
FMA24514,FJ6361,BP23526,Left fourth metatarsal bone,bone,name,403,674,internal_meshes/bone/FJ6361_BP23526_FMA24514_Left fourth metatarsal bone.obj,4.3
FMA24473,FJ6363,BP23700,Left fifth metacarpal bone,bone,name,272,500,internal_meshes/bone/FJ6363_BP23700_FMA24473_Left fifth metacarpal bone.obj,4.3
FMA24516,FJ6364,BP23673,Left fifth metatarsal bone,bone,name,431,794,internal_meshes/bone/FJ6364_BP23673_FMA24516_Left fifth metatarsal bone.obj,4.3
FMA24498,FJ6367,BP23796,Left calcaneus,bone,name,729,1262,internal_meshes/bone/FJ6367_BP23796_FMA24498_Left calcaneus.obj,4.3
FMA24447,FJ6368,BP21759,Left capitate,bone,name,264,430,internal_meshes/bone/FJ6368_BP21759_FMA24447_Left capitate.obj,4.3
FMA24529,FJ6369,BP23392,Left cuboid bone,bone,name,506,842,internal_meshes/bone/FJ6369_BP23392_FMA24529_Left cuboid bone.obj,4.3
FMA24475,FJ6370,BP23820,Left femur,bone,name,1577,3116,internal_meshes/bone/FJ6370_BP23820_FMA24475_Left femur.obj,4.3
FMA24481,FJ6371,BP24067,Left fibula,bone,name,599,1148,internal_meshes/bone/FJ6371_BP24067_FMA24481_Left fibula.obj,4.3
FMA24449,FJ6372,BP23940,Left hamate,bone,name,281,434,internal_meshes/bone/FJ6372_BP23940_FMA24449_Left hamate.obj,4.3
FMA23131,FJ6373,BP24066,Left humerus,bone,name,2163,3734,internal_meshes/bone/FJ6373_BP24066_FMA23131_Left humerus.obj,4.3
FMA54738,FJ6374,BP22607,Left inferior nasal concha,bone,name,477,738,internal_meshes/bone/FJ6374_BP22607_FMA54738_Left inferior nasal concha.obj,4.3
FMA24524,FJ6375,BP20273,Left intermediate cuneiform bone,bone,name,291,450,internal_meshes/bone/FJ6375_BP20273_FMA24524_Left intermediate cuneiform bone.obj,4.3
FMA53646,FJ6376,BP23042,Left lacrimal bone,bone,name,390,634,internal_meshes/bone/FJ6376_BP23042_FMA53646_Left lacrimal bone.obj,4.3
FMA45098,FJ6377,BP23738,Sesamoid bone of left foot,bone,name,86,96,internal_meshes/bone/FJ6377_BP23738_FMA45098_Sesamoid bone of left foot.obj,4.3
FMA24526,FJ6378,BP23844,Left lateral cuneiform bone,bone,name,402,652,internal_meshes/bone/FJ6378_BP23844_FMA24526_Left lateral cuneiform bone.obj,4.3
FMA24438,FJ6379,BP21780,Left lunate,bone,name,160,216,internal_meshes/bone/FJ6379_BP21780_FMA24438_Left lunate.obj,4.3
FMA53650,FJ6380,BP23755,Left maxilla,bone,name,3460,5086,internal_meshes/bone/FJ6380_BP23755_FMA53650_Left maxilla.obj,4.3
FMA45098,FJ6381,BP23738,Sesamoid bone of left foot,bone,name,78,84,internal_meshes/bone/FJ6381_BP23738_FMA45098_Sesamoid bone of left foot.obj,4.3
FMA24522,FJ6382,BP21821,Left medial cuneiform bone,bone,name,615,952,internal_meshes/bone/FJ6382_BP21821_FMA24522_Left medial cuneiform bone.obj,4.3
FMA53648,FJ6383,BP23333,Left nasal bone,bone,name,295,500,internal_meshes/bone/FJ6383_BP23333_FMA53648_Left nasal bone.obj,4.3
FMA53656,FJ6384,BP23315,Left palatine bone,bone,name,1137,1844,internal_meshes/bone/FJ6384_BP23315_FMA53656_Left palatine bone.obj,4.3
FMA52789,FJ6385,BP23158,Left parietal bone,bone,name,8343,13152,internal_meshes/bone/FJ6385_BP23158_FMA52789_Left parietal bone.obj,4.3
FMA24487,FJ6386,BP23711,Left patella,bone,name,178,308,internal_meshes/bone/FJ6386_BP23711_FMA24487_Left patella.obj,4.3
FMA24442,FJ6387,BP21678,Left pisiform,bone,name,92,140,internal_meshes/bone/FJ6387_BP21678_FMA24442_Left pisiform.obj,4.3
FMA52739,FJ6391,BP23760,Left temporal bone,bone,name,2973,4908,internal_meshes/bone/FJ6391_BP23760_FMA52739_Left temporal bone.obj,4.3
FMA24478,FJ6392,BP23963,Left tibia,bone,name,873,1688,internal_meshes/bone/FJ6392_BP23963_FMA24478_Left tibia.obj,4.3
FMA24444,FJ6393,BP21682,Left trapezium,bone,name,233,350,internal_meshes/bone/FJ6393_BP21682_FMA24444_Left trapezium.obj,4.3
FMA24445,FJ6394,BP21753,Left trapezoid,bone,name,264,342,internal_meshes/bone/FJ6394_BP21753_FMA24445_Left trapezoid.obj,4.3
FMA24440,FJ6395,BP23878,Left triquetral,bone,name,159,228,internal_meshes/bone/FJ6395_BP23878_FMA24440_Left triquetral.obj,4.3
FMA23468,FJ6396,BP23154,Left ulna,bone,name,515,824,internal_meshes/bone/FJ6396_BP23154_FMA23468_Left ulna.obj,4.3
FMA52893,FJ6397,BP23337,Left zygomatic bone,bone,name,972,1610,internal_meshes/bone/FJ6397_BP23337_FMA52893_Left zygomatic bone.obj,4.3
FMA236884,FJ6398,BP29739,Bony part of left hip bone,muscle,name,1247,2314,internal_meshes/muscle/FJ6398_BP29739_FMA236884_Bony part of left hip bone.obj,4.3
FMA52748,FJ6399,BP22817,Mandible,bone,name,2824,5544,internal_meshes/bone/FJ6399_BP22817_FMA52748_Mandible.obj,4.3
FMA7486,FJ6400,BP22794,Manubrium,bone,manual,1448,2526,internal_meshes/bone/FJ6400_BP22794_FMA7486_Manubrium.obj,4.3
FMA24457,FJ6401,BP20655,Middle phalanx of right ring finger,bone,name,211,344,internal_meshes/bone/FJ6401_BP20655_FMA24457_Middle phalanx of right ring finger.obj,4.3
FMA32644,FJ6403,BP21691,Middle phalanx of right third toe,bone,name,185,300,internal_meshes/bone/FJ6403_BP21691_FMA32644_Middle phalanx of right third toe.obj,4.3
FMA32646,FJ6404,BP21929,Middle phalanx of right fourth toe,bone,name,177,266,internal_meshes/bone/FJ6404_BP21929_FMA32646_Middle phalanx of right fourth toe.obj,4.3
FMA24455,FJ6405,BP20064,Middle phalanx of right index finger,bone,name,182,296,internal_meshes/bone/FJ6405_BP20064_FMA24455_Middle phalanx of right index finger.obj,4.3
FMA24458,FJ6406,BP21922,Middle phalanx of right little finger,bone,name,163,206,internal_meshes/bone/FJ6406_BP21922_FMA24458_Middle phalanx of right little finger.obj,4.3
FMA230986,FJ6407,BP21890,Middle phalanx of right little toe,bone,name,109,158,internal_meshes/bone/FJ6407_BP21890_FMA230986_Middle phalanx of right little toe.obj,4.3
FMA24456,FJ6408,BP21846,Middle phalanx of right middle finger,bone,name,216,338,internal_meshes/bone/FJ6408_BP21846_FMA24456_Middle phalanx of right middle finger.obj,4.3
FMA24501,FJ6409,BP23683,Navicular bone of left foot,bone,name,471,708,internal_meshes/bone/FJ6409_BP23683_FMA24501_Navicular bone of left foot.obj,4.3
FMA24500,FJ6410,BP24109,Navicular bone of right foot,bone,name,446,698,internal_meshes/bone/FJ6410_BP24109_FMA24500_Navicular bone of right foot.obj,4.3
FMA52735,FJ6411,BP23972,Occipital bone,bone,name,6947,12382,internal_meshes/bone/FJ6411_BP23972_FMA52735_Occipital bone.obj,4.3
FMA52891,FJ6412,BP29766,Perpendicular plate of ethmoid,bone,name,2450,4856,internal_meshes/bone/FJ6412_BP29766_FMA52891_Perpendicular plate of ethmoid.obj,4.3
FMA65470,FJ6414,BP21907,Proximal phalanx of left thumb,bone,name,209,314,internal_meshes/bone/FJ6414_BP21907_FMA65470_Proximal phalanx of left thumb.obj,4.3
FMA32634,FJ6415,BP21897,Proximal phalanx of right second toe,bone,name,246,422,internal_meshes/bone/FJ6415_BP21897_FMA32634_Proximal phalanx of right second toe.obj,4.3
FMA32636,FJ6416,BP21918,Proximal phalanx of right third toe,bone,name,273,434,internal_meshes/bone/FJ6416_BP21918_FMA32636_Proximal phalanx of right third toe.obj,4.3
FMA32638,FJ6417,BP21914,Proximal phalanx of right fourth toe,bone,name,238,364,internal_meshes/bone/FJ6417_BP21914_FMA32638_Proximal phalanx of right fourth toe.obj,4.3
FMA24454,FJ6419,BP21904,Proximal phalanx of right little finger,bone,name,210,322,internal_meshes/bone/FJ6419_BP21904_FMA24454_Proximal phalanx of right little finger.obj,4.3
FMA24452,FJ6421,BP21934,Proximal phalanx of right middle finger,bone,name,252,452,internal_meshes/bone/FJ6421_BP21934_FMA24452_Proximal phalanx of right middle finger.obj,4.3
FMA24453,FJ6422,BP21866,Proximal phalanx of right ring finger,bone,name,224,372,internal_meshes/bone/FJ6422_BP21866_FMA24453_Proximal phalanx of right ring finger.obj,4.3
FMA24450,FJ6423,BP23922,Proximal phalanx of right thumb,bone,name,199,312,internal_meshes/bone/FJ6423_BP23922_FMA24450_Proximal phalanx of right thumb.obj,4.3
FMA23464,FJ6443,BP23239,Right radius,bone,name,385,656,internal_meshes/bone/FJ6443_BP23239_FMA23464_Right radius.obj,4.3
FMA24464,FJ6444,BP23975,Right first metacarpal bone,bone,name,309,576,internal_meshes/bone/FJ6444_BP23975_FMA24464_Right first metacarpal bone.obj,4.3
FMA24507,FJ6445,BP23412,Right first metatarsal bone,bone,name,605,1124,internal_meshes/bone/FJ6445_BP23412_FMA24507_Right first metatarsal bone.obj,4.3
FMA24466,FJ6446,BP23440,Right second metacarpal bone,bone,name,414,736,internal_meshes/bone/FJ6446_BP23440_FMA24466_Right second metacarpal bone.obj,4.3
FMA24509,FJ6447,BP23620,Right second metatarsal bone,bone,name,493,750,internal_meshes/bone/FJ6447_BP23620_FMA24509_Right second metatarsal bone.obj,4.3
FMA24511,FJ6449,BP23610,Right third metatarsal bone,bone,name,409,698,internal_meshes/bone/FJ6449_BP23610_FMA24511_Right third metatarsal bone.obj,4.3
FMA24470,FJ6450,BP23371,Right fourth metacarpal bone,bone,name,327,528,internal_meshes/bone/FJ6450_BP23371_FMA24470_Right fourth metacarpal bone.obj,4.3
FMA24472,FJ6452,BP23729,Right fifth metacarpal bone,bone,name,287,498,internal_meshes/bone/FJ6452_BP23729_FMA24472_Right fifth metacarpal bone.obj,4.3
FMA24515,FJ6453,BP23705,Right fifth metatarsal bone,bone,name,420,792,internal_meshes/bone/FJ6453_BP23705_FMA24515_Right fifth metatarsal bone.obj,4.3
FMA24497,FJ6454,BP23541,Right calcaneus,bone,name,740,1258,internal_meshes/bone/FJ6454_BP23541_FMA24497_Right calcaneus.obj,4.3
FMA24446,FJ6455,BP21773,Right capitate,bone,name,256,428,internal_meshes/bone/FJ6455_BP21773_FMA24446_Right capitate.obj,4.3
FMA24474,FJ6459,BP23346,Right femur,bone,name,1568,3106,internal_meshes/bone/FJ6459_BP23346_FMA24474_Right femur.obj,4.3
FMA24480,FJ6460,BP23268,Right fibula,bone,name,585,1144,internal_meshes/bone/FJ6460_BP23268_FMA24480_Right fibula.obj,4.3
FMA24448,FJ6461,BP23822,Right hamate,bone,name,301,462,internal_meshes/bone/FJ6461_BP23822_FMA24448_Right hamate.obj,4.3
FMA23130,FJ6462,BP23164,Right humerus,bone,name,2181,3710,internal_meshes/bone/FJ6462_BP23164_FMA23130_Right humerus.obj,4.3
FMA54737,FJ6463,BP23235,Right inferior nasal concha,bone,name,570,714,internal_meshes/bone/FJ6463_BP23235_FMA54737_Right inferior nasal concha.obj,4.3
FMA53645,FJ6465,BP23129,Right lacrimal bone,bone,name,348,554,internal_meshes/bone/FJ6465_BP23129_FMA53645_Right lacrimal bone.obj,4.3
FMA24437,FJ6467,BP23841,Right lunate,bone,name,196,332,internal_meshes/bone/FJ6467_BP23841_FMA24437_Right lunate.obj,4.3
FMA53649,FJ6468,BP23661,Right maxilla,bone,name,3549,5358,internal_meshes/bone/FJ6468_BP23661_FMA53649_Right maxilla.obj,4.3
FMA53647,FJ6470,BP23260,Right nasal bone,bone,name,275,468,internal_meshes/bone/FJ6470_BP23260_FMA53647_Right nasal bone.obj,4.3
FMA53655,FJ6471,BP24091,Right palatine bone,bone,name,1162,1868,internal_meshes/bone/FJ6471_BP24091_FMA53655_Right palatine bone.obj,4.3
FMA52788,FJ6472,BP23064,Right parietal bone,bone,name,7985,12944,internal_meshes/bone/FJ6472_BP23064_FMA52788_Right parietal bone.obj,4.3
FMA24486,FJ6473,BP23756,Right patella,bone,name,178,306,internal_meshes/bone/FJ6473_BP23756_FMA24486_Right patella.obj,4.3
FMA24441,FJ6474,BP21756,Right pisiform,bone,name,110,190,internal_meshes/bone/FJ6474_BP21756_FMA24441_Right pisiform.obj,4.3
FMA24435,FJ6475,BP21772,Right scaphoid,bone,name,195,322,internal_meshes/bone/FJ6475_BP21772_FMA24435_Right scaphoid.obj,4.3
FMA24482,FJ6477,BP23520,Right talus,bone,name,816,1376,internal_meshes/bone/FJ6477_BP23520_FMA24482_Right talus.obj,4.3
FMA52738,FJ6478,BP23685,Right temporal bone,bone,name,3065,4904,internal_meshes/bone/FJ6478_BP23685_FMA52738_Right temporal bone.obj,4.3
FMA24477,FJ6479,BP23960,Right tibia,bone,name,859,1680,internal_meshes/bone/FJ6479_BP23960_FMA24477_Right tibia.obj,4.3
FMA24443,FJ6480,BP20135,Right trapezium,bone,name,277,434,internal_meshes/bone/FJ6480_BP20135_FMA24443_Right trapezium.obj,4.3
FMA24439,FJ6481,BP21751,Right triquetral,bone,name,139,170,internal_meshes/bone/FJ6481_BP21751_FMA24439_Right triquetral.obj,4.3
FMA23467,FJ6482,BP23195,Right ulna,bone,name,500,818,internal_meshes/bone/FJ6482_BP23195_FMA23467_Right ulna.obj,4.3
FMA52892,FJ6483,BP23110,Right zygomatic bone,bone,name,910,1508,internal_meshes/bone/FJ6483_BP23110_FMA52892_Right zygomatic bone.obj,4.3
FMA16202,FJ6484,BP22840,Sacrum,bone,name,5251,9844,internal_meshes/bone/FJ6484_BP22840_FMA16202_Sacrum.obj,4.3
FMA52736,FJ6485,BP23082,Sphenoid bone,bone,name,4920,8034,internal_meshes/bone/FJ6485_BP23082_FMA52736_Sphenoid bone.obj,4.3
FMA9710,FJ6486,BP22288,Vomer,bone,name,3559,7102,internal_meshes/bone/FJ6486_BP22288_FMA9710_Vomer.obj,4.3
FMA9615,FJ6487,BP22903,Cricoid cartilage,cartilage,name,913,1702,internal_meshes/cartilage/FJ6487_BP22903_FMA9615_Cricoid cartilage.obj,4.3
FMA68227,FJ6488,BP23127,Inferior lingular bronchial tree,organ,name,633,1140,internal_meshes/organ/FJ6488_BP23127_FMA68227_Inferior lingular bronchial tree.obj,4.3
FMA68227,FJ6489,BP23127,Inferior lingular bronchial tree,organ,name,133,214,internal_meshes/organ/FJ6489_BP23127_FMA68227_Inferior lingular bronchial tree.obj,4.3
FMA68231,FJ6490,BP22399,Left anterior basal segmental bronchial tree,organ,name,425,734,internal_meshes/organ/FJ6490_BP22399_FMA68231_Left anterior basal segmental bronchial tree.obj,4.3
FMA68231,FJ6491,BP22399,Left anterior basal segmental bronchial tree,organ,name,188,296,internal_meshes/organ/FJ6491_BP22399_FMA68231_Left anterior basal segmental bronchial tree.obj,4.3
FMA68231,FJ6492,BP22399,Left anterior basal segmental bronchial tree,organ,name,184,300,internal_meshes/organ/FJ6492_BP22399_FMA68231_Left anterior basal segmental bronchial tree.obj,4.3
FMA68231,FJ6493,BP22399,Left anterior basal segmental bronchial tree,organ,name,78,92,internal_meshes/organ/FJ6493_BP22399_FMA68231_Left anterior basal segmental bronchial tree.obj,4.3
FMA68231,FJ6494,BP22399,Left anterior basal segmental bronchial tree,organ,name,107,140,internal_meshes/organ/FJ6494_BP22399_FMA68231_Left anterior basal segmental bronchial tree.obj,4.3
FMA68222,FJ6495,BP23746,Left anterior segmental bronchial tree,organ,name,266,442,internal_meshes/organ/FJ6495_BP23746_FMA68222_Left anterior segmental bronchial tree.obj,4.3
FMA68222,FJ6496,BP23746,Left anterior segmental bronchial tree,organ,name,242,420,internal_meshes/organ/FJ6496_BP23746_FMA68222_Left anterior segmental bronchial tree.obj,4.3
FMA68222,FJ6497,BP23746,Left anterior segmental bronchial tree,organ,name,162,194,internal_meshes/organ/FJ6497_BP23746_FMA68222_Left anterior segmental bronchial tree.obj,4.3
FMA68222,FJ6498,BP23746,Left anterior segmental bronchial tree,organ,name,92,84,internal_meshes/organ/FJ6498_BP23746_FMA68222_Left anterior segmental bronchial tree.obj,4.3
FMA68222,FJ6499,BP23746,Left anterior segmental bronchial tree,organ,name,82,108,internal_meshes/organ/FJ6499_BP23746_FMA68222_Left anterior segmental bronchial tree.obj,4.3
FMA68222,FJ6500,BP23746,Left anterior segmental bronchial tree,organ,name,101,116,internal_meshes/organ/FJ6500_BP23746_FMA68222_Left anterior segmental bronchial tree.obj,4.3
FMA68222,FJ6501,BP23746,Left anterior segmental bronchial tree,organ,name,116,116,internal_meshes/organ/FJ6501_BP23746_FMA68222_Left anterior segmental bronchial tree.obj,4.3
FMA68222,FJ6502,BP23746,Left anterior segmental bronchial tree,organ,name,117,136,internal_meshes/organ/FJ6502_BP23746_FMA68222_Left anterior segmental bronchial tree.obj,4.3
FMA68224,FJ6503,BP29728,Apicoposterior segmental bronchial tree,organ,name,335,572,internal_meshes/organ/FJ6503_BP29728_FMA68224_Apicoposterior segmental bronchial tree.obj,4.3
FMA68224,FJ6504,BP29728,Apicoposterior segmental bronchial tree,organ,name,142,214,internal_meshes/organ/FJ6504_BP29728_FMA68224_Apicoposterior segmental bronchial tree.obj,4.3
FMA68224,FJ6505,BP29728,Apicoposterior segmental bronchial tree,organ,name,99,136,internal_meshes/organ/FJ6505_BP29728_FMA68224_Apicoposterior segmental bronchial tree.obj,4.3
FMA68224,FJ6506,BP29728,Apicoposterior segmental bronchial tree,organ,name,106,126,internal_meshes/organ/FJ6506_BP29728_FMA68224_Apicoposterior segmental bronchial tree.obj,4.3
FMA68224,FJ6507,BP29728,Apicoposterior segmental bronchial tree,organ,name,93,144,internal_meshes/organ/FJ6507_BP29728_FMA68224_Apicoposterior segmental bronchial tree.obj,4.3
FMA68224,FJ6508,BP29728,Apicoposterior segmental bronchial tree,organ,name,71,94,internal_meshes/organ/FJ6508_BP29728_FMA68224_Apicoposterior segmental bronchial tree.obj,4.3
FMA68232,FJ6509,BP22396,Left lateral basal segmental bronchial tree,organ,name,356,628,internal_meshes/organ/FJ6509_BP22396_FMA68232_Left lateral basal segmental bronchial tree.obj,4.3
FMA68232,FJ6510,BP22396,Left lateral basal segmental bronchial tree,organ,name,129,154,internal_meshes/organ/FJ6510_BP22396_FMA68232_Left lateral basal segmental bronchial tree.obj,4.3
FMA68232,FJ6511,BP22396,Left lateral basal segmental bronchial tree,organ,name,166,280,internal_meshes/organ/FJ6511_BP22396_FMA68232_Left lateral basal segmental bronchial tree.obj,4.3
FMA68232,FJ6512,BP22396,Left lateral basal segmental bronchial tree,organ,name,70,68,internal_meshes/organ/FJ6512_BP22396_FMA68232_Left lateral basal segmental bronchial tree.obj,4.3
FMA68233,FJ6513,BP22359,Left posterior basal segmental bronchial tree,organ,name,413,726,internal_meshes/organ/FJ6513_BP22359_FMA68233_Left posterior basal segmental bronchial tree.obj,4.3
FMA68233,FJ6514,BP22359,Left posterior basal segmental bronchial tree,organ,name,163,258,internal_meshes/organ/FJ6514_BP22359_FMA68233_Left posterior basal segmental bronchial tree.obj,4.3
FMA68233,FJ6515,BP22359,Left posterior basal segmental bronchial tree,organ,name,86,108,internal_meshes/organ/FJ6515_BP22359_FMA68233_Left posterior basal segmental bronchial tree.obj,4.3
FMA68233,FJ6516,BP22359,Left posterior basal segmental bronchial tree,organ,name,140,210,internal_meshes/organ/FJ6516_BP22359_FMA68233_Left posterior basal segmental bronchial tree.obj,4.3
FMA68233,FJ6517,BP22359,Left posterior basal segmental bronchial tree,organ,name,78,58,internal_meshes/organ/FJ6517_BP22359_FMA68233_Left posterior basal segmental bronchial tree.obj,4.3
FMA68233,FJ6518,BP22359,Left posterior basal segmental bronchial tree,organ,name,109,106,internal_meshes/organ/FJ6518_BP22359_FMA68233_Left posterior basal segmental bronchial tree.obj,4.3
FMA68224,FJ6519,BP29728,Apicoposterior segmental bronchial tree,organ,name,173,286,internal_meshes/organ/FJ6519_BP29728_FMA68224_Apicoposterior segmental bronchial tree.obj,4.3
FMA68224,FJ6520,BP29728,Apicoposterior segmental bronchial tree,organ,name,80,86,internal_meshes/organ/FJ6520_BP29728_FMA68224_Apicoposterior segmental bronchial tree.obj,4.3
FMA68224,FJ6521,BP29728,Apicoposterior segmental bronchial tree,organ,name,68,64,internal_meshes/organ/FJ6521_BP29728_FMA68224_Apicoposterior segmental bronchial tree.obj,4.3
FMA68228,FJ6522,BP23530,Left superior segmental bronchial tree,organ,name,261,446,internal_meshes/organ/FJ6522_BP23530_FMA68228_Left superior segmental bronchial tree.obj,4.3
FMA68228,FJ6523,BP23530,Left superior segmental bronchial tree,organ,name,136,208,internal_meshes/organ/FJ6523_BP23530_FMA68228_Left superior segmental bronchial tree.obj,4.3
FMA68228,FJ6524,BP23530,Left superior segmental bronchial tree,organ,name,94,108,internal_meshes/organ/FJ6524_BP23530_FMA68228_Left superior segmental bronchial tree.obj,4.3
FMA68228,FJ6525,BP23530,Left superior segmental bronchial tree,organ,name,88,106,internal_meshes/organ/FJ6525_BP23530_FMA68228_Left superior segmental bronchial tree.obj,4.3
FMA68228,FJ6526,BP23530,Left superior segmental bronchial tree,organ,name,97,128,internal_meshes/organ/FJ6526_BP23530_FMA68228_Left superior segmental bronchial tree.obj,4.3
FMA68228,FJ6527,BP23530,Left superior segmental bronchial tree,organ,name,83,92,internal_meshes/organ/FJ6527_BP23530_FMA68228_Left superior segmental bronchial tree.obj,4.3
FMA68228,FJ6528,BP23530,Left superior segmental bronchial tree,organ,name,75,60,internal_meshes/organ/FJ6528_BP23530_FMA68228_Left superior segmental bronchial tree.obj,4.3
FMA68215,FJ6529,BP23125,Lateral segmental bronchial tree,organ,name,493,858,internal_meshes/organ/FJ6529_BP23125_FMA68215_Lateral segmental bronchial tree.obj,4.3
FMA68215,FJ6530,BP23125,Lateral segmental bronchial tree,organ,name,472,734,internal_meshes/organ/FJ6530_BP23125_FMA68215_Lateral segmental bronchial tree.obj,4.3
FMA68215,FJ6531,BP23125,Lateral segmental bronchial tree,organ,name,1431,2456,internal_meshes/organ/FJ6531_BP23125_FMA68215_Lateral segmental bronchial tree.obj,4.3
FMA68215,FJ6532,BP23125,Lateral segmental bronchial tree,organ,name,323,472,internal_meshes/organ/FJ6532_BP23125_FMA68215_Lateral segmental bronchial tree.obj,4.3
FMA7396,FJ6533,BP23336,Left main bronchus,organ,manual,2293,4136,internal_meshes/organ/FJ6533_BP23336_FMA7396_Left main bronchus.obj,4.3
FMA68214,FJ6534,BP23098,Medial segmental bronchial tree,organ,name,199,370,internal_meshes/organ/FJ6534_BP23098_FMA68214_Medial segmental bronchial tree.obj,4.3
FMA68214,FJ6535,BP23098,Medial segmental bronchial tree,organ,name,1028,2026,internal_meshes/organ/FJ6535_BP23098_FMA68214_Medial segmental bronchial tree.obj,4.3
FMA68214,FJ6536,BP23098,Medial segmental bronchial tree,organ,name,645,1276,internal_meshes/organ/FJ6536_BP23098_FMA68214_Medial segmental bronchial tree.obj,4.3
FMA68214,FJ6537,BP23098,Medial segmental bronchial tree,organ,name,311,586,internal_meshes/organ/FJ6537_BP23098_FMA68214_Medial segmental bronchial tree.obj,4.3
FMA68321,FJ6538,BP21654,Right anterior basal segmental bronchial tree,organ,name,306,528,internal_meshes/organ/FJ6538_BP21654_FMA68321_Right anterior basal segmental bronchial tree.obj,4.3
FMA68321,FJ6539,BP21654,Right anterior basal segmental bronchial tree,organ,name,865,1428,internal_meshes/organ/FJ6539_BP21654_FMA68321_Right anterior basal segmental bronchial tree.obj,4.3
FMA68321,FJ6540,BP21654,Right anterior basal segmental bronchial tree,organ,name,209,304,internal_meshes/organ/FJ6540_BP21654_FMA68321_Right anterior basal segmental bronchial tree.obj,4.3
FMA68212,FJ6541,BP24079,Right anterior segmental bronchial tree,organ,name,239,390,internal_meshes/organ/FJ6541_BP24079_FMA68212_Right anterior segmental bronchial tree.obj,4.3
FMA68212,FJ6542,BP24079,Right anterior segmental bronchial tree,organ,name,1285,2350,internal_meshes/organ/FJ6542_BP24079_FMA68212_Right anterior segmental bronchial tree.obj,4.3
FMA68212,FJ6543,BP24079,Right anterior segmental bronchial tree,organ,name,493,836,internal_meshes/organ/FJ6543_BP24079_FMA68212_Right anterior segmental bronchial tree.obj,4.3
FMA68212,FJ6544,BP24079,Right anterior segmental bronchial tree,organ,name,195,286,internal_meshes/organ/FJ6544_BP24079_FMA68212_Right anterior segmental bronchial tree.obj,4.3
FMA68212,FJ6545,BP24079,Right anterior segmental bronchial tree,organ,name,229,340,internal_meshes/organ/FJ6545_BP24079_FMA68212_Right anterior segmental bronchial tree.obj,4.3
FMA68212,FJ6546,BP24079,Right anterior segmental bronchial tree,organ,name,449,770,internal_meshes/organ/FJ6546_BP24079_FMA68212_Right anterior segmental bronchial tree.obj,4.3
FMA68212,FJ6547,BP24079,Right anterior segmental bronchial tree,organ,name,380,636,internal_meshes/organ/FJ6547_BP24079_FMA68212_Right anterior segmental bronchial tree.obj,4.3
FMA68211,FJ6548,BP23435,Right apical segmental bronchial tree,organ,name,191,346,internal_meshes/organ/FJ6548_BP23435_FMA68211_Right apical segmental bronchial tree.obj,4.3
FMA68211,FJ6549,BP23435,Right apical segmental bronchial tree,organ,name,748,1480,internal_meshes/organ/FJ6549_BP23435_FMA68211_Right apical segmental bronchial tree.obj,4.3
FMA68211,FJ6550,BP23435,Right apical segmental bronchial tree,organ,name,544,882,internal_meshes/organ/FJ6550_BP23435_FMA68211_Right apical segmental bronchial tree.obj,4.3
FMA68211,FJ6551,BP23435,Right apical segmental bronchial tree,organ,name,378,600,internal_meshes/organ/FJ6551_BP23435_FMA68211_Right apical segmental bronchial tree.obj,4.3
FMA68211,FJ6552,BP23435,Right apical segmental bronchial tree,organ,name,149,208,internal_meshes/organ/FJ6552_BP23435_FMA68211_Right apical segmental bronchial tree.obj,4.3
FMA68211,FJ6553,BP23435,Right apical segmental bronchial tree,organ,name,125,222,internal_meshes/organ/FJ6553_BP23435_FMA68211_Right apical segmental bronchial tree.obj,4.3
FMA68211,FJ6554,BP23435,Right apical segmental bronchial tree,organ,name,113,198,internal_meshes/organ/FJ6554_BP23435_FMA68211_Right apical segmental bronchial tree.obj,4.3
FMA68211,FJ6555,BP23435,Right apical segmental bronchial tree,organ,name,125,170,internal_meshes/organ/FJ6555_BP23435_FMA68211_Right apical segmental bronchial tree.obj,4.3
FMA68220,FJ6556,BP22414,Right lateral basal segmental bronchial tree,organ,name,315,522,internal_meshes/organ/FJ6556_BP22414_FMA68220_Right lateral basal segmental bronchial tree.obj,4.3
FMA68220,FJ6557,BP22414,Right lateral basal segmental bronchial tree,organ,name,199,372,internal_meshes/organ/FJ6557_BP22414_FMA68220_Right lateral basal segmental bronchial tree.obj,4.3
FMA68220,FJ6558,BP22414,Right lateral basal segmental bronchial tree,organ,name,656,1270,internal_meshes/organ/FJ6558_BP22414_FMA68220_Right lateral basal segmental bronchial tree.obj,4.3
FMA68220,FJ6559,BP22414,Right lateral basal segmental bronchial tree,organ,name,141,252,internal_meshes/organ/FJ6559_BP22414_FMA68220_Right lateral basal segmental bronchial tree.obj,4.3
FMA68594,FJ6560,BP29712,Mediobasal part of right posterior basal segmental bronchial tree,muscle,name,115,170,internal_meshes/muscle/FJ6560_BP29712_FMA68594_Mediobasal part of right posterior basal segmental bronchial tree.obj,4.3
FMA68594,FJ6561,BP29712,Mediobasal part of right posterior basal segmental bronchial tree,muscle,name,352,662,internal_meshes/muscle/FJ6561_BP29712_FMA68594_Mediobasal part of right posterior basal segmental bronchial tree.obj,4.3
FMA68591,FJ6562,BP29717,Laterobasal part of right posterior basal segmental bronchial tree,muscle,name,349,590,internal_meshes/muscle/FJ6562_BP29717_FMA68591_Laterobasal part of right posterior basal segmental bronchial tree.obj,4.3
FMA68591,FJ6563,BP29717,Laterobasal part of right posterior basal segmental bronchial tree,muscle,name,487,846,internal_meshes/muscle/FJ6563_BP29717_FMA68591_Laterobasal part of right posterior basal segmental bronchial tree.obj,4.3
FMA68591,FJ6564,BP29717,Laterobasal part of right posterior basal segmental bronchial tree,muscle,name,171,250,internal_meshes/muscle/FJ6564_BP29717_FMA68591_Laterobasal part of right posterior basal segmental bronchial tree.obj,4.3
FMA68591,FJ6565,BP29717,Laterobasal part of right posterior basal segmental bronchial tree,muscle,name,101,170,internal_meshes/muscle/FJ6565_BP29717_FMA68591_Laterobasal part of right posterior basal segmental bronchial tree.obj,4.3
FMA68591,FJ6566,BP29717,Laterobasal part of right posterior basal segmental bronchial tree,muscle,name,838,1448,internal_meshes/muscle/FJ6566_BP29717_FMA68591_Laterobasal part of right posterior basal segmental bronchial tree.obj,4.3
FMA68591,FJ6567,BP29717,Laterobasal part of right posterior basal segmental bronchial tree,muscle,name,377,618,internal_meshes/muscle/FJ6567_BP29717_FMA68591_Laterobasal part of right posterior basal segmental bronchial tree.obj,4.3
FMA68213,FJ6568,BP23453,Right posterior segmental bronchial tree,organ,name,282,478,internal_meshes/organ/FJ6568_BP23453_FMA68213_Right posterior segmental bronchial tree.obj,4.3
FMA68213,FJ6569,BP23453,Right posterior segmental bronchial tree,organ,name,976,1918,internal_meshes/organ/FJ6569_BP23453_FMA68213_Right posterior segmental bronchial tree.obj,4.3
FMA68213,FJ6570,BP23453,Right posterior segmental bronchial tree,organ,name,243,456,internal_meshes/organ/FJ6570_BP23453_FMA68213_Right posterior segmental bronchial tree.obj,4.3
FMA68213,FJ6571,BP23453,Right posterior segmental bronchial tree,organ,name,117,212,internal_meshes/organ/FJ6571_BP23453_FMA68213_Right posterior segmental bronchial tree.obj,4.3
FMA68213,FJ6572,BP23453,Right posterior segmental bronchial tree,organ,name,122,224,internal_meshes/organ/FJ6572_BP23453_FMA68213_Right posterior segmental bronchial tree.obj,4.3
FMA68213,FJ6573,BP23453,Right posterior segmental bronchial tree,organ,name,96,156,internal_meshes/organ/FJ6573_BP23453_FMA68213_Right posterior segmental bronchial tree.obj,4.3
FMA68216,FJ6574,BP23999,Right superior segmental bronchial tree,organ,name,322,516,internal_meshes/organ/FJ6574_BP23999_FMA68216_Right superior segmental bronchial tree.obj,4.3
FMA68216,FJ6575,BP23999,Right superior segmental bronchial tree,organ,name,1483,2752,internal_meshes/organ/FJ6575_BP23999_FMA68216_Right superior segmental bronchial tree.obj,4.3
FMA68216,FJ6576,BP23999,Right superior segmental bronchial tree,organ,name,520,866,internal_meshes/organ/FJ6576_BP23999_FMA68216_Right superior segmental bronchial tree.obj,4.3
FMA68216,FJ6577,BP23999,Right superior segmental bronchial tree,organ,name,206,294,internal_meshes/organ/FJ6577_BP23999_FMA68216_Right superior segmental bronchial tree.obj,4.3
FMA68216,FJ6578,BP23999,Right superior segmental bronchial tree,organ,name,403,660,internal_meshes/organ/FJ6578_BP23999_FMA68216_Right superior segmental bronchial tree.obj,4.3
FMA68216,FJ6579,BP23999,Right superior segmental bronchial tree,organ,name,175,266,internal_meshes/organ/FJ6579_BP23999_FMA68216_Right superior segmental bronchial tree.obj,4.3
FMA68216,FJ6580,BP23999,Right superior segmental bronchial tree,organ,name,828,1456,internal_meshes/organ/FJ6580_BP23999_FMA68216_Right superior segmental bronchial tree.obj,4.3
FMA68216,FJ6581,BP23999,Right superior segmental bronchial tree,organ,name,322,554,internal_meshes/organ/FJ6581_BP23999_FMA68216_Right superior segmental bronchial tree.obj,4.3
FMA68216,FJ6582,BP23999,Right superior segmental bronchial tree,organ,name,151,282,internal_meshes/organ/FJ6582_BP23999_FMA68216_Right superior segmental bronchial tree.obj,4.3
FMA7395,FJ6583,BP29545,Right main bronchus,organ,name,2592,4468,internal_meshes/organ/FJ6583_BP29545_FMA7395_Right main bronchus.obj,4.3
FMA68226,FJ6584,BP23363,Superior lingular bronchial tree,organ,name,223,368,internal_meshes/organ/FJ6584_BP23363_FMA68226_Superior lingular bronchial tree.obj,4.3
FMA68226,FJ6585,BP23363,Superior lingular bronchial tree,organ,name,108,136,internal_meshes/organ/FJ6585_BP23363_FMA68226_Superior lingular bronchial tree.obj,4.3
FMA68226,FJ6586,BP23363,Superior lingular bronchial tree,organ,name,88,74,internal_meshes/organ/FJ6586_BP23363_FMA68226_Superior lingular bronchial tree.obj,4.3
FMA68226,FJ6587,BP23363,Superior lingular bronchial tree,organ,name,88,88,internal_meshes/organ/FJ6587_BP23363_FMA68226_Superior lingular bronchial tree.obj,4.3
FMA7394,FJ6588,BP21463,Trachea,organ,name,2599,4996,internal_meshes/organ/FJ6588_BP21463_FMA7394_Trachea.obj,4.3
FMA27368,FJ6595,BP29727,Parenchyma of apicoposterior bronchopulmonary segment,organ,name,3145,5166,internal_meshes/organ/FJ6595_BP29727_FMA27368_Parenchyma of apicoposterior bronchopulmonary segment.obj,4.3
FMA27394,FJ6596,BP29748,Parenchyma of left posterior basal bronchopulmonary segment,organ,name,5523,8202,internal_meshes/organ/FJ6596_BP29748_FMA27394_Parenchyma of left posterior basal bronchopulmonary segment.obj,4.3
FMA27368,FJ6597,BP29727,Parenchyma of apicoposterior bronchopulmonary segment,organ,name,3923,5126,internal_meshes/organ/FJ6597_BP29727_FMA27368_Parenchyma of apicoposterior bronchopulmonary segment.obj,4.3
FMA27374,FJ6598,BP29733,Parenchyma of left anterior bronchopulmonary segment,organ,name,6309,8200,internal_meshes/organ/FJ6598_BP29733_FMA27374_Parenchyma of left anterior bronchopulmonary segment.obj,4.3
FMA27375,FJ6599,BP29752,Parenchyma of superior lingular bronchopulmonary segment,organ,name,5632,7566,internal_meshes/organ/FJ6599_BP29752_FMA27375_Parenchyma of superior lingular bronchopulmonary segment.obj,4.3
FMA27376,FJ6600,BP29730,Parenchyma of inferior lingular bronchopulmonary segment,organ,name,4812,5824,internal_meshes/organ/FJ6600_BP29730_FMA27376_Parenchyma of inferior lingular bronchopulmonary segment.obj,4.3
FMA27386,FJ6601,BP29750,Parenchyma of left superior bronchopulmonary segment,organ,name,4909,6168,internal_meshes/organ/FJ6601_BP29750_FMA27386_Parenchyma of left superior bronchopulmonary segment.obj,4.3
FMA27392,FJ6602,BP29736,Parenchyma of left anterior basal bronchopulmonary segment,organ,name,8092,11148,internal_meshes/organ/FJ6602_BP29736_FMA27392_Parenchyma of left anterior basal bronchopulmonary segment.obj,4.3
FMA27390,FJ6603,BP29740,Parenchyma of left lateral basal bronchopulmonary segment,organ,name,5157,7690,internal_meshes/organ/FJ6603_BP29740_FMA27390_Parenchyma of left lateral basal bronchopulmonary segment.obj,4.3
FMA27369,FJ6604,BP29747,Parenchyma of right apical bronchopulmonary segment,organ,name,5325,7396,internal_meshes/organ/FJ6604_BP29747_FMA27369_Parenchyma of right apical bronchopulmonary segment.obj,4.3
FMA27393,FJ6605,BP29757,Parenchyma of right posterior basal bronchopulmonary segment,organ,name,4247,6322,internal_meshes/organ/FJ6605_BP29757_FMA27393_Parenchyma of right posterior basal bronchopulmonary segment.obj,4.3
FMA27371,FJ6606,BP29759,Parenchyma of right posterior bronchopulmonary segment,organ,name,6672,7300,internal_meshes/organ/FJ6606_BP29759_FMA27371_Parenchyma of right posterior bronchopulmonary segment.obj,4.3
FMA27373,FJ6607,BP29754,Parenchyma of right anterior bronchopulmonary segment,organ,name,7244,9526,internal_meshes/organ/FJ6607_BP29754_FMA27373_Parenchyma of right anterior bronchopulmonary segment.obj,4.3
FMA27452,FJ6608,BP29731,Parenchyma of lateral bronchopulmonary segment,organ,name,6601,7734,internal_meshes/organ/FJ6608_BP29731_FMA27452_Parenchyma of lateral bronchopulmonary segment.obj,4.3
FMA27448,FJ6609,BP29735,Parenchyma of medial bronchopulmonary segment,organ,name,5144,7784,internal_meshes/organ/FJ6609_BP29735_FMA27448_Parenchyma of medial bronchopulmonary segment.obj,4.3
FMA27385,FJ6610,BP29745,Parenchyma of right superior bronchopulmonary segment,organ,name,5590,6602,internal_meshes/organ/FJ6610_BP29745_FMA27385_Parenchyma of right superior bronchopulmonary segment.obj,4.3
FMA27391,FJ6611,BP29753,Parenchyma of right anterior basal bronchopulmonary segment,organ,name,6494,9116,internal_meshes/organ/FJ6611_BP29753_FMA27391_Parenchyma of right anterior basal bronchopulmonary segment.obj,4.3
FMA27389,FJ6612,BP29741,Parenchyma of right lateral basal bronchopulmonary segment,organ,name,6674,9506,internal_meshes/organ/FJ6612_BP29741_FMA27389_Parenchyma of right lateral basal bronchopulmonary segment.obj,4.3
FMA59513,FJ6613,BP23366,Left lateral nasal cartilage,cartilage,name,4909,9094,internal_meshes/cartilage/FJ6613_BP23366_FMA59513_Left lateral nasal cartilage.obj,4.3
FMA59506,FJ6614,BP23944,Left major alar cartilage,cartilage,name,248,430,internal_meshes/cartilage/FJ6614_BP23944_FMA59506_Left major alar cartilage.obj,4.3
FMA59512,FJ6615,BP23348,Right lateral nasal cartilage,cartilage,name,5120,9516,internal_meshes/cartilage/FJ6615_BP23348_FMA59512_Right lateral nasal cartilage.obj,4.3
FMA59505,FJ6616,BP23263,Right major alar cartilage,cartilage,name,239,388,internal_meshes/cartilage/FJ6616_BP23263_FMA59505_Right major alar cartilage.obj,4.3
FMA59503,FJ6617,BP23119,Septal nasal cartilage,cartilage,name,2992,3602,internal_meshes/cartilage/FJ6617_BP23119_FMA59503_Septal nasal cartilage.obj,4.3
FMA21965,FJ7211,BP29441,Left inguinal ligament,ligament_tendon,name,3348,5932,internal_meshes/ligament_tendon/FJ7211_BP29441_FMA21965_Left inguinal ligament.obj,4.3
FMA57086,FJ7248,BP29773,Left stylomandibular ligament,ligament_tendon,name,753,1216,internal_meshes/ligament_tendon/FJ7248_BP29773_FMA57086_Left stylomandibular ligament.obj,4.3
FMA21964,FJ7307,BP29444,Right inguinal ligament,ligament_tendon,name,3324,5932,internal_meshes/ligament_tendon/FJ7307_BP29444_FMA21964_Right inguinal ligament.obj,4.3
FMA57084,FJ7347,BP29772,Right stylomandibular ligament,ligament_tendon,name,761,1252,internal_meshes/ligament_tendon/FJ7347_BP29772_FMA57084_Right stylomandibular ligament.obj,4.3
FMA74803,FJ7443,BP29565,Skin of umbilicus,skin,name,115,226,internal_meshes/skin/FJ7443_BP29565_FMA74803_Skin of umbilicus.obj,4.3
FMA83967,FJ7445,BP29620,Falx cerebri,brain,name,14183,24984,internal_meshes/brain/FJ7445_BP29620_FMA83967_Falx cerebri.obj,4.3
FMA266041,FJ7446,BP29614,Right half of tentorium cerebelli,brain,name,17179,24420,internal_meshes/brain/FJ7446_BP29614_FMA266041_Right half of tentorium cerebelli.obj,4.3
FMA72673,FJ7462M,BP29930,Right precuneus,brain,name,4964,8632,internal_meshes/brain/FJ7462M_BP29930_FMA72673_Right precuneus.obj,4.3
FMA72674,FJ7462,BP29926,Left precuneus,brain,name,5006,8632,internal_meshes/brain/FJ7462_BP29926_FMA72674_Left precuneus.obj,4.3
FMA72671,FJ7463M,BP22214,Right superior parietal lobule,brain,manual,7044,11632,internal_meshes/brain/FJ7463M_BP22214_FMA72671_Right superior parietal lobule.obj,4.3
FMA72672,FJ7463,BP22159,Left superior parietal lobule,brain,manual,7090,11632,internal_meshes/brain/FJ7463_BP22159_FMA72672_Left superior parietal lobule.obj,4.3
FMA256198,FJ7465M,BP29916,Right anterior orbital gyrus,brain,name,5765,10090,internal_meshes/brain/FJ7465M_BP29916_FMA256198_Right anterior orbital gyrus.obj,4.3
FMA256200,FJ7465,BP29911,Left anterior orbital gyrus,brain,name,5776,10090,internal_meshes/brain/FJ7465_BP29911_FMA256200_Left anterior orbital gyrus.obj,4.3
FMA72756,FJ7466M,BP29920,Right lateral orbital gyrus,brain,name,4878,8840,internal_meshes/brain/FJ7466M_BP29920_FMA72756_Right lateral orbital gyrus.obj,4.3
FMA72757,FJ7466,BP29925,Left lateral orbital gyrus,brain,name,4898,8840,internal_meshes/brain/FJ7466_BP29925_FMA72757_Left lateral orbital gyrus.obj,4.3
FMA72758,FJ7467M,BP29929,Right medial orbital gyrus,brain,name,5422,9508,internal_meshes/brain/FJ7467M_BP29929_FMA72758_Right medial orbital gyrus.obj,4.3
FMA72759,FJ7467,BP29924,Left medial orbital gyrus,brain,name,5438,9508,internal_meshes/brain/FJ7467_BP29924_FMA72759_Left medial orbital gyrus.obj,4.3
FMA80187,FJ7468M,BP29918,Right posterior orbital gyrus,brain,name,4973,8566,internal_meshes/brain/FJ7468M_BP29918_FMA80187_Right posterior orbital gyrus.obj,4.3
FMA80188,FJ7468,BP29931,Left posterior orbital gyrus,brain,name,4998,8566,internal_meshes/brain/FJ7468_BP29931_FMA80188_Left posterior orbital gyrus.obj,4.3
FMA72659,FJ7469M,BP29910,Right straight gyrus,brain,name,7305,12802,internal_meshes/brain/FJ7469M_BP29910_FMA72659_Right straight gyrus.obj,4.3
FMA72660,FJ7469,BP29922,Left straight gyrus,brain,name,7351,12802,internal_meshes/brain/FJ7469_BP29922_FMA72660_Left straight gyrus.obj,4.3
FMA72717,FJ7470M,BP23974,Right cingulate gyrus,brain,name,20654,40600,internal_meshes/brain/FJ7470M_BP23974_FMA72717_Right cingulate gyrus.obj,4.3
FMA72718,FJ7470,BP20829,Left cingulate gyrus,brain,name,20712,40600,internal_meshes/brain/FJ7470_BP20829_FMA72718_Left cingulate gyrus.obj,4.3
FMA72679,FJ7471M,BP29915,Right cuneus,brain,name,7321,13372,internal_meshes/brain/FJ7471M_BP29915_FMA72679_Right cuneus.obj,4.3
FMA72680,FJ7471,BP29919,Left cuneus,brain,name,7351,13372,internal_meshes/brain/FJ7471_BP29919_FMA72680_Left cuneus.obj,4.3
FMA72689,FJ7472M,BP24018,Right fusiform gyrus,brain,name,15147,26110,internal_meshes/brain/FJ7472M_BP24018_FMA72689_Right fusiform gyrus.obj,4.3
FMA72690,FJ7472,BP20995,Left fusiform gyrus,brain,name,15199,26110,internal_meshes/brain/FJ7472_BP20995_FMA72690_Left fusiform gyrus.obj,4.3
FMA72687,FJ7473M,BP22176,Right inferior temporal gyrus,brain,name,16191,30002,internal_meshes/brain/FJ7473M_BP22176_FMA72687_Right inferior temporal gyrus.obj,4.3
FMA72688,FJ7473,BP22696,Left inferior temporal gyrus,brain,name,16295,30002,internal_meshes/brain/FJ7473_BP22696_FMA72688_Left inferior temporal gyrus.obj,4.3
FMA72677,FJ7474M,BP29928,Right lateral occipital gyrus,brain,name,10709,18146,internal_meshes/brain/FJ7474M_BP29928_FMA72677_Right lateral occipital gyrus.obj,4.3
FMA72678,FJ7474,BP29927,Left lateral occipital gyrus,brain,name,10818,18146,internal_meshes/brain/FJ7474_BP29927_FMA72678_Left lateral occipital gyrus.obj,4.3
FMA72681,FJ7475M,BP29912,Right lingual gyrus,brain,name,5515,9370,internal_meshes/brain/FJ7475M_BP29912_FMA72681_Right lingual gyrus.obj,4.3
FMA72682,FJ7475,BP29917,Left lingual gyrus,brain,name,5536,9370,internal_meshes/brain/FJ7475_BP29917_FMA72682_Left lingual gyrus.obj,4.3
FMA72705,FJ7476M,BP22184,Right parahippocampal gyrus,brain,name,4661,8324,internal_meshes/brain/FJ7476M_BP22184_FMA72705_Right parahippocampal gyrus.obj,4.3
FMA72706,FJ7476,BP22707,Left parahippocampal gyrus,brain,name,4675,8324,internal_meshes/brain/FJ7476_BP22707_FMA72706_Left parahippocampal gyrus.obj,4.3
FMA72675,FJ7478M,BP29921,Right superior occipital gyrus,brain,name,7331,12714,internal_meshes/brain/FJ7478M_BP29921_FMA72675_Right superior occipital gyrus.obj,4.3
FMA72676,FJ7478,BP29923,Left superior occipital gyrus,brain,name,7365,12714,internal_meshes/brain/FJ7478_BP29923_FMA72676_Left superior occipital gyrus.obj,4.3
FMA72683,FJ7479M,BP29913,Right superior temporal gyrus,brain,name,7108,13278,internal_meshes/brain/FJ7479M_BP29913_FMA72683_Right superior temporal gyrus.obj,4.3
FMA72684,FJ7479,BP29914,Left superior temporal gyrus,brain,name,7115,13278,internal_meshes/brain/FJ7479_BP29914_FMA72684_Left superior temporal gyrus.obj,4.3
FMA73540,FJ7481M,BP29933,Left substantia nigra,brain,name,5955,11828,internal_meshes/brain/FJ7481M_BP29933_FMA73540_Left substantia nigra.obj,4.3
FMA73539,FJ7481,BP29932,Right substantia nigra,brain,name,5957,11828,internal_meshes/brain/FJ7481_BP29932_FMA73539_Right substantia nigra.obj,4.3
FMA73368,FJ7482M,BP29878,Left subthalamic nucleus,brain,name,1464,2920,internal_meshes/brain/FJ7482M_BP29878_FMA73368_Left subthalamic nucleus.obj,4.3
FMA73367,FJ7482,BP29871,Right subthalamic nucleus,brain,name,1462,2920,internal_meshes/brain/FJ7482_BP29871_FMA73367_Right subthalamic nucleus.obj,4.3
FMA73333,FJ7483M,BP29865,Right anterior nucleus of hypothalamus,brain,name,6316,12600,internal_meshes/brain/FJ7483M_BP29865_FMA73333_Right anterior nucleus of hypothalamus.obj,4.3
FMA73334,FJ7483,BP29855,Left anterior nucleus of hypothalamus,brain,name,6316,12600,internal_meshes/brain/FJ7483_BP29855_FMA73334_Left anterior nucleus of hypothalamus.obj,4.3
FMA73333,FJ7484M,BP29865,Right anterior nucleus of hypothalamus,brain,name,1262,2464,internal_meshes/brain/FJ7484M_BP29865_FMA73333_Right anterior nucleus of hypothalamus.obj,4.3
FMA73334,FJ7484,BP29855,Left anterior nucleus of hypothalamus,brain,name,1260,2464,internal_meshes/brain/FJ7484_BP29855_FMA73334_Left anterior nucleus of hypothalamus.obj,4.3
FMA74877,FJ7485M,BP23808,Mammillary body,brain,name,104,204,internal_meshes/brain/FJ7485M_BP23808_FMA74877_Mammillary body.obj,4.3
FMA74877,FJ7485,BP23808,Mammillary body,brain,name,104,204,internal_meshes/brain/FJ7485_BP23808_FMA74877_Mammillary body.obj,4.3
FMA73389,FJ7486M,BP29856,Right mammillothalamic tract of hypothalamus,brain,name,359,596,internal_meshes/brain/FJ7486M_BP29856_FMA73389_Right mammillothalamic tract of hypothalamus.obj,4.3
FMA73390,FJ7486,BP29881,Left mammillothalamic tract of hypothalamus,brain,name,359,596,internal_meshes/brain/FJ7486_BP29881_FMA73390_Left mammillothalamic tract of hypothalamus.obj,4.3
FMA73491,FJ7487M,BP29879,Right red nucleus,brain,name,385,762,internal_meshes/brain/FJ7487M_BP29879_FMA73491_Right red nucleus.obj,4.3
FMA73492,FJ7487,BP29876,Left red nucleus,brain,name,384,762,internal_meshes/brain/FJ7487_BP29876_FMA73492_Left red nucleus.obj,4.3
FMA73337,FJ7488M,BP29873,Right arcuate nucleus of hypothalamus,brain,name,458,912,internal_meshes/brain/FJ7488M_BP29873_FMA73337_Right arcuate nucleus of hypothalamus.obj,4.3
FMA73338,FJ7488,BP29859,Left arcuate nucleus of hypothalamus,brain,name,458,912,internal_meshes/brain/FJ7488_BP29859_FMA73338_Left arcuate nucleus of hypothalamus.obj,4.3
FMA73335,FJ7489M,BP29869,Right paraventricular nucleus of hypothalamus,brain,name,600,1186,internal_meshes/brain/FJ7489M_BP29869_FMA73335_Right paraventricular nucleus of hypothalamus.obj,4.3
FMA73336,FJ7489,BP29868,Left paraventricular nucleus of hypothalamus,brain,name,599,1186,internal_meshes/brain/FJ7489_BP29868_FMA73336_Left paraventricular nucleus of hypothalamus.obj,4.3
FMA73341,FJ7490M,BP29866,Right ventromedial nucleus of hypothalamus,brain,name,595,1186,internal_meshes/brain/FJ7490M_BP29866_FMA73341_Right ventromedial nucleus of hypothalamus.obj,4.3
FMA73342,FJ7490,BP29880,Left ventromedial nucleus of hypothalamus,brain,name,595,1186,internal_meshes/brain/FJ7490_BP29880_FMA73342_Left ventromedial nucleus of hypothalamus.obj,4.3
FMA73359,FJ7491M,BP29875,Right lateral hypothalamic nucleus,brain,name,692,1368,internal_meshes/brain/FJ7491M_BP29875_FMA73359_Right lateral hypothalamic nucleus.obj,4.3
FMA73360,FJ7491,BP29863,Left lateral hypothalamic nucleus,brain,name,693,1368,internal_meshes/brain/FJ7491_BP29863_FMA73360_Left lateral hypothalamic nucleus.obj,4.3
FMA73327,FJ7492M,BP29890,Right lateral preoptic nucleus,nerve,name,732,1460,internal_meshes/nerve/FJ7492M_BP29890_FMA73327_Right lateral preoptic nucleus.obj,4.3
FMA73328,FJ7492,BP29889,Left lateral preoptic nucleus,nerve,name,732,1460,internal_meshes/nerve/FJ7492_BP29889_FMA73328_Left lateral preoptic nucleus.obj,4.3
FMA73329,FJ7493M,BP29854,Right suprachiasmatic nucleus,nerve,name,732,1460,internal_meshes/nerve/FJ7493M_BP29854_FMA73329_Right suprachiasmatic nucleus.obj,4.3
FMA73330,FJ7493,BP29870,Left suprachiasmatic nucleus,nerve,name,732,1460,internal_meshes/nerve/FJ7493_BP29870_FMA73330_Left suprachiasmatic nucleus.obj,4.3
FMA73331,FJ7494M,BP29862,Right supraoptic nucleus,nerve,name,882,1734,internal_meshes/nerve/FJ7494M_BP29862_FMA73331_Right supraoptic nucleus.obj,4.3
FMA73332,FJ7494,BP29883,Left supraoptic nucleus,nerve,name,876,1734,internal_meshes/nerve/FJ7494_BP29883_FMA73332_Left supraoptic nucleus.obj,4.3
FMA73325,FJ7495M,BP29895,Right medial preoptic nucleus,nerve,name,869,1734,internal_meshes/nerve/FJ7495M_BP29895_FMA73325_Right medial preoptic nucleus.obj,4.3
FMA73326,FJ7495,BP29884,Left medial preoptic nucleus,nerve,name,869,1734,internal_meshes/nerve/FJ7495_BP29884_FMA73326_Left medial preoptic nucleus.obj,4.3
FMA73353,FJ7496M,BP29857,Right posterior nucleus of hypothalamus,brain,name,931,1826,internal_meshes/brain/FJ7496M_BP29857_FMA73353_Right posterior nucleus of hypothalamus.obj,4.3
FMA73354,FJ7496,BP29864,Left posterior nucleus of hypothalamus,brain,name,927,1826,internal_meshes/brain/FJ7496_BP29864_FMA73354_Left posterior nucleus of hypothalamus.obj,4.3
FMA73339,FJ7497M,BP29853,Right dorsomedial nucleus of hypothalamus,brain,name,1058,2100,internal_meshes/brain/FJ7497M_BP29853_FMA73339_Right dorsomedial nucleus of hypothalamus.obj,4.3
FMA73340,FJ7497,BP29877,Left dorsomedial nucleus of hypothalamus,brain,name,1058,2100,internal_meshes/brain/FJ7497_BP29877_FMA73340_Left dorsomedial nucleus of hypothalamus.obj,4.3
FMA72924,FJ7498M,BP24080,Right fornix of forebrain,brain,name,2537,4782,internal_meshes/brain/FJ7498M_BP24080_FMA72924_Right fornix of forebrain.obj,4.3
FMA72925,FJ7498,BP23782,Left fornix of forebrain,brain,name,2545,4782,internal_meshes/brain/FJ7498_BP23782_FMA72925_Left fornix of forebrain.obj,4.3
FMA84354,FJ7499M,BP29908,Periventricular nucleus,nerve,name,1306,1882,internal_meshes/nerve/FJ7499M_BP29908_FMA84354_Periventricular nucleus.obj,4.3
FMA84354,FJ7499,BP29908,Periventricular nucleus,nerve,name,1309,1882,internal_meshes/nerve/FJ7499_BP29908_FMA84354_Periventricular nucleus.obj,4.3
FMA72681,FJ7500M,BP29912,Right lingual gyrus,brain,name,1924,3366,internal_meshes/brain/FJ7500M_BP29912_FMA72681_Right lingual gyrus.obj,4.3
FMA72682,FJ7500,BP29917,Left lingual gyrus,brain,name,1927,3366,internal_meshes/brain/FJ7500_BP29917_FMA72682_Left lingual gyrus.obj,4.3
FMA50878,FJ7501M,BP23214,Left optic nerve,nerve,name,907,1506,internal_meshes/nerve/FJ7501M_BP23214_FMA50878_Left optic nerve.obj,4.3
FMA50875,FJ7501,BP23301,Right optic nerve,nerve,name,903,1506,internal_meshes/nerve/FJ7501_BP23301_FMA50875_Right optic nerve.obj,4.3
FMA67936,FJ7502M,BP23128,Left optic tract,brain,name,517,912,internal_meshes/brain/FJ7502M_BP23128_FMA67936_Left optic tract.obj,4.3
FMA62382,FJ7502,BP23107,Right optic tract,brain,name,516,912,internal_meshes/brain/FJ7502_BP23107_FMA62382_Right optic tract.obj,4.3
FMA62045,FJ7503M,BP22996,Optic chiasm,brain,name,755,1464,internal_meshes/brain/FJ7503M_BP22996_FMA62045_Optic chiasm.obj,4.3
FMA62045,FJ7503,BP22996,Optic chiasm,brain,name,754,1464,internal_meshes/brain/FJ7503_BP22996_FMA62045_Optic chiasm.obj,4.3
FMA242160,FJ7504M,BP19691,Right cerebral crus,brain,name,2436,4144,internal_meshes/brain/FJ7504M_BP19691_FMA242160_Right cerebral crus.obj,4.3
FMA242162,FJ7504,BP19692,Left cerebral crus,brain,name,2433,4144,internal_meshes/brain/FJ7504_BP19692_FMA242162_Left cerebral crus.obj,4.3
FMA62045,FJ7505M,BP22996,Optic chiasm,brain,name,1707,3406,internal_meshes/brain/FJ7505M_BP22996_FMA62045_Optic chiasm.obj,4.3
FMA62045,FJ7505,BP22996,Optic chiasm,brain,name,1707,3406,internal_meshes/brain/FJ7505_BP22996_FMA62045_Optic chiasm.obj,4.3
